customer_id,current_ltv,ltv_month_3,ltv_month_6,ltv_month_12,value_at_risk,decay_rate_pct,decay_pattern,urgency,intervention_month,turning_point
0,358.20000000000005,128.16,0.0,0.0,358.2,64.2,🔴 CRITICAL DECAY,Critical,1,1
1,683.4000000000001,655.24,627.09,570.78,112.62,4.1,🟢 STABLE,Low,11,12
2,646.2,335.51,24.81,0.0,646.2,48.1,🟠 RAPID DECLINE,High,1,1
3,507.59999999999997,502.02,496.43,485.27,22.33,1.1,🟢 STABLE,Low,11,12
4,848.4000000000001,133.88,0.0,0.0,848.4,84.2,🔴 CRITICAL DECAY,Critical,1,1
5,1195.8000000000002,75.57,0.0,0.0,1195.8,93.7,🔴 CRITICAL DECAY,Critical,1,1
6,1069.1999999999998,763.41,457.62,0.0,1069.2,28.6,🟡 DECLINING,Medium,5,6
7,357.0,296.45,235.91,114.81,242.19,17.0,🟡 DECLINING,Medium,8,9
8,1257.6,286.23,0.0,0.0,1257.6,77.2,🔴 CRITICAL DECAY,Critical,1,1
9,673.8,667.26,660.73,647.66,26.14,1.0,🟢 STABLE,Low,11,12
10,599.4000000000001,551.15,502.9,406.39,193.01,8.0,🟢 STABLE,Low,11,12
11,227.39999999999998,226.56,225.72,224.03,3.37,0.4,🟢 STABLE,Low,11,12
12,1204.1999999999998,867.39,530.57,0.0,1204.2,28.0,🟡 DECLINING,Medium,5,6
13,1244.4,497.88,0.0,0.0,1244.4,60.0,🟠 RAPID DECLINE,High,1,1
14,1266.0,416.39,0.0,0.0,1266.0,67.1,🔴 CRITICAL DECAY,Critical,1,1
15,1359.0,1351.66,1344.32,1329.65,29.35,0.5,🟢 STABLE,Low,11,12
16,247.79999999999998,240.71,233.63,219.45,28.35,2.9,🟢 STABLE,Low,11,12
17,1280.4,1263.5,1246.6,1212.79,67.61,1.3,🟢 STABLE,Low,11,12
18,662.4000000000001,538.53,414.66,166.92,495.48,18.7,🟡 DECLINING,Medium,8,9
19,1080.6,377.24,0.0,0.0,1080.6,65.1,🔴 CRITICAL DECAY,Critical,1,2
20,475.79999999999995,45.25,0.0,0.0,475.8,90.5,🔴 CRITICAL DECAY,Critical,1,1
21,237.60000000000002,228.0,218.4,199.2,38.4,4.0,🟢 STABLE,Low,11,12
22,241.79999999999998,143.07,44.35,0.0,241.8,40.8,🟠 RAPID DECLINE,High,1,1
23,718.8,711.47,704.14,689.47,29.33,1.0,🟢 STABLE,Low,11,12
24,715.2,652.33,589.47,463.74,251.46,8.8,🟢 STABLE,Low,11,12
25,663.5999999999999,602.81,542.03,420.46,243.14,9.2,🟢 STABLE,Low,11,12
26,1192.1999999999998,532.91,0.0,0.0,1192.2,55.3,🟠 RAPID DECLINE,High,1,1
27,362.4,205.59,48.78,0.0,362.4,43.3,🟠 RAPID DECLINE,High,1,1
28,1083.0,1080.94,1078.88,1074.77,8.23,0.2,🟢 STABLE,Low,11,12
29,776.4000000000001,701.32,626.24,476.09,300.31,9.7,🟢 STABLE,Low,11,12
30,1156.1999999999998,1146.83,1137.47,1118.74,37.46,0.8,🟢 STABLE,Low,11,12
31,1146.0,531.4,0.0,0.0,1146.0,53.6,🟠 RAPID DECLINE,High,1,1
32,793.8000000000001,747.68,701.56,609.32,184.48,5.8,🟢 STABLE,Low,11,12
33,242.39999999999998,184.32,126.24,10.08,232.32,24.0,🟡 DECLINING,Medium,6,7
34,543.0,287.68,32.36,0.0,543.0,47.0,🟠 RAPID DECLINE,High,1,2
35,1198.8000000000002,1195.8,1192.81,1186.81,11.99,0.3,🟢 STABLE,Low,11,12
36,836.4000000000001,164.02,0.0,0.0,836.4,80.4,🔴 CRITICAL DECAY,Critical,1,1
37,897.5999999999999,690.07,482.55,67.5,830.1,23.1,🟡 DECLINING,Medium,6,7
38,1276.1999999999998,313.56,0.0,0.0,1276.2,75.4,🔴 CRITICAL DECAY,Critical,1,1
39,1174.1999999999998,100.04,0.0,0.0,1174.2,91.5,🔴 CRITICAL DECAY,Critical,1,1
40,594.5999999999999,546.38,498.16,401.71,192.89,8.1,🟢 STABLE,Low,11,12
41,830.4000000000001,826.58,822.76,815.12,15.28,0.5,🟢 STABLE,Low,11,12
42,249.0,234.38,219.77,190.53,58.47,5.9,🟢 STABLE,Low,11,12
43,958.1999999999999,951.97,945.74,933.29,24.91,0.7,🟢 STABLE,Low,11,12
44,914.4000000000001,635.51,356.62,0.0,914.4,30.5,🟡 DECLINING,Medium,4,5
45,1014.0,445.15,0.0,0.0,1014.0,56.1,🟠 RAPID DECLINE,High,1,1
46,591.0,300.17,9.34,0.0,591.0,49.2,🟠 RAPID DECLINE,High,1,2
47,967.8000000000001,162.69,0.0,0.0,967.8,83.2,🔴 CRITICAL DECAY,Critical,1,1
48,957.0,943.98,930.97,904.94,52.06,1.4,🟢 STABLE,Low,11,12
49,769.8000000000001,763.1,756.41,743.01,26.79,0.9,🟢 STABLE,Low,11,12
50,1083.0,504.79,0.0,0.0,1083.0,53.4,🟠 RAPID DECLINE,High,2,3
51,1189.1999999999998,256.63,0.0,0.0,1189.2,78.4,🔴 CRITICAL DECAY,Critical,1,1
52,834.0,735.59,637.18,440.35,393.65,11.8,🟢 STABLE,Low,11,12
53,967.8000000000001,103.94,0.0,0.0,967.8,89.3,🔴 CRITICAL DECAY,Critical,1,1
54,898.1999999999999,871.97,845.75,793.29,104.91,2.9,🟢 STABLE,Low,11,12
55,1145.4,207.78,0.0,0.0,1145.4,81.9,🔴 CRITICAL DECAY,Critical,1,1
56,1195.8000000000002,943.13,690.45,185.11,1010.69,21.1,🟡 DECLINING,Medium,7,8
57,1301.4,1181.8,1062.2,823.01,478.39,9.2,🟢 STABLE,Low,11,12
58,299.4,294.79,290.18,280.96,18.44,1.5,🟢 STABLE,Low,11,12
59,1290.0,1230.79,1171.58,1053.16,236.84,4.6,🟢 STABLE,Low,11,12
60,1206.0,417.76,0.0,0.0,1206.0,65.4,🔴 CRITICAL DECAY,Critical,1,1
61,1078.8000000000002,859.05,639.3,199.79,879.01,20.4,🟡 DECLINING,Medium,7,8
62,505.20000000000005,500.75,496.31,487.42,17.78,0.9,🟢 STABLE,Low,11,12
63,652.8,568.78,484.77,316.74,336.06,12.9,🟢 STABLE,Low,11,12
64,1132.8000000000002,143.87,0.0,0.0,1132.8,87.3,🔴 CRITICAL DECAY,Critical,1,1
65,903.5999999999999,645.62,387.64,0.0,903.6,28.6,🟡 DECLINING,Medium,5,6
66,946.8000000000001,787.36,627.92,309.04,637.76,16.8,🟡 DECLINING,Medium,8,9
67,950.4000000000001,928.64,906.87,863.34,87.06,2.3,🟢 STABLE,Low,11,12
68,241.79999999999998,239.79,237.79,233.77,8.03,0.8,🟢 STABLE,Low,11,12
69,958.1999999999999,645.64,333.07,0.0,958.2,32.6,🟡 DECLINING,Medium,4,5
70,588.5999999999999,277.47,0.0,0.0,588.6,52.9,🟠 RAPID DECLINE,High,2,3
71,244.79999999999998,235.08,225.36,205.93,38.87,4.0,🟢 STABLE,Low,11,12
72,1339.1999999999998,1300.76,1262.33,1185.46,153.74,2.9,🟢 STABLE,Low,11,12
73,291.0,289.28,287.57,284.13,6.87,0.6,🟢 STABLE,Low,11,12
74,774.0,702.33,630.66,487.31,286.69,9.3,🟢 STABLE,Low,11,12
75,1326.0,1190.35,1054.7,783.4,542.6,10.2,🟢 STABLE,Low,11,12
76,667.8,608.17,548.53,429.26,238.54,8.9,🟢 STABLE,Low,11,12
77,655.8,565.1,474.41,293.01,362.79,13.8,🟢 STABLE,Low,10,11
78,897.0,681.0,465.0,33.01,863.99,24.1,🟡 DECLINING,Medium,6,7
79,310.79999999999995,286.84,262.87,214.95,95.85,7.7,🟢 STABLE,Low,11,12
80,952.1999999999999,111.22,0.0,0.0,952.2,88.3,🔴 CRITICAL DECAY,Critical,1,1
81,606.5999999999999,397.99,189.38,0.0,606.6,34.4,🟡 DECLINING,Medium,4,5
82,901.8000000000001,362.07,0.0,0.0,901.8,59.9,🟠 RAPID DECLINE,High,1,1
83,1245.6,647.46,49.33,0.0,1245.6,48.0,🟠 RAPID DECLINE,High,3,4
84,241.79999999999998,238.58,235.37,228.94,12.86,1.3,🟢 STABLE,Low,11,12
85,1191.6,114.27,0.0,0.0,1191.6,90.4,🔴 CRITICAL DECAY,Critical,1,1
86,745.8,719.62,693.44,641.09,104.71,3.5,🟢 STABLE,Low,11,12
87,247.79999999999998,245.94,244.08,240.37,7.43,0.8,🟢 STABLE,Low,11,12
88,239.39999999999998,236.74,234.09,228.77,10.63,1.1,🟢 STABLE,Low,11,12
89,405.0,274.43,143.86,0.0,405.0,32.2,🟡 DECLINING,Medium,4,5
90,984.5999999999999,923.26,861.92,739.24,245.36,6.2,🟢 STABLE,Low,11,12
91,896.4000000000001,212.27,0.0,0.0,896.4,76.3,🔴 CRITICAL DECAY,Critical,1,2
92,1008.0,1001.75,995.5,983.0,25.0,0.6,🟢 STABLE,Low,11,12
93,1332.6,1154.16,975.73,618.86,713.74,13.4,🟢 STABLE,Low,11,12
94,1210.8000000000002,1197.6,1184.4,1158.01,52.79,1.1,🟢 STABLE,Low,11,12
95,947.4000000000001,306.39,0.0,0.0,947.4,67.7,🔴 CRITICAL DECAY,Critical,1,1
96,802.1999999999999,791.85,781.5,760.81,41.39,1.3,🟢 STABLE,Low,11,12
97,252.60000000000002,158.13,63.66,0.0,252.6,37.4,🟠 RAPID DECLINE,High,4,5
98,252.0,249.43,246.86,241.72,10.28,1.0,🟢 STABLE,Low,11,12
99,1182.0,402.23,0.0,0.0,1182.0,66.0,🔴 CRITICAL DECAY,Critical,1,1
100,242.39999999999998,143.43,44.46,0.0,242.4,40.8,🟠 RAPID DECLINE,High,1,1
101,233.39999999999998,121.39,9.38,0.0,233.4,48.0,🟠 RAPID DECLINE,High,1,1
102,1140.0,1072.28,1004.57,869.14,270.86,5.9,🟢 STABLE,Low,11,12
103,546.5999999999999,538.35,530.09,513.59,33.01,1.5,🟢 STABLE,Low,11,12
104,1320.0,1272.08,1224.17,1128.34,191.66,3.6,🟢 STABLE,Low,1,1
105,291.6,158.86,26.13,0.0,291.6,45.5,🟠 RAPID DECLINE,High,1,2
106,1249.8000000000002,1234.8,1219.8,1189.81,59.99,1.2,🟢 STABLE,Low,11,12
107,361.79999999999995,354.13,346.46,331.12,30.68,2.1,🟢 STABLE,Low,11,12
108,1132.1999999999998,994.64,857.08,581.95,550.25,12.1,🟢 STABLE,Low,11,12
109,232.79999999999998,232.52,232.24,231.68,1.12,0.1,🟢 STABLE,Low,11,12
110,1161.0,693.23,225.47,0.0,1161.0,40.3,🟠 RAPID DECLINE,High,3,4
111,695.4000000000001,672.94,650.48,605.55,89.85,3.2,🟢 STABLE,Low,11,12
112,1099.8000000000002,729.39,358.97,0.0,1099.8,33.7,🟡 DECLINING,Medium,4,5
113,918.0,339.38,0.0,0.0,918.0,63.0,🔴 CRITICAL DECAY,Critical,1,1
114,655.2,644.72,634.23,613.27,41.93,1.6,🟢 STABLE,Low,11,12
115,1078.1999999999998,751.29,424.38,0.0,1078.2,30.3,🟡 DECLINING,Medium,4,5
116,372.6,370.44,368.28,363.96,8.64,0.6,🟢 STABLE,Low,11,12
117,1203.0,192.24,0.0,0.0,1203.0,84.0,🔴 CRITICAL DECAY,Critical,1,1
118,247.79999999999998,245.84,243.88,239.97,7.83,0.8,🟢 STABLE,Low,11,12
119,1022.4000000000001,746.45,470.51,0.0,1022.4,27.0,🟡 DECLINING,Medium,5,6
120,1197.6,969.7,741.79,285.99,911.61,19.0,🟡 DECLINING,Medium,7,8
121,248.39999999999998,147.25,46.1,0.0,248.4,40.7,🟠 RAPID DECLINE,High,3,4
122,892.8000000000001,108.56,0.0,0.0,892.8,87.8,🔴 CRITICAL DECAY,Critical,1,1
123,608.4000000000001,532.78,457.15,305.9,302.5,12.4,🟢 STABLE,Low,11,12
124,250.20000000000002,122.02,0.0,0.0,250.2,51.2,🟠 RAPID DECLINE,High,2,3
125,1067.4,1052.46,1037.51,1007.63,59.77,1.4,🟢 STABLE,Low,11,12
126,936.5999999999999,391.78,0.0,0.0,936.6,58.2,🟠 RAPID DECLINE,High,1,1
127,282.6,281.84,281.07,279.55,3.05,0.3,🟢 STABLE,Low,11,12
128,237.0,138.55,40.1,0.0,237.0,41.5,🟠 RAPID DECLINE,High,1,1
129,677.4000000000001,597.26,517.13,356.85,320.55,11.8,🟢 STABLE,Low,11,12
130,1031.4,149.45,0.0,0.0,1031.4,85.5,🔴 CRITICAL DECAY,Critical,1,1
131,703.2,531.9,360.6,18.0,685.2,24.4,🟡 DECLINING,Medium,1,1
132,606.5999999999999,598.41,590.22,573.84,32.76,1.4,🟢 STABLE,Low,11,12
133,425.40000000000003,45.31,0.0,0.0,425.4,89.3,🔴 CRITICAL DECAY,Critical,1,1
134,532.2,215.12,0.0,0.0,532.2,59.6,🟠 RAPID DECLINE,High,1,1
135,308.4,303.74,299.09,289.77,18.63,1.5,🟢 STABLE,Low,11,12
136,900.0,531.27,162.54,0.0,900.0,41.0,🟠 RAPID DECLINE,High,3,4
137,242.39999999999998,241.02,239.64,236.87,5.53,0.6,🟢 STABLE,Low,11,12
138,235.20000000000002,233.6,232.0,228.8,6.4,0.7,🟢 STABLE,Low,11,12
139,845.4000000000001,77.35,0.0,0.0,845.4,90.9,🔴 CRITICAL DECAY,Critical,1,1
140,1056.6,1054.49,1052.37,1048.15,8.45,0.2,🟢 STABLE,Low,11,12
141,853.8000000000001,643.34,432.88,11.95,841.85,24.6,🟡 DECLINING,Medium,6,7
142,1212.6,1174.04,1135.48,1058.36,154.24,3.2,🟢 STABLE,Low,11,12
143,1011.5999999999999,954.44,897.29,782.98,228.62,5.7,🟢 STABLE,Low,11,12
144,287.4,286.71,286.02,284.64,2.76,0.2,🟢 STABLE,Low,11,12
145,1188.6,1171.72,1154.84,1121.09,67.51,1.4,🟢 STABLE,Low,11,12
146,235.20000000000002,226.0,216.81,198.41,36.79,3.9,🟢 STABLE,Low,11,12
147,547.8,85.4,0.0,0.0,547.8,84.4,🔴 CRITICAL DECAY,Critical,1,1
148,774.0,762.31,750.63,727.25,46.75,1.5,🟢 STABLE,Low,11,12
149,834.0,759.19,684.38,534.76,299.24,9.0,🟢 STABLE,Low,11,12
150,822.5999999999999,602.55,382.51,0.0,822.6,26.8,🟡 DECLINING,Medium,5,6
151,1140.0,251.83,0.0,0.0,1140.0,77.9,🔴 CRITICAL DECAY,Critical,1,1
152,1297.8000000000002,1237.58,1177.36,1056.93,240.87,4.6,🟢 STABLE,Low,11,12
153,1033.1999999999998,1025.86,1018.53,1003.86,29.34,0.7,🟢 STABLE,Low,11,12
154,236.39999999999998,118.96,1.51,0.0,236.4,49.7,🟠 RAPID DECLINE,High,3,4
155,970.8000000000001,411.23,0.0,0.0,970.8,57.6,🟠 RAPID DECLINE,High,1,1
156,1009.8000000000001,445.02,0.0,0.0,1009.8,55.9,🟠 RAPID DECLINE,High,1,1
157,241.79999999999998,234.23,226.66,211.53,30.27,3.1,🟢 STABLE,Low,11,12
158,771.0,765.06,759.13,747.25,23.75,0.8,🟢 STABLE,Low,11,12
159,308.4,305.25,302.11,295.82,12.58,1.0,🟢 STABLE,Low,11,12
160,672.0,587.6,503.19,334.39,337.61,12.6,🟢 STABLE,Low,11,12
161,988.8000000000001,555.11,121.42,0.0,988.8,43.9,🟠 RAPID DECLINE,High,3,4
162,836.4000000000001,131.98,0.0,0.0,836.4,84.2,🔴 CRITICAL DECAY,Critical,1,1
163,886.8000000000001,881.92,877.05,867.29,19.51,0.6,🟢 STABLE,Low,11,12
164,247.20000000000002,232.42,217.63,188.07,59.13,6.0,🟢 STABLE,Low,11,12
165,238.79999999999998,237.41,236.03,233.26,5.54,0.6,🟢 STABLE,Low,11,12
166,850.8000000000001,230.48,0.0,0.0,850.8,72.9,🔴 CRITICAL DECAY,Critical,1,1
167,1068.6,1066.89,1065.18,1061.76,6.84,0.2,🟢 STABLE,Low,11,12
168,543.5999999999999,287.94,32.29,0.0,543.6,47.0,🟠 RAPID DECLINE,High,1,1
169,244.79999999999998,139.9,35.01,0.0,244.8,42.9,🟠 RAPID DECLINE,High,3,4
170,1011.0,972.89,934.77,858.54,152.46,3.8,🟢 STABLE,Low,11,12
171,1252.8000000000002,108.62,0.0,0.0,1252.8,91.3,🔴 CRITICAL DECAY,Critical,1,1
172,983.4000000000001,961.37,939.34,895.29,88.11,2.2,🟢 STABLE,Low,11,12
173,1138.1999999999998,974.98,811.76,485.33,652.87,14.3,🟢 STABLE,Low,10,11
174,246.60000000000002,238.39,230.18,213.75,32.85,3.3,🟢 STABLE,Low,11,12
175,296.4,243.23,190.05,83.7,212.7,17.9,🟡 DECLINING,Medium,8,9
176,893.4000000000001,253.73,0.0,0.0,893.4,71.6,🔴 CRITICAL DECAY,Critical,1,1
177,917.4000000000001,666.22,415.03,0.0,917.4,27.4,🟡 DECLINING,Medium,5,6
178,1264.1999999999998,399.49,0.0,0.0,1264.2,68.4,🔴 CRITICAL DECAY,Critical,1,2
179,246.60000000000002,237.9,229.19,211.78,34.82,3.5,🟢 STABLE,Low,11,12
180,359.4,202.99,46.58,0.0,359.4,43.5,🟠 RAPID DECLINE,High,3,4
181,543.5999999999999,289.9,36.2,0.0,543.6,46.7,🟠 RAPID DECLINE,High,1,2
182,1014.0,338.27,0.0,0.0,1014.0,66.6,🔴 CRITICAL DECAY,Critical,1,1
183,897.0,815.01,733.03,569.06,327.94,9.1,🟢 STABLE,Low,11,12
184,951.0,312.97,0.0,0.0,951.0,67.1,🔴 CRITICAL DECAY,Critical,1,1
185,297.6,102.26,0.0,0.0,297.6,65.6,🔴 CRITICAL DECAY,Critical,1,1
186,621.5999999999999,431.51,241.43,0.0,621.6,30.6,🟡 DECLINING,Medium,4,5
187,364.79999999999995,193.38,21.96,0.0,364.8,47.0,🟠 RAPID DECLINE,High,3,4
188,235.79999999999998,228.7,221.6,207.41,28.39,3.0,🟢 STABLE,Low,11,12
189,679.2,545.47,411.73,144.26,534.94,19.7,🟡 DECLINING,Medium,7,8
190,862.8000000000001,801.63,740.45,618.11,244.69,7.1,🟢 STABLE,Low,11,12
191,1092.0,283.05,0.0,0.0,1092.0,74.1,🔴 CRITICAL DECAY,Critical,1,1
192,237.0,236.19,235.39,233.78,3.22,0.3,🟢 STABLE,Low,11,12
193,1316.4,1313.64,1310.87,1305.34,11.06,0.2,🟢 STABLE,Low,11,12
194,231.60000000000002,230.65,229.7,227.8,3.8,0.4,🟢 STABLE,Low,11,12
195,1158.6,195.11,0.0,0.0,1158.6,83.2,🔴 CRITICAL DECAY,Critical,1,1
196,289.20000000000005,286.37,283.53,277.86,11.34,1.0,🟢 STABLE,Low,11,12
197,1336.1999999999998,684.67,33.14,0.0,1336.2,48.8,🟠 RAPID DECLINE,High,3,4
198,1347.0,1332.99,1318.98,1290.96,56.04,1.0,🟢 STABLE,Low,11,12
199,249.0,185.43,121.86,0.0,249.0,25.5,🟡 DECLINING,Medium,5,6
200,1222.8000000000002,386.16,0.0,0.0,1222.8,68.4,🔴 CRITICAL DECAY,Critical,2,3
201,960.5999999999999,251.58,0.0,0.0,960.6,73.8,🔴 CRITICAL DECAY,Critical,1,1
202,1266.6,1257.99,1249.37,1232.15,34.45,0.7,🟢 STABLE,Low,11,12
203,939.5999999999999,750.74,561.88,184.16,755.44,20.1,🟡 DECLINING,Medium,7,8
204,826.1999999999999,681.78,537.36,248.52,577.68,17.5,🟡 DECLINING,Medium,8,9
205,959.4000000000001,887.54,815.68,671.96,287.44,7.5,🟢 STABLE,Low,11,12
206,665.4000000000001,663.74,662.07,658.75,6.65,0.2,🟢 STABLE,Low,11,12
207,958.8000000000001,105.56,0.0,0.0,958.8,89.0,🔴 CRITICAL DECAY,Critical,1,1
208,1279.1999999999998,231.28,0.0,0.0,1279.2,81.9,🔴 CRITICAL DECAY,Critical,1,1
209,1229.4,895.25,561.1,0.0,1229.4,27.2,🟡 DECLINING,Medium,5,6
210,552.0,297.47,42.95,0.0,552.0,46.1,🟠 RAPID DECLINE,High,1,1
211,303.0,117.2,0.0,0.0,303.0,61.3,🔴 CRITICAL DECAY,Critical,1,1
212,237.0,235.7,234.39,231.79,5.21,0.5,🟢 STABLE,Low,11,12
213,240.0,227.78,215.57,191.14,48.86,5.1,🟢 STABLE,Low,11,12
214,1041.6,422.58,0.0,0.0,1041.6,59.4,🟠 RAPID DECLINE,High,1,2
215,705.0,578.17,451.34,197.68,507.32,18.0,🟡 DECLINING,Medium,8,9
216,543.0,541.1,539.2,535.4,7.6,0.3,🟢 STABLE,Low,11,12
217,679.2,675.46,671.73,664.26,14.94,0.6,🟢 STABLE,Low,11,12
218,1010.4000000000001,1005.15,999.89,989.38,21.02,0.5,🟢 STABLE,Low,11,12
219,960.0,172.51,0.0,0.0,960.0,82.0,🔴 CRITICAL DECAY,Critical,1,1
220,841.8000000000001,133.43,0.0,0.0,841.8,84.1,🔴 CRITICAL DECAY,Critical,1,1
221,297.0,296.05,295.1,293.2,3.8,0.3,🟢 STABLE,Low,11,12
222,242.39999999999998,224.56,206.72,171.04,71.36,7.4,🟢 STABLE,Low,11,12
223,600.5999999999999,426.31,252.01,0.0,600.6,29.0,🟡 DECLINING,Medium,5,6
224,232.20000000000002,221.36,210.51,188.83,43.37,4.7,🟢 STABLE,Low,11,12
225,607.2,546.66,486.12,365.05,242.15,10.0,🟢 STABLE,Low,11,12
226,973.8000000000001,849.93,726.07,478.33,495.47,12.7,🟢 STABLE,Low,11,12
227,662.4000000000001,340.74,19.08,0.0,662.4,48.6,🟠 RAPID DECLINE,High,1,1
228,1078.8000000000002,645.66,212.52,0.0,1078.8,40.2,🟠 RAPID DECLINE,High,3,4
229,1023.5999999999999,1012.14,1000.67,977.74,45.86,1.1,🟢 STABLE,Low,11,12
230,1296.0,1231.72,1167.44,1038.87,257.13,5.0,🟢 STABLE,Low,11,12
231,1122.0,1038.3,954.6,787.2,334.8,7.5,🟢 STABLE,Low,11,12
232,1015.1999999999999,357.35,0.0,0.0,1015.2,64.8,🔴 CRITICAL DECAY,Critical,1,1
233,243.0,242.66,242.32,241.64,1.36,0.1,🟢 STABLE,Low,11,12
234,301.79999999999995,243.79,185.79,69.78,232.02,19.2,🟡 DECLINING,Medium,7,8
235,652.8,227.44,0.0,0.0,652.8,65.2,🔴 CRITICAL DECAY,Critical,1,1
236,355.20000000000005,330.76,306.32,257.45,97.75,6.9,🟢 STABLE,Low,11,12
237,877.8000000000001,256.58,0.0,0.0,877.8,70.8,🔴 CRITICAL DECAY,Critical,1,1
238,1140.0,237.92,0.0,0.0,1140.0,79.1,🔴 CRITICAL DECAY,Critical,1,1
239,237.0,235.63,234.25,231.5,5.5,0.6,🟢 STABLE,Low,11,12
240,1039.1999999999998,1036.6,1034.0,1028.81,10.39,0.3,🟢 STABLE,Low,11,12
241,1310.4,1295.33,1280.26,1250.12,60.28,1.2,🟢 STABLE,Low,11,12
242,896.4000000000001,798.33,700.27,504.14,392.26,10.9,🟢 STABLE,Low,11,12
243,1132.8000000000002,1069.48,1006.15,879.51,253.29,5.6,🟢 STABLE,Low,11,12
244,657.5999999999999,520.69,383.78,109.95,547.65,20.8,🟡 DECLINING,Medium,7,8
245,904.1999999999999,341.52,0.0,0.0,904.2,62.2,🔴 CRITICAL DECAY,Critical,1,2
246,780.0,741.78,703.56,627.12,152.88,4.9,🟢 STABLE,Low,11,12
247,892.8000000000001,221.68,0.0,0.0,892.8,75.2,🔴 CRITICAL DECAY,Critical,1,1
248,582.5999999999999,227.91,0.0,0.0,582.6,60.9,🔴 CRITICAL DECAY,Critical,1,1
249,1188.0,1017.64,847.28,506.56,681.44,14.3,🟢 STABLE,Low,10,11
250,1122.0,1045.82,969.63,817.26,304.74,6.8,🟢 STABLE,Low,11,12
251,844.8000000000001,323.81,0.0,0.0,844.8,61.7,🔴 CRITICAL DECAY,Critical,1,1
252,482.40000000000003,142.74,0.0,0.0,482.4,70.4,🔴 CRITICAL DECAY,Critical,1,1
253,1004.4000000000001,976.88,949.36,894.32,110.08,2.7,🟢 STABLE,Low,11,12
254,238.20000000000002,168.81,99.42,0.0,238.2,29.1,🟡 DECLINING,Medium,5,6
255,714.5999999999999,708.31,702.02,689.45,25.15,0.9,🟢 STABLE,Low,11,12
256,1381.1999999999998,1369.32,1357.44,1333.69,47.51,0.9,🟢 STABLE,Low,11,12
257,1372.1999999999998,1100.23,828.26,284.32,1087.88,19.8,🟡 DECLINING,Medium,7,8
258,535.2,345.36,155.53,0.0,535.2,35.5,🟠 RAPID DECLINE,High,4,5
259,540.0,396.25,252.5,0.0,540.0,26.6,🟡 DECLINING,Medium,5,6
260,493.79999999999995,74.32,0.0,0.0,493.8,84.9,🔴 CRITICAL DECAY,Critical,1,1
261,1282.8000000000002,206.15,0.0,0.0,1282.8,83.9,🔴 CRITICAL DECAY,Critical,1,1
262,1078.1999999999998,442.28,0.0,0.0,1078.2,59.0,🟠 RAPID DECLINE,High,1,2
263,598.2,594.43,590.66,583.13,15.07,0.6,🟢 STABLE,Low,11,12
264,1359.6,1042.68,725.75,91.91,1267.69,23.3,🟡 DECLINING,Medium,6,7
265,1057.1999999999998,1053.08,1048.95,1040.71,16.49,0.4,🟢 STABLE,Low,11,12
266,298.79999999999995,296.41,294.02,289.24,9.56,0.8,🟢 STABLE,Low,11,12
267,1260.0,332.14,0.0,0.0,1260.0,73.6,🔴 CRITICAL DECAY,Critical,1,1
268,232.20000000000002,229.99,227.79,223.38,8.82,1.0,🟢 STABLE,Low,11,12
269,291.0,289.89,288.79,286.58,4.42,0.4,🟢 STABLE,Low,11,12
270,1133.4,224.19,0.0,0.0,1133.4,80.2,🔴 CRITICAL DECAY,Critical,1,1
271,717.0,709.04,701.08,685.17,31.83,1.1,🟢 STABLE,Low,11,12
272,297.6,128.92,0.0,0.0,297.6,56.7,🟠 RAPID DECLINE,High,1,1
273,1284.6,783.86,283.13,0.0,1284.6,39.0,🟠 RAPID DECLINE,High,3,4
274,847.1999999999999,146.14,0.0,0.0,847.2,82.8,🔴 CRITICAL DECAY,Critical,1,1
275,1024.8000000000002,123.59,0.0,0.0,1024.8,87.9,🔴 CRITICAL DECAY,Critical,1,1
276,1260.6,451.04,0.0,0.0,1260.6,64.2,🔴 CRITICAL DECAY,Critical,1,1
277,779.4000000000001,690.47,601.54,423.68,355.72,11.4,🟢 STABLE,Low,11,12
278,660.0,243.08,0.0,0.0,660.0,63.2,🔴 CRITICAL DECAY,Critical,2,3
279,606.5999999999999,483.22,359.84,113.07,493.53,20.3,🟡 DECLINING,Medium,7,8
280,661.8,524.54,387.29,112.77,549.03,20.7,🟡 DECLINING,Medium,7,8
281,614.4000000000001,489.92,365.45,116.49,497.91,20.3,🟡 DECLINING,Medium,7,8
282,304.79999999999995,235.28,165.75,26.7,278.1,22.8,🟡 DECLINING,Medium,6,7
283,653.4000000000001,636.41,619.42,585.45,67.95,2.6,🟢 STABLE,Low,11,12
284,1141.8000000000002,693.87,245.94,0.0,1141.8,39.2,🟠 RAPID DECLINE,High,1,1
285,912.0,766.81,621.62,331.24,580.76,15.9,🟡 DECLINING,Medium,9,10
286,532.2,391.22,250.24,0.0,532.2,26.5,🟡 DECLINING,Medium,1,2
287,840.0,117.77,0.0,0.0,840.0,86.0,🔴 CRITICAL DECAY,Critical,1,1
288,894.0,181.75,0.0,0.0,894.0,79.7,🔴 CRITICAL DECAY,Critical,1,1
289,538.2,392.56,246.93,0.0,538.2,27.1,🟡 DECLINING,Medium,5,6
290,913.1999999999999,232.41,0.0,0.0,913.2,74.5,🔴 CRITICAL DECAY,Critical,1,1
291,734.4000000000001,694.74,655.08,575.77,158.63,5.4,🟢 STABLE,Low,11,12
292,1041.6,967.65,893.69,745.79,295.81,7.1,🟢 STABLE,Low,11,12
293,1072.1999999999998,138.64,0.0,0.0,1072.2,87.1,🔴 CRITICAL DECAY,Critical,1,1
294,236.39999999999998,179.76,123.12,9.83,226.57,24.0,🟡 DECLINING,Medium,6,7
295,243.0,143.78,44.57,0.0,243.0,40.8,🟠 RAPID DECLINE,High,1,1
296,912.5999999999999,908.4,904.2,895.81,16.79,0.5,🟢 STABLE,Low,11,12
297,1209.6,260.55,0.0,0.0,1209.6,78.5,🔴 CRITICAL DECAY,Critical,1,1
298,894.5999999999999,814.44,734.29,573.98,320.62,9.0,🟢 STABLE,Low,11,12
299,883.1999999999999,338.44,0.0,0.0,883.2,61.7,🔴 CRITICAL DECAY,Critical,1,1
300,778.8000000000001,701.0,623.2,467.59,311.21,10.0,🟢 STABLE,Low,11,12
301,1145.4,48.91,0.0,0.0,1145.4,95.7,🔴 CRITICAL DECAY,Critical,1,1
302,1084.8000000000002,219.78,0.0,0.0,1084.8,79.7,🔴 CRITICAL DECAY,Critical,1,1
303,723.5999999999999,720.13,716.65,709.71,13.89,0.5,🟢 STABLE,Low,11,12
304,982.1999999999999,818.96,655.72,329.23,652.97,16.6,🟡 DECLINING,Medium,9,10
305,297.6,294.15,290.7,283.79,13.81,1.2,🟢 STABLE,Low,11,12
306,898.8000000000001,462.43,26.07,0.0,898.8,48.6,🟠 RAPID DECLINE,High,1,1
307,906.5999999999999,894.09,881.58,856.56,50.04,1.4,🟢 STABLE,Low,11,12
308,1213.8000000000002,856.21,498.63,0.0,1213.8,29.5,🟡 DECLINING,Medium,5,6
309,945.0,907.96,870.91,796.82,148.18,3.9,🟢 STABLE,Low,11,12
310,231.0,101.06,0.0,0.0,231.0,56.3,🟠 RAPID DECLINE,High,2,3
311,1068.6,416.65,0.0,0.0,1068.6,61.0,🔴 CRITICAL DECAY,Critical,2,3
312,1380.6,1314.19,1247.79,1114.97,265.63,4.8,🟢 STABLE,Low,11,12
313,832.1999999999999,158.7,0.0,0.0,832.2,80.9,🔴 CRITICAL DECAY,Critical,1,1
314,967.1999999999999,161.62,0.0,0.0,967.2,83.3,🔴 CRITICAL DECAY,Critical,1,1
315,1320.6,1240.7,1160.81,1001.01,319.59,6.1,🟢 STABLE,Low,11,12
316,238.79999999999998,238.47,238.13,237.46,1.34,0.1,🟢 STABLE,Low,11,12
317,963.5999999999999,782.44,601.29,238.97,724.63,18.8,🟡 DECLINING,Medium,1,1
318,1117.8000000000002,428.45,0.0,0.0,1117.8,61.7,🔴 CRITICAL DECAY,Critical,1,1
319,1098.0,731.93,365.85,0.0,1098.0,33.3,🟡 DECLINING,Medium,4,5
320,989.4000000000001,967.34,945.27,901.15,88.25,2.2,🟢 STABLE,Low,11,12
321,720.0,716.69,713.38,706.75,13.25,0.5,🟢 STABLE,Low,11,12
322,537.5999999999999,83.81,0.0,0.0,537.6,84.4,🔴 CRITICAL DECAY,Critical,1,1
323,583.2,568.33,553.46,523.71,59.49,2.5,🟢 STABLE,Low,11,12
324,720.5999999999999,714.11,707.63,694.66,25.94,0.9,🟢 STABLE,Low,11,12
325,1232.4,744.12,255.85,0.0,1232.4,39.6,🟠 RAPID DECLINE,High,3,4
326,994.8000000000001,160.96,0.0,0.0,994.8,83.8,🔴 CRITICAL DECAY,Critical,1,1
327,844.1999999999999,134.65,0.0,0.0,844.2,84.0,🔴 CRITICAL DECAY,Critical,1,1
328,430.79999999999995,367.13,303.46,176.11,254.69,14.8,🟢 STABLE,Low,10,11
329,991.8000000000001,445.22,0.0,0.0,991.8,55.1,🟠 RAPID DECLINE,High,2,3
330,238.20000000000002,235.65,233.1,228.01,10.19,1.1,🟢 STABLE,Low,11,12
331,230.39999999999998,221.76,213.12,195.84,34.56,3.7,🟢 STABLE,Low,11,12
332,1138.8000000000002,1038.02,937.23,735.66,403.14,8.8,🟢 STABLE,Low,11,12
333,886.1999999999999,135.41,0.0,0.0,886.2,84.7,🔴 CRITICAL DECAY,Critical,1,1
334,967.1999999999999,234.26,0.0,0.0,967.2,75.8,🔴 CRITICAL DECAY,Critical,1,1
335,909.5999999999999,856.39,803.18,696.75,212.85,5.8,🟢 STABLE,Low,11,12
336,1255.1999999999998,1203.11,1151.02,1046.84,208.36,4.1,🟢 STABLE,Low,11,12
337,1057.8000000000002,1051.03,1044.26,1030.72,27.08,0.6,🟢 STABLE,Low,11,12
338,1137.6,701.9,266.2,0.0,1137.6,38.3,🟠 RAPID DECLINE,High,3,4
339,1240.8000000000002,380.06,0.0,0.0,1240.8,69.4,🔴 CRITICAL DECAY,Critical,1,1
340,655.8,609.76,563.73,471.65,184.15,7.0,🟢 STABLE,Low,11,12
341,1029.0,1026.32,1023.65,1018.3,10.7,0.3,🟢 STABLE,Low,11,12
342,809.4000000000001,801.31,793.21,777.02,32.38,1.0,🟢 STABLE,Low,11,12
343,246.0,238.6,231.19,216.38,29.62,3.0,🟢 STABLE,Low,11,12
344,243.0,238.7,234.4,225.8,17.2,1.8,🟢 STABLE,Low,11,12
345,865.1999999999999,39.8,0.0,0.0,865.2,95.4,🔴 CRITICAL DECAY,Critical,1,1
346,1084.8000000000002,121.82,0.0,0.0,1084.8,88.8,🔴 CRITICAL DECAY,Critical,1,1
347,233.39999999999998,232.79,232.19,230.97,2.43,0.3,🟢 STABLE,Low,11,12
348,539.4000000000001,273.15,6.9,0.0,539.4,49.4,🟠 RAPID DECLINE,High,1,2
349,1164.0,1136.06,1108.13,1052.26,111.74,2.4,🟢 STABLE,Low,11,12
350,753.5999999999999,747.95,742.3,730.99,22.61,0.7,🟢 STABLE,Low,11,12
351,535.2,517.86,500.52,465.84,69.36,3.2,🟢 STABLE,Low,11,12
352,1069.8000000000002,136.83,0.0,0.0,1069.8,87.2,🔴 CRITICAL DECAY,Critical,1,1
353,1017.5999999999999,445.3,0.0,0.0,1017.6,56.2,🟠 RAPID DECLINE,High,1,1
354,502.79999999999995,278.55,54.3,0.0,502.8,44.6,🟠 RAPID DECLINE,High,1,1
355,963.0,236.61,0.0,0.0,963.0,75.4,🔴 CRITICAL DECAY,Critical,1,1
356,649.2,473.46,297.72,0.0,649.2,27.1,🟡 DECLINING,Medium,5,6
357,1263.0,1214.5,1166.0,1069.0,194.0,3.8,🟢 STABLE,Low,11,12
358,369.0,178.85,0.0,0.0,369.0,51.5,🟠 RAPID DECLINE,High,1,1
359,1165.1999999999998,1049.85,934.49,703.78,461.42,9.9,🟢 STABLE,Low,11,12
360,242.39999999999998,195.52,148.64,54.88,187.52,19.3,🟡 DECLINING,Medium,7,8
361,1185.6,1164.73,1143.87,1102.13,83.47,1.8,🟢 STABLE,Low,11,12
362,603.5999999999999,574.08,544.57,485.54,118.06,4.9,🟢 STABLE,Low,11,12
363,246.60000000000002,243.96,241.32,236.05,10.55,1.1,🟢 STABLE,Low,11,12
364,910.8000000000001,658.87,406.95,0.0,910.8,27.7,🟡 DECLINING,Medium,5,6
365,1158.0,501.76,0.0,0.0,1158.0,56.7,🟠 RAPID DECLINE,High,1,1
366,719.4000000000001,629.12,538.83,358.26,361.14,12.5,🟢 STABLE,Low,11,12
367,229.79999999999998,117.93,6.07,0.0,229.8,48.7,🟠 RAPID DECLINE,High,1,2
368,1183.8000000000002,970.83,757.87,331.94,851.86,18.0,🟡 DECLINING,Medium,8,9
369,1351.1999999999998,1347.42,1343.63,1336.07,15.13,0.3,🟢 STABLE,Low,11,12
370,247.20000000000002,240.82,234.44,221.69,25.51,2.6,🟢 STABLE,Low,11,12
371,1027.8000000000002,97.95,0.0,0.0,1027.8,90.5,🔴 CRITICAL DECAY,Critical,1,1
372,429.0,425.27,421.54,414.07,14.93,0.9,🟢 STABLE,Low,11,12
373,1197.0,1090.35,983.69,770.39,426.61,8.9,🟢 STABLE,Low,11,12
374,1153.1999999999998,724.32,295.45,0.0,1153.2,37.2,🟠 RAPID DECLINE,High,4,5
375,1021.1999999999999,967.28,913.36,805.52,215.68,5.3,🟢 STABLE,Low,11,12
376,304.20000000000005,128.65,0.0,0.0,304.2,57.7,🟠 RAPID DECLINE,High,1,1
377,1259.4,339.53,0.0,0.0,1259.4,73.0,🔴 CRITICAL DECAY,Critical,1,1
378,1075.8000000000002,1070.53,1065.26,1054.71,21.09,0.5,🟢 STABLE,Low,11,12
379,1041.0,957.62,874.23,707.46,333.54,8.0,🟢 STABLE,Low,11,12
380,1034.4,977.4,920.41,806.42,227.98,5.5,🟢 STABLE,Low,11,12
381,607.8,297.34,0.0,0.0,607.8,51.1,🟠 RAPID DECLINE,High,1,1
382,777.5999999999999,776.28,774.96,772.31,5.29,0.2,🟢 STABLE,Low,11,12
383,1090.1999999999998,70.64,0.0,0.0,1090.2,93.5,🔴 CRITICAL DECAY,Critical,1,1
384,1297.1999999999998,1211.58,1125.97,954.74,342.46,6.6,🟢 STABLE,Low,11,12
385,239.39999999999998,149.03,58.65,0.0,239.4,37.7,🟠 RAPID DECLINE,High,3,4
386,1025.4,638.31,251.22,0.0,1025.4,37.8,🟠 RAPID DECLINE,High,1,1
387,657.0,625.33,593.67,530.33,126.67,4.8,🟢 STABLE,Low,11,12
388,1084.8000000000002,686.35,287.91,0.0,1084.8,36.7,🟠 RAPID DECLINE,High,4,5
389,528.0,213.68,0.0,0.0,528.0,59.5,🟠 RAPID DECLINE,High,1,2
390,1147.1999999999998,401.98,0.0,0.0,1147.2,65.0,🔴 CRITICAL DECAY,Critical,1,1
391,1017.5999999999999,943.32,869.03,720.46,297.14,7.3,🟢 STABLE,Low,11,12
392,531.5999999999999,203.71,0.0,0.0,531.6,61.7,🔴 CRITICAL DECAY,Critical,1,1
393,238.79999999999998,195.2,151.59,64.38,174.42,18.3,🟡 DECLINING,Medium,8,9
394,1140.6,420.54,0.0,0.0,1140.6,63.1,🔴 CRITICAL DECAY,Critical,1,2
395,1080.6,1074.01,1067.42,1054.23,26.37,0.6,🟢 STABLE,Low,11,12
396,1318.8000000000002,904.17,489.54,0.0,1318.8,31.4,🟡 DECLINING,Medium,4,5
397,887.4000000000001,322.21,0.0,0.0,887.4,63.7,🔴 CRITICAL DECAY,Critical,1,1
398,655.2,490.02,324.85,0.0,655.2,25.2,🟡 DECLINING,Medium,5,6
399,240.60000000000002,228.11,215.63,190.65,49.95,5.2,🟢 STABLE,Low,11,12
400,237.0,230.44,223.87,210.74,26.26,2.8,🟢 STABLE,Low,11,12
401,240.60000000000002,234.22,227.85,215.1,25.5,2.7,🟢 STABLE,Low,11,12
402,1193.4,759.84,326.28,0.0,1193.4,36.3,🟠 RAPID DECLINE,High,4,5
403,670.8,655.3,639.81,608.82,61.98,2.3,🟢 STABLE,Low,11,12
404,236.39999999999998,234.72,233.04,229.69,6.71,0.7,🟢 STABLE,Low,11,12
405,237.60000000000002,237.29,236.98,236.36,1.24,0.1,🟢 STABLE,Low,11,12
406,1144.8000000000002,1077.6,1010.4,876.0,268.8,5.9,🟢 STABLE,Low,11,12
407,1127.4,705.64,283.88,0.0,1127.4,37.4,🟠 RAPID DECLINE,High,1,2
408,238.79999999999998,79.95,0.0,0.0,238.8,66.5,🔴 CRITICAL DECAY,Critical,1,1
409,235.20000000000002,89.28,0.0,0.0,235.2,62.0,🔴 CRITICAL DECAY,Critical,1,1
410,976.1999999999999,79.27,0.0,0.0,976.2,91.9,🔴 CRITICAL DECAY,Critical,1,1
411,293.4,275.03,256.67,219.93,73.47,6.3,🟢 STABLE,Low,11,12
412,899.4000000000001,369.29,0.0,0.0,899.4,58.9,🟠 RAPID DECLINE,High,1,1
413,1048.1999999999998,676.82,305.45,0.0,1048.2,35.4,🟠 RAPID DECLINE,High,4,5
414,847.8000000000001,655.18,462.56,77.32,770.48,22.7,🟡 DECLINING,Medium,6,7
415,879.0,685.88,492.77,106.53,772.47,22.0,🟡 DECLINING,Medium,6,7
416,1184.4,1171.85,1159.29,1134.18,50.22,1.1,🟢 STABLE,Low,11,12
417,297.6,290.87,284.15,270.7,26.9,2.3,🟢 STABLE,Low,11,12
418,999.5999999999999,497.0,0.0,0.0,999.6,50.3,🟠 RAPID DECLINE,High,1,1
419,903.5999999999999,138.25,0.0,0.0,903.6,84.7,🔴 CRITICAL DECAY,Critical,1,1
420,291.6,140.64,0.0,0.0,291.6,51.8,🟠 RAPID DECLINE,High,2,3
421,838.1999999999999,212.65,0.0,0.0,838.2,74.6,🔴 CRITICAL DECAY,Critical,1,2
422,1206.6,1184.88,1163.16,1119.72,86.88,1.8,🟢 STABLE,Low,11,12
423,308.4,296.83,285.27,262.14,46.26,3.8,🟢 STABLE,Low,11,12
424,488.40000000000003,420.66,352.92,217.44,270.96,13.9,🟢 STABLE,Low,10,11
425,619.8,577.41,535.01,450.22,169.58,6.8,🟢 STABLE,Low,11,12
426,1261.1999999999998,939.59,617.99,0.0,1261.2,25.5,🟡 DECLINING,Medium,5,6
427,1031.4,257.95,0.0,0.0,1031.4,75.0,🔴 CRITICAL DECAY,Critical,1,1
428,907.1999999999999,506.4,105.6,0.0,907.2,44.2,🟠 RAPID DECLINE,High,1,2
429,699.0,687.54,676.07,653.15,45.85,1.6,🟢 STABLE,Low,11,12
430,232.79999999999998,201.05,169.29,105.78,127.02,13.6,🟢 STABLE,Low,1,1
431,782.4000000000001,780.84,779.27,776.14,6.26,0.2,🟢 STABLE,Low,11,12
432,641.4000000000001,338.34,35.28,0.0,641.4,47.2,🟠 RAPID DECLINE,High,3,4
433,544.8,428.92,313.04,81.28,463.52,21.3,🟡 DECLINING,Medium,7,8
434,237.0,234.77,232.54,228.09,8.91,0.9,🟢 STABLE,Low,11,12
435,533.4000000000001,466.67,399.94,266.49,266.91,12.5,🟢 STABLE,Low,11,12
436,250.20000000000002,243.49,236.79,223.38,26.82,2.7,🟢 STABLE,Low,11,12
437,1368.6,1364.77,1360.94,1353.27,15.33,0.3,🟢 STABLE,Low,11,12
438,1078.1999999999998,916.15,754.09,429.99,648.21,15.0,🟡 DECLINING,Medium,9,10
439,660.5999999999999,321.12,0.0,0.0,660.6,51.4,🟠 RAPID DECLINE,High,2,3
440,1355.4,409.33,0.0,0.0,1355.4,69.8,🔴 CRITICAL DECAY,Critical,1,2
441,1218.6,819.14,419.69,0.0,1218.6,32.8,🟡 DECLINING,Medium,4,5
442,1375.8000000000002,931.42,487.03,0.0,1375.8,32.3,🟡 DECLINING,Medium,4,5
443,777.5999999999999,722.62,667.65,557.69,219.91,7.1,🟢 STABLE,Low,11,12
444,964.8000000000001,503.24,41.68,0.0,964.8,47.8,🟠 RAPID DECLINE,High,3,4
445,1270.8000000000002,640.99,11.18,0.0,1270.8,49.6,🟠 RAPID DECLINE,High,1,1
446,834.5999999999999,121.43,0.0,0.0,834.6,85.5,🔴 CRITICAL DECAY,Critical,1,1
447,300.6,294.53,288.46,276.31,24.29,2.0,🟢 STABLE,Low,11,12
448,1137.0,385.1,0.0,0.0,1137.0,66.1,🔴 CRITICAL DECAY,Critical,1,1
449,1266.0,1261.95,1257.9,1249.8,16.2,0.3,🟢 STABLE,Low,11,12
450,296.4,291.6,286.8,277.19,19.21,1.6,🟢 STABLE,Low,11,12
451,837.0,779.67,722.33,607.66,229.34,6.8,🟢 STABLE,Low,11,12
452,722.4000000000001,664.9,607.39,492.39,230.01,8.0,🟢 STABLE,Low,11,12
453,972.5999999999999,498.46,24.31,0.0,972.6,48.7,🟠 RAPID DECLINE,High,1,1
454,292.79999999999995,290.55,288.29,283.78,9.02,0.8,🟢 STABLE,Low,11,12
455,1249.8000000000002,313.95,0.0,0.0,1249.8,74.9,🔴 CRITICAL DECAY,Critical,1,1
456,1114.8000000000002,1088.83,1062.85,1010.9,103.9,2.3,🟢 STABLE,Low,11,12
457,969.5999999999999,963.2,956.8,944.0,25.6,0.7,🟢 STABLE,Low,11,12
458,240.0,119.81,0.0,0.0,240.0,50.1,🟠 RAPID DECLINE,High,1,2
459,901.1999999999999,41.64,0.0,0.0,901.2,95.4,🔴 CRITICAL DECAY,Critical,1,1
460,235.79999999999998,187.79,139.78,43.76,192.04,20.4,🟡 DECLINING,Medium,7,8
461,833.4000000000001,732.73,632.05,430.7,402.7,12.1,🟢 STABLE,Low,11,12
462,1213.8000000000002,236.69,0.0,0.0,1213.8,80.5,🔴 CRITICAL DECAY,Critical,1,1
463,1197.6,89.94,0.0,0.0,1197.6,92.5,🔴 CRITICAL DECAY,Critical,1,1
464,1392.6,1387.45,1382.29,1371.99,20.61,0.4,🟢 STABLE,Low,11,12
465,480.59999999999997,468.83,457.05,433.5,47.1,2.4,🟢 STABLE,Low,11,12
466,1225.1999999999998,1201.43,1177.66,1130.12,95.08,1.9,🟢 STABLE,Low,11,12
467,1076.4,1010.2,944.0,811.61,264.79,6.2,🟢 STABLE,Low,11,12
468,238.79999999999998,237.63,236.46,234.12,4.68,0.5,🟢 STABLE,Low,11,12
469,671.4000000000001,552.5,433.59,195.78,475.62,17.7,🟡 DECLINING,Medium,8,9
470,247.79999999999998,239.47,231.15,214.5,33.3,3.4,🟢 STABLE,Low,11,12
471,660.0,74.71,0.0,0.0,660.0,88.7,🔴 CRITICAL DECAY,Critical,1,1
472,840.5999999999999,667.35,494.1,147.61,692.99,20.6,🟡 DECLINING,Medium,7,8
473,643.2,586.28,529.35,415.51,227.69,8.8,🟢 STABLE,Low,11,12
474,896.4000000000001,177.4,0.0,0.0,896.4,80.2,🔴 CRITICAL DECAY,Critical,1,1
475,963.0,204.44,0.0,0.0,963.0,78.8,🔴 CRITICAL DECAY,Critical,1,1
476,912.5999999999999,864.14,815.68,718.76,193.84,5.3,🟢 STABLE,Low,11,12
477,908.4000000000001,720.09,531.78,155.15,753.25,20.7,🟡 DECLINING,Medium,7,8
478,1153.1999999999998,137.23,0.0,0.0,1153.2,88.1,🔴 CRITICAL DECAY,Critical,1,1
479,828.0,661.41,494.81,161.63,666.37,20.1,🟡 DECLINING,Medium,7,8
480,235.79999999999998,234.29,232.78,229.76,6.04,0.6,🟢 STABLE,Low,11,12
481,543.5999999999999,496.69,449.77,355.95,187.65,8.6,🟢 STABLE,Low,11,12
482,977.4000000000001,305.24,0.0,0.0,977.4,68.8,🔴 CRITICAL DECAY,Critical,1,1
483,1302.0,1056.18,810.36,318.73,983.27,18.9,🟡 DECLINING,Medium,7,8
484,1002.5999999999999,426.1,0.0,0.0,1002.6,57.5,🟠 RAPID DECLINE,High,1,1
485,1014.0,1007.61,1001.22,988.45,25.55,0.6,🟢 STABLE,Low,11,12
486,1201.8000000000002,153.95,0.0,0.0,1201.8,87.2,🔴 CRITICAL DECAY,Critical,1,1
487,1063.1999999999998,1058.63,1054.06,1044.91,18.29,0.4,🟢 STABLE,Low,11,12
488,630.5999999999999,625.49,620.38,610.17,20.43,0.8,🟢 STABLE,Low,11,12
489,892.1999999999999,84.94,0.0,0.0,892.2,90.5,🔴 CRITICAL DECAY,Critical,1,1
490,1257.6,1221.76,1185.92,1114.23,143.37,2.8,🟢 STABLE,Low,11,12
491,708.0,353.65,0.0,0.0,708.0,50.0,🟠 RAPID DECLINE,High,1,2
492,892.8000000000001,214.81,0.0,0.0,892.8,75.9,🔴 CRITICAL DECAY,Critical,1,1
493,768.5999999999999,752.84,737.09,705.57,63.03,2.1,🟢 STABLE,Low,11,12
494,244.79999999999998,144.85,44.9,0.0,244.8,40.8,🟠 RAPID DECLINE,High,1,1
495,525.0,346.08,167.16,0.0,525.0,34.1,🟡 DECLINING,Medium,1,1
496,730.8,651.73,572.65,414.51,316.29,10.8,🟢 STABLE,Low,11,12
497,237.60000000000002,236.93,236.27,234.94,2.66,0.3,🟢 STABLE,Low,11,12
498,341.4,182.89,24.38,0.0,341.4,46.4,🟠 RAPID DECLINE,High,1,1
499,1196.4,342.05,0.0,0.0,1196.4,71.4,🔴 CRITICAL DECAY,Critical,1,1
500,1395.0,1251.32,1107.63,820.26,574.74,10.3,🟢 STABLE,Low,11,12
501,968.4000000000001,946.61,924.82,881.24,87.16,2.3,🟢 STABLE,Low,11,12
502,782.4000000000001,770.35,758.3,734.2,48.2,1.5,🟢 STABLE,Low,11,12
503,1008.5999999999999,963.31,918.03,827.46,181.14,4.5,🟢 STABLE,Low,11,12
504,953.4000000000001,949.97,946.54,939.67,13.73,0.4,🟢 STABLE,Low,11,12
505,1129.1999999999998,365.18,0.0,0.0,1129.2,67.7,🔴 CRITICAL DECAY,Critical,1,1
506,936.0,414.55,0.0,0.0,936.0,55.7,🟠 RAPID DECLINE,High,2,3
507,1130.4,255.36,0.0,0.0,1130.4,77.4,🔴 CRITICAL DECAY,Critical,1,1
508,966.0,171.95,0.0,0.0,966.0,82.2,🔴 CRITICAL DECAY,Critical,1,1
509,238.20000000000002,124.01,9.81,0.0,238.2,47.9,🟠 RAPID DECLINE,High,1,1
510,1131.6,1090.41,1049.22,966.84,164.76,3.6,🟢 STABLE,Low,11,12
511,1277.4,758.52,239.64,0.0,1277.4,40.6,🟠 RAPID DECLINE,High,3,4
512,892.1999999999999,136.15,0.0,0.0,892.2,84.7,🔴 CRITICAL DECAY,Critical,1,1
513,1265.4,889.07,512.74,0.0,1265.4,29.7,🟡 DECLINING,Medium,5,6
514,1140.0,999.21,858.42,576.84,563.16,12.3,🟢 STABLE,Low,11,12
515,1257.6,398.53,0.0,0.0,1257.6,68.3,🔴 CRITICAL DECAY,Critical,1,1
516,651.5999999999999,629.64,607.68,563.76,87.84,3.4,🟢 STABLE,Low,11,12
517,840.5999999999999,193.84,0.0,0.0,840.6,76.9,🔴 CRITICAL DECAY,Critical,1,1
518,902.4000000000001,444.7,0.0,0.0,902.4,50.7,🟠 RAPID DECLINE,High,2,3
519,240.60000000000002,209.78,178.96,117.32,123.28,12.8,🟢 STABLE,Low,11,12
520,1264.8000000000002,1011.59,758.37,251.95,1012.85,20.0,🟡 DECLINING,Medium,7,8
521,619.2,469.48,319.75,20.31,598.89,24.2,🟡 DECLINING,Medium,6,7
522,1026.0,834.14,642.28,258.55,767.45,18.7,🟡 DECLINING,Medium,8,9
523,907.1999999999999,662.35,417.49,0.0,907.2,27.0,🟡 DECLINING,Medium,5,6
524,1200.6,292.11,0.0,0.0,1200.6,75.7,🔴 CRITICAL DECAY,Critical,1,1
525,1095.0,998.97,902.94,710.87,384.13,8.8,🟢 STABLE,Low,11,12
526,1389.0,1385.81,1382.61,1376.22,12.78,0.2,🟢 STABLE,Low,11,12
527,1136.4,1082.19,1027.99,919.57,216.83,4.8,🟢 STABLE,Low,11,12
528,235.20000000000002,234.09,232.99,230.78,4.42,0.5,🟢 STABLE,Low,11,12
529,1198.8000000000002,1181.78,1164.75,1130.71,68.09,1.4,🟢 STABLE,Low,11,12
530,253.20000000000002,249.93,246.67,240.13,13.07,1.3,🟢 STABLE,Low,11,12
531,240.60000000000002,240.17,239.73,238.87,1.73,0.2,🟢 STABLE,Low,11,12
532,959.4000000000001,177.68,0.0,0.0,959.4,81.5,🔴 CRITICAL DECAY,Critical,1,1
533,1285.8000000000002,1159.79,1033.78,781.77,504.03,9.8,🟢 STABLE,Low,11,12
534,1020.0,27.85,0.0,0.0,1020.0,97.3,🔴 CRITICAL DECAY,Critical,1,1
535,1074.6,141.2,0.0,0.0,1074.6,86.9,🔴 CRITICAL DECAY,Critical,1,1
536,978.5999999999999,811.36,644.11,309.63,668.97,17.1,🟡 DECLINING,Medium,8,9
537,701.4000000000001,668.36,635.33,569.26,132.14,4.7,🟢 STABLE,Low,11,12
538,1147.8000000000002,925.24,702.68,257.57,890.23,19.4,🟡 DECLINING,Medium,7,8
539,967.1999999999999,961.59,955.98,944.76,22.44,0.6,🟢 STABLE,Low,11,12
540,1357.1999999999998,1352.99,1348.79,1340.37,16.83,0.3,🟢 STABLE,Low,11,12
541,707.4000000000001,503.24,299.09,0.0,707.4,28.9,🟡 DECLINING,Medium,5,6
542,234.60000000000002,120.4,6.19,0.0,234.6,48.7,🟠 RAPID DECLINE,High,1,2
543,1032.6,162.74,0.0,0.0,1032.6,84.2,🔴 CRITICAL DECAY,Critical,1,1
544,546.5999999999999,373.98,201.37,0.0,546.6,31.6,🟡 DECLINING,Medium,4,5
545,947.4000000000001,878.15,808.89,670.38,277.02,7.3,🟢 STABLE,Low,11,12
546,1035.6,819.57,603.55,171.5,864.1,20.9,🟡 DECLINING,Medium,7,8
547,1260.6,1040.5,820.4,380.2,880.4,17.5,🟡 DECLINING,Medium,8,9
548,1222.8000000000002,1161.66,1100.52,978.24,244.56,5.0,🟢 STABLE,Low,11,12
549,237.0,193.25,149.5,62.0,175.0,18.5,🟡 DECLINING,Medium,8,9
550,1323.6,1317.25,1310.89,1298.19,25.41,0.5,🟢 STABLE,Low,11,12
551,1387.1999999999998,1382.9,1378.6,1370.0,17.2,0.3,🟢 STABLE,Low,11,12
552,232.20000000000002,229.95,227.7,223.19,9.01,1.0,🟢 STABLE,Low,11,12
553,307.20000000000005,298.29,289.38,271.56,35.64,2.9,🟢 STABLE,Low,11,12
554,964.1999999999999,676.39,388.57,0.0,964.2,29.8,🟡 DECLINING,Medium,5,6
555,825.0,798.19,771.38,717.75,107.25,3.2,🟢 STABLE,Low,11,12
556,238.79999999999998,139.84,40.88,0.0,238.8,41.4,🟠 RAPID DECLINE,High,1,2
557,847.1999999999999,813.31,779.42,711.65,135.55,4.0,🟢 STABLE,Low,11,12
558,842.4000000000001,369.39,0.0,0.0,842.4,56.2,🟠 RAPID DECLINE,High,1,1
559,591.5999999999999,105.13,0.0,0.0,591.6,82.2,🔴 CRITICAL DECAY,Critical,1,2
560,1287.0,593.69,0.0,0.0,1287.0,53.9,🟠 RAPID DECLINE,High,1,2
561,283.20000000000005,131.43,0.0,0.0,283.2,53.6,🟠 RAPID DECLINE,High,2,3
562,836.4000000000001,696.14,555.87,275.34,561.06,16.8,🟡 DECLINING,Medium,8,9
563,1194.0,1168.21,1142.42,1090.84,103.16,2.2,🟢 STABLE,Low,11,12
564,771.5999999999999,675.69,579.78,387.96,383.64,12.4,🟢 STABLE,Low,11,12
565,850.1999999999999,847.82,845.44,840.68,9.52,0.3,🟢 STABLE,Low,11,12
566,1222.8000000000002,938.87,654.93,87.06,1135.74,23.2,🟡 DECLINING,Medium,6,7
567,882.0,878.82,875.65,869.3,12.7,0.4,🟢 STABLE,Low,11,12
568,1203.0,405.17,0.0,0.0,1203.0,66.3,🔴 CRITICAL DECAY,Critical,1,1
569,484.79999999999995,453.43,422.07,359.33,125.47,6.5,🟢 STABLE,Low,11,12
570,231.0,229.43,227.86,224.72,6.28,0.7,🟢 STABLE,Low,11,12
571,715.2,710.12,705.04,694.89,20.31,0.7,🟢 STABLE,Low,11,12
572,778.8000000000001,683.47,588.15,397.5,381.3,12.2,🟢 STABLE,Low,11,12
573,1203.6,881.64,559.67,0.0,1203.6,26.7,🟡 DECLINING,Medium,5,6
574,1330.1999999999998,380.84,0.0,0.0,1330.2,71.4,🔴 CRITICAL DECAY,Critical,1,2
575,972.5999999999999,961.03,949.45,926.3,46.3,1.2,🟢 STABLE,Low,11,12
576,1176.6,1142.36,1108.12,1039.64,136.96,2.9,🟢 STABLE,Low,11,12
577,846.0,209.72,0.0,0.0,846.0,75.2,🔴 CRITICAL DECAY,Critical,1,1
578,1134.6,665.44,196.29,0.0,1134.6,41.4,🟠 RAPID DECLINE,High,3,4
579,235.79999999999998,110.05,0.0,0.0,235.8,53.3,🟠 RAPID DECLINE,High,1,2
580,228.0,144.78,61.56,0.0,228.0,36.5,🟠 RAPID DECLINE,High,4,5
581,903.5999999999999,552.64,201.68,0.0,903.6,38.8,🟠 RAPID DECLINE,High,3,4
582,1070.4,84.56,0.0,0.0,1070.4,92.1,🔴 CRITICAL DECAY,Critical,1,1
583,228.0,77.11,0.0,0.0,228.0,66.2,🔴 CRITICAL DECAY,Critical,1,2
584,240.0,108.0,0.0,0.0,240.0,55.0,🟠 RAPID DECLINE,High,1,2
585,1028.4,28.8,0.0,0.0,1028.4,97.2,🔴 CRITICAL DECAY,Critical,1,1
586,759.0,753.61,748.22,737.44,21.56,0.7,🟢 STABLE,Low,11,12
587,241.20000000000002,233.17,225.14,209.07,32.13,3.3,🟢 STABLE,Low,11,12
588,1189.8000000000002,1184.45,1179.09,1168.38,21.42,0.4,🟢 STABLE,Low,11,12
589,1084.8000000000002,1082.74,1080.68,1076.56,8.24,0.2,🟢 STABLE,Low,11,12
590,1342.8000000000002,1326.82,1310.84,1278.88,63.92,1.2,🟢 STABLE,Low,11,12
591,298.79999999999995,285.83,272.86,246.93,51.87,4.3,🟢 STABLE,Low,11,12
592,1002.0,994.49,986.97,971.94,30.06,0.7,🟢 STABLE,Low,11,12
593,1011.5999999999999,748.79,485.97,0.0,1011.6,26.0,🟡 DECLINING,Medium,5,6
594,547.2,213.68,0.0,0.0,547.2,61.0,🔴 CRITICAL DECAY,Critical,1,1
595,739.8,660.27,580.74,421.69,318.11,10.8,🟢 STABLE,Low,11,12
596,658.2,649.84,641.48,624.76,33.44,1.3,🟢 STABLE,Low,11,12
597,786.5999999999999,696.69,606.78,426.97,359.63,11.4,🟢 STABLE,Low,11,12
598,1084.1999999999998,879.18,674.16,264.11,820.09,18.9,🟡 DECLINING,Medium,7,8
599,244.79999999999998,243.89,242.99,241.18,3.62,0.4,🟢 STABLE,Low,11,12
600,894.5999999999999,507.86,121.13,0.0,894.6,43.2,🟠 RAPID DECLINE,High,3,4
601,239.39999999999998,229.97,220.54,201.67,37.73,3.9,🟢 STABLE,Low,11,12
602,891.0,873.45,855.89,820.79,70.21,2.0,🟢 STABLE,Low,11,12
603,1303.8000000000002,1243.3,1182.81,1061.81,241.99,4.6,🟢 STABLE,Low,11,12
604,1314.6,963.21,611.81,0.0,1314.6,26.7,🟡 DECLINING,Medium,5,6
605,1039.8000000000002,1036.58,1033.35,1026.91,12.89,0.3,🟢 STABLE,Low,11,12
606,972.0,961.79,951.59,931.18,40.82,1.1,🟢 STABLE,Low,11,12
607,574.2,553.36,532.51,490.83,83.37,3.6,🟢 STABLE,Low,11,12
608,1374.6,1370.61,1366.63,1358.65,15.95,0.3,🟢 STABLE,Low,11,12
609,1263.0,1184.44,1105.88,948.77,314.23,6.2,🟢 STABLE,Low,11,12
610,359.4,269.91,180.42,1.44,357.96,24.9,🟡 DECLINING,Medium,6,7
611,780.0,642.41,504.82,229.63,550.37,17.6,🟡 DECLINING,Medium,1,1
612,246.60000000000002,245.76,244.92,243.25,3.35,0.3,🟢 STABLE,Low,11,12
613,1317.6,1035.37,753.14,188.68,1128.92,21.4,🟡 DECLINING,Medium,7,8
614,834.0,830.41,826.83,819.66,14.34,0.4,🟢 STABLE,Low,11,12
615,586.2,508.18,430.15,274.11,312.09,13.3,🟢 STABLE,Low,11,12
616,303.0,181.89,60.78,0.0,303.0,40.0,🟠 RAPID DECLINE,High,1,2
617,1234.1999999999998,992.42,750.64,267.08,967.12,19.6,🟡 DECLINING,Medium,7,8
618,1050.6,1013.93,977.27,903.94,146.66,3.5,🟢 STABLE,Low,11,12
619,942.5999999999999,132.25,0.0,0.0,942.6,86.0,🔴 CRITICAL DECAY,Critical,1,1
620,414.59999999999997,327.66,240.72,66.83,347.77,21.0,🟡 DECLINING,Medium,1,2
621,1104.6,1047.71,990.83,877.05,227.55,5.2,🟢 STABLE,Low,11,12
622,1020.5999999999999,914.36,808.11,595.62,424.98,10.4,🟢 STABLE,Low,11,12
623,236.39999999999998,234.72,233.04,229.69,6.71,0.7,🟢 STABLE,Low,11,12
624,240.0,117.67,0.0,0.0,240.0,51.0,🟠 RAPID DECLINE,High,1,1
625,1141.8000000000002,332.26,0.0,0.0,1141.8,70.9,🔴 CRITICAL DECAY,Critical,1,2
626,1011.0,586.08,161.15,0.0,1011.0,42.0,🟠 RAPID DECLINE,High,1,2
627,1255.1999999999998,1193.07,1130.94,1006.67,248.53,4.9,🟢 STABLE,Low,11,12
628,1339.8000000000002,1333.1,1326.4,1313.0,26.8,0.5,🟢 STABLE,Low,11,12
629,1080.6,793.05,505.5,0.0,1080.6,26.6,🟡 DECLINING,Medium,5,6
630,1329.0,850.83,372.65,0.0,1329.0,36.0,🟠 RAPID DECLINE,High,1,1
631,660.0,629.97,599.94,539.88,120.12,4.5,🟢 STABLE,Low,11,12
632,1078.1999999999998,1076.47,1074.75,1071.3,6.9,0.2,🟢 STABLE,Low,11,12
633,244.20000000000002,236.73,229.25,214.31,29.89,3.1,🟢 STABLE,Low,11,12
634,654.5999999999999,628.68,602.76,550.91,103.69,4.0,🟢 STABLE,Low,11,12
635,1266.0,936.33,606.67,0.0,1266.0,26.0,🟡 DECLINING,Medium,1,1
636,1193.4,1164.16,1134.92,1076.45,116.95,2.5,🟢 STABLE,Low,11,12
637,850.8000000000001,834.04,817.28,783.76,67.04,2.0,🟢 STABLE,Low,11,12
638,1254.6,1062.77,870.94,487.29,767.31,15.3,🟡 DECLINING,Medium,1,1
639,1023.0,120.41,0.0,0.0,1023.0,88.2,🔴 CRITICAL DECAY,Critical,1,1
640,304.79999999999995,303.31,301.81,298.83,5.97,0.5,🟢 STABLE,Low,11,12
641,673.8,606.62,539.44,405.09,268.71,10.0,🟢 STABLE,Low,11,12
642,1074.6,55.99,0.0,0.0,1074.6,94.8,🔴 CRITICAL DECAY,Critical,1,1
643,1078.1999999999998,1057.93,1037.66,997.12,81.08,1.9,🟢 STABLE,Low,11,12
644,303.0,160.01,17.03,0.0,303.0,47.2,🟠 RAPID DECLINE,High,3,4
645,1134.6,245.64,0.0,0.0,1134.6,78.4,🔴 CRITICAL DECAY,Critical,1,1
646,548.4000000000001,150.32,0.0,0.0,548.4,72.6,🔴 CRITICAL DECAY,Critical,1,1
647,835.8000000000001,792.34,748.88,661.95,173.85,5.2,🟢 STABLE,Low,11,12
648,1074.0,160.35,0.0,0.0,1074.0,85.1,🔴 CRITICAL DECAY,Critical,1,1
649,840.0,660.83,481.66,123.31,716.69,21.3,🟡 DECLINING,Medium,7,8
650,834.5999999999999,203.14,0.0,0.0,834.6,75.7,🔴 CRITICAL DECAY,Critical,1,1
651,895.1999999999999,56.67,0.0,0.0,895.2,93.7,🔴 CRITICAL DECAY,Critical,1,1
652,241.20000000000002,239.97,238.74,236.28,4.92,0.5,🟢 STABLE,Low,11,12
653,297.6,249.3,201.0,104.4,193.2,16.2,🟡 DECLINING,Medium,9,10
654,235.79999999999998,134.85,33.91,0.0,235.8,42.8,🟠 RAPID DECLINE,High,1,2
655,1141.1999999999998,346.13,0.0,0.0,1141.2,69.7,🔴 CRITICAL DECAY,Critical,1,2
656,1066.1999999999998,1060.55,1054.9,1043.6,22.6,0.5,🟢 STABLE,Low,11,12
657,945.5999999999999,834.87,724.14,502.68,442.92,11.7,🟢 STABLE,Low,11,12
658,238.20000000000002,229.82,221.43,204.66,33.54,3.5,🟢 STABLE,Low,11,12
659,244.20000000000002,209.33,174.46,104.71,139.49,14.3,🟢 STABLE,Low,10,11
660,291.0,138.66,0.0,0.0,291.0,52.4,🟠 RAPID DECLINE,High,1,1
661,543.0,473.22,403.45,263.9,279.1,12.9,🟢 STABLE,Low,11,12
662,240.60000000000002,142.36,44.13,0.0,240.6,40.8,🟠 RAPID DECLINE,High,1,1
663,834.5999999999999,829.01,823.42,812.23,22.37,0.7,🟢 STABLE,Low,11,12
664,234.0,231.33,228.66,223.33,10.67,1.1,🟢 STABLE,Low,11,12
665,897.0,161.91,0.0,0.0,897.0,81.9,🔴 CRITICAL DECAY,Critical,1,1
666,835.8000000000001,184.38,0.0,0.0,835.8,77.9,🔴 CRITICAL DECAY,Critical,1,1
667,362.4,298.44,234.47,106.55,255.85,17.6,🟡 DECLINING,Medium,8,9
668,547.8,362.97,178.14,0.0,547.8,33.7,🟡 DECLINING,Medium,1,1
669,693.5999999999999,689.51,685.42,677.23,16.37,0.6,🟢 STABLE,Low,11,12
670,238.20000000000002,230.89,223.57,208.95,29.25,3.1,🟢 STABLE,Low,11,12
671,306.6,304.45,302.31,298.02,8.58,0.7,🟢 STABLE,Low,11,12
672,900.5999999999999,77.72,0.0,0.0,900.6,91.4,🔴 CRITICAL DECAY,Critical,1,1
673,298.20000000000005,230.9,163.59,28.99,269.21,22.6,🟡 DECLINING,Medium,6,7
674,589.8,181.72,0.0,0.0,589.8,69.2,🔴 CRITICAL DECAY,Critical,1,1
675,1324.1999999999998,1113.78,903.37,482.54,841.66,15.9,🟡 DECLINING,Medium,1,1
676,294.6,285.79,276.98,259.37,35.23,3.0,🟢 STABLE,Low,11,12
677,416.40000000000003,92.69,0.0,0.0,416.4,77.7,🔴 CRITICAL DECAY,Critical,1,1
678,1295.4,353.13,0.0,0.0,1295.4,72.7,🔴 CRITICAL DECAY,Critical,1,2
679,976.8000000000001,853.23,729.67,482.54,494.26,12.7,🟢 STABLE,Low,11,12
680,960.0,195.07,0.0,0.0,960.0,79.7,🔴 CRITICAL DECAY,Critical,1,1
681,885.5999999999999,880.64,875.68,865.76,19.84,0.6,🟢 STABLE,Low,11,12
682,772.8000000000001,639.65,506.49,240.19,532.61,17.2,🟡 DECLINING,Medium,8,9
683,1245.0,861.79,478.58,0.0,1245.0,30.8,🟡 DECLINING,Medium,4,5
684,853.1999999999999,124.14,0.0,0.0,853.2,85.5,🔴 CRITICAL DECAY,Critical,1,1
685,598.8,122.16,0.0,0.0,598.8,79.6,🔴 CRITICAL DECAY,Critical,1,1
686,295.20000000000005,282.8,270.4,245.61,49.59,4.2,🟢 STABLE,Low,11,12
687,591.0,215.72,0.0,0.0,591.0,63.5,🔴 CRITICAL DECAY,Critical,1,1
688,361.20000000000005,327.46,293.73,226.26,134.94,9.3,🟢 STABLE,Low,11,12
689,1000.8000000000001,716.07,431.34,0.0,1000.8,28.5,🟡 DECLINING,Medium,5,6
690,245.39999999999998,89.96,0.0,0.0,245.4,63.3,🔴 CRITICAL DECAY,Critical,1,1
691,903.0,869.23,835.46,767.91,135.09,3.7,🟢 STABLE,Low,11,12
692,246.60000000000002,243.44,240.29,233.97,12.63,1.3,🟢 STABLE,Low,11,12
693,901.1999999999999,102.65,0.0,0.0,901.2,88.6,🔴 CRITICAL DECAY,Critical,1,1
694,240.60000000000002,231.75,222.89,205.18,35.42,3.7,🟢 STABLE,Low,11,12
695,247.79999999999998,61.11,0.0,0.0,247.8,75.3,🔴 CRITICAL DECAY,Critical,1,1
696,1021.8000000000001,1018.12,1014.44,1007.09,14.71,0.4,🟢 STABLE,Low,11,12
697,601.8,377.69,153.58,0.0,601.8,37.2,🟠 RAPID DECLINE,High,1,1
698,1019.4000000000001,1007.47,995.55,971.69,47.71,1.2,🟢 STABLE,Low,11,12
699,798.0,796.24,794.49,790.98,7.02,0.2,🟢 STABLE,Low,11,12
700,759.5999999999999,755.19,750.79,741.98,17.62,0.6,🟢 STABLE,Low,11,12
701,997.8000000000001,551.58,105.37,0.0,997.8,44.7,🟠 RAPID DECLINE,High,1,1
702,1018.8000000000001,317.97,0.0,0.0,1018.8,68.8,🔴 CRITICAL DECAY,Critical,1,1
703,246.60000000000002,95.51,0.0,0.0,246.6,61.3,🔴 CRITICAL DECAY,Critical,1,2
704,591.0,340.06,89.12,0.0,591.0,42.5,🟠 RAPID DECLINE,High,3,4
705,958.1999999999999,606.64,255.07,0.0,958.2,36.7,🟠 RAPID DECLINE,High,1,1
706,715.2,709.05,702.9,690.6,24.6,0.9,🟢 STABLE,Low,11,12
707,1255.8000000000002,1109.37,962.95,670.09,585.71,11.7,🟢 STABLE,Low,11,12
708,903.5999999999999,724.51,545.41,187.23,716.37,19.8,🟡 DECLINING,Medium,7,8
709,961.1999999999999,915.25,869.31,777.42,183.78,4.8,🟢 STABLE,Low,11,12
710,234.60000000000002,137.15,39.69,0.0,234.6,41.5,🟠 RAPID DECLINE,High,1,1
711,972.0,590.0,208.01,0.0,972.0,39.3,🟠 RAPID DECLINE,High,3,4
712,296.4,294.47,292.55,288.69,7.71,0.7,🟢 STABLE,Low,11,12
713,1032.0,744.48,456.97,0.0,1032.0,27.9,🟡 DECLINING,Medium,5,6
714,304.79999999999995,303.49,302.18,299.56,5.24,0.4,🟢 STABLE,Low,11,12
715,1069.8000000000002,758.92,448.03,0.0,1069.8,29.1,🟡 DECLINING,Medium,5,6
716,699.0,695.71,692.43,685.86,13.14,0.5,🟢 STABLE,Low,11,12
717,1027.8000000000002,675.98,324.17,0.0,1027.8,34.2,🟡 DECLINING,Medium,1,2
718,604.2,407.84,211.47,0.0,604.2,32.5,🟡 DECLINING,Medium,4,5
719,964.1999999999999,813.98,663.76,363.31,600.89,15.6,🟡 DECLINING,Medium,9,10
720,242.39999999999998,233.04,223.69,204.97,37.43,3.9,🟢 STABLE,Low,11,12
721,246.60000000000002,245.76,244.92,243.25,3.35,0.3,🟢 STABLE,Low,11,12
722,1031.4,155.74,0.0,0.0,1031.4,84.9,🔴 CRITICAL DECAY,Critical,1,1
723,544.2,131.75,0.0,0.0,544.2,75.8,🔴 CRITICAL DECAY,Critical,1,1
724,1134.0,319.11,0.0,0.0,1134.0,71.9,🔴 CRITICAL DECAY,Critical,1,1
725,255.0,111.79,0.0,0.0,255.0,56.2,🟠 RAPID DECLINE,High,2,3
726,315.0,311.57,308.13,301.27,13.73,1.1,🟢 STABLE,Low,11,12
727,970.1999999999999,341.41,0.0,0.0,970.2,64.8,🔴 CRITICAL DECAY,Critical,1,1
728,1100.4,941.39,782.38,464.37,636.03,14.5,🟢 STABLE,Low,1,1
729,890.4000000000001,879.63,868.85,847.3,43.1,1.2,🟢 STABLE,Low,11,12
730,1047.0,672.07,297.14,0.0,1047.0,35.8,🟠 RAPID DECLINE,High,4,5
731,244.20000000000002,155.36,66.52,0.0,244.2,36.4,🟠 RAPID DECLINE,High,4,5
732,906.0,521.49,136.99,0.0,906.0,42.4,🟠 RAPID DECLINE,High,1,1
733,948.5999999999999,944.9,941.2,933.8,14.8,0.4,🟢 STABLE,Low,11,12
734,1081.8000000000002,873.12,664.44,247.08,834.72,19.3,🟡 DECLINING,Medium,7,8
735,607.2,548.0,488.8,370.39,236.81,9.7,🟢 STABLE,Low,11,12
736,1325.4,972.84,620.29,0.0,1325.4,26.6,🟡 DECLINING,Medium,5,6
737,1212.0,1206.3,1200.61,1189.21,22.79,0.5,🟢 STABLE,Low,11,12
738,952.1999999999999,704.34,456.48,0.0,952.2,26.0,🟡 DECLINING,Medium,5,6
739,1078.1999999999998,1076.69,1075.18,1072.16,6.04,0.1,🟢 STABLE,Low,11,12
740,780.0,773.45,766.9,753.79,26.21,0.8,🟢 STABLE,Low,11,12
741,965.4000000000001,207.46,0.0,0.0,965.4,78.5,🔴 CRITICAL DECAY,Critical,1,1
742,1182.6,397.83,0.0,0.0,1182.6,66.4,🔴 CRITICAL DECAY,Critical,1,1
743,289.20000000000005,286.57,283.94,278.67,10.53,0.9,🟢 STABLE,Low,11,12
744,528.5999999999999,276.35,24.1,0.0,528.6,47.7,🟠 RAPID DECLINE,High,1,2
745,1329.6,1319.23,1308.86,1288.12,41.48,0.8,🟢 STABLE,Low,11,12
746,1379.4,1375.12,1370.85,1362.3,17.1,0.3,🟢 STABLE,Low,11,12
747,900.5999999999999,230.46,0.0,0.0,900.6,74.4,🔴 CRITICAL DECAY,Critical,1,1
748,231.0,229.01,227.03,223.05,7.95,0.9,🟢 STABLE,Low,11,12
749,1080.6,1037.48,994.37,908.14,172.46,4.0,🟢 STABLE,Low,11,12
750,680.4000000000001,609.03,537.65,394.9,285.5,10.5,🟢 STABLE,Low,11,12
751,961.8000000000001,956.22,950.64,939.49,22.31,0.6,🟢 STABLE,Low,11,12
752,856.1999999999999,783.68,711.16,566.12,290.08,8.5,🟢 STABLE,Low,11,12
753,243.0,240.3,237.61,232.21,10.79,1.1,🟢 STABLE,Low,11,12
754,1084.1999999999998,557.82,31.44,0.0,1084.2,48.6,🟠 RAPID DECLINE,High,3,4
755,1182.6,206.48,0.0,0.0,1182.6,82.5,🔴 CRITICAL DECAY,Critical,1,1
756,236.39999999999998,235.19,233.99,231.58,4.82,0.5,🟢 STABLE,Low,11,12
757,238.20000000000002,129.8,21.39,0.0,238.2,45.5,🟠 RAPID DECLINE,High,1,2
758,1030.8000000000002,591.99,153.18,0.0,1030.8,42.6,🟠 RAPID DECLINE,High,1,1
759,1084.1999999999998,1081.27,1078.35,1072.49,11.71,0.3,🟢 STABLE,Low,11,12
760,249.60000000000002,147.69,45.78,0.0,249.6,40.8,🟠 RAPID DECLINE,High,1,1
761,1071.0,356.64,0.0,0.0,1071.0,66.7,🔴 CRITICAL DECAY,Critical,1,1
762,843.5999999999999,177.66,0.0,0.0,843.6,78.9,🔴 CRITICAL DECAY,Critical,1,1
763,802.1999999999999,800.03,797.87,793.54,8.66,0.3,🟢 STABLE,Low,11,12
764,238.79999999999998,237.84,236.89,234.98,3.82,0.4,🟢 STABLE,Low,11,12
765,429.59999999999997,248.82,68.05,0.0,429.6,42.1,🟠 RAPID DECLINE,High,1,2
766,946.1999999999999,489.75,33.31,0.0,946.2,48.2,🟠 RAPID DECLINE,High,3,4
767,244.79999999999998,236.53,228.25,211.7,33.1,3.4,🟢 STABLE,Low,11,12
768,891.0,531.48,171.96,0.0,891.0,40.4,🟠 RAPID DECLINE,High,3,4
769,777.5999999999999,688.49,599.37,421.15,356.45,11.5,🟢 STABLE,Low,11,12
770,245.39999999999998,192.86,140.32,35.24,210.16,21.4,🟡 DECLINING,Medium,7,8
771,1120.1999999999998,177.55,0.0,0.0,1120.2,84.2,🔴 CRITICAL DECAY,Critical,1,1
772,238.79999999999998,124.32,9.84,0.0,238.8,47.9,🟠 RAPID DECLINE,High,1,1
773,1066.8000000000002,548.66,30.51,0.0,1066.8,48.6,🟠 RAPID DECLINE,High,1,1
774,1149.6,651.94,154.28,0.0,1149.6,43.3,🟠 RAPID DECLINE,High,3,4
775,1327.8000000000002,1321.43,1315.05,1302.31,25.49,0.5,🟢 STABLE,Low,11,12
776,483.59999999999997,297.46,111.32,0.0,483.6,38.5,🟠 RAPID DECLINE,High,3,4
777,984.0,78.13,0.0,0.0,984.0,92.1,🔴 CRITICAL DECAY,Critical,1,1
778,1284.0,873.63,463.27,0.0,1284.0,32.0,🟡 DECLINING,Medium,4,5
779,544.2,219.97,0.0,0.0,544.2,59.6,🟠 RAPID DECLINE,High,1,1
780,880.1999999999999,876.5,872.81,865.41,14.79,0.4,🟢 STABLE,Low,11,12
781,537.5999999999999,411.1,284.61,31.61,505.99,23.5,🟡 DECLINING,Medium,6,7
782,657.0,564.03,471.07,285.14,371.86,14.2,🟢 STABLE,Low,10,11
783,626.4000000000001,133.99,0.0,0.0,626.4,78.6,🔴 CRITICAL DECAY,Critical,1,1
784,487.20000000000005,484.28,481.35,475.51,11.69,0.6,🟢 STABLE,Low,11,12
785,1320.0,1077.12,834.24,348.48,971.52,18.4,🟡 DECLINING,Medium,8,9
786,663.5999999999999,661.74,659.88,656.17,7.43,0.3,🟢 STABLE,Low,11,12
787,730.2,702.67,675.14,620.09,110.11,3.8,🟢 STABLE,Low,11,12
788,940.8000000000001,875.88,810.97,681.14,259.66,6.9,🟢 STABLE,Low,11,12
789,835.8000000000001,834.3,832.79,829.78,6.02,0.2,🟢 STABLE,Low,11,12
790,718.2,714.39,710.59,702.97,15.23,0.5,🟢 STABLE,Low,11,12
791,922.8000000000001,798.04,673.27,423.75,499.05,13.5,🟢 STABLE,Low,11,12
792,238.20000000000002,234.7,231.2,224.19,14.01,1.5,🟢 STABLE,Low,11,12
793,811.8000000000001,804.9,798.0,784.2,27.6,0.8,🟢 STABLE,Low,11,12
794,540.0,312.44,84.89,0.0,540.0,42.1,🟠 RAPID DECLINE,High,3,4
795,770.4000000000001,616.09,461.78,153.16,617.24,20.0,🟡 DECLINING,Medium,7,8
796,980.4000000000001,936.58,892.75,805.1,175.3,4.5,🟢 STABLE,Low,11,12
797,306.6,201.93,97.25,0.0,306.6,34.1,🟡 DECLINING,Medium,4,5
798,240.0,126.6,13.2,0.0,240.0,47.2,🟠 RAPID DECLINE,High,1,2
799,1161.0,582.82,4.64,0.0,1161.0,49.8,🟠 RAPID DECLINE,High,1,1
800,907.8000000000001,891.01,874.21,840.62,67.18,1.8,🟢 STABLE,Low,11,12
801,1182.0,57.33,0.0,0.0,1182.0,95.1,🔴 CRITICAL DECAY,Critical,1,1
802,285.6,282.72,279.83,274.06,11.54,1.0,🟢 STABLE,Low,11,12
803,770.4000000000001,754.07,737.74,705.07,65.33,2.1,🟢 STABLE,Low,11,12
804,1024.1999999999998,197.67,0.0,0.0,1024.2,80.7,🔴 CRITICAL DECAY,Critical,1,1
805,921.5999999999999,917.54,913.49,905.38,16.22,0.4,🟢 STABLE,Low,11,12
806,662.4000000000001,579.14,495.87,329.35,333.05,12.6,🟢 STABLE,Low,11,12
807,1302.6,1275.9,1249.19,1195.79,106.81,2.0,🟢 STABLE,Low,11,12
808,1215.6,288.46,0.0,0.0,1215.6,76.3,🔴 CRITICAL DECAY,Critical,1,1
809,834.5999999999999,56.67,0.0,0.0,834.6,93.2,🔴 CRITICAL DECAY,Critical,1,1
810,1239.0,754.8,270.6,0.0,1239.0,39.1,🟠 RAPID DECLINE,High,1,1
811,1248.0,1095.74,943.49,638.98,609.02,12.2,🟢 STABLE,Low,1,1
812,303.0,296.94,290.88,278.76,24.24,2.0,🟢 STABLE,Low,11,12
813,364.79999999999995,355.24,345.68,326.57,38.23,2.6,🟢 STABLE,Low,11,12
814,240.60000000000002,187.07,133.53,26.47,214.13,22.2,🟡 DECLINING,Medium,6,7
815,1015.1999999999999,572.27,129.34,0.0,1015.2,43.6,🟠 RAPID DECLINE,High,3,4
816,1034.4,145.75,0.0,0.0,1034.4,85.9,🔴 CRITICAL DECAY,Critical,1,1
817,1244.4,1108.88,973.37,702.34,542.06,10.9,🟢 STABLE,Low,11,12
818,1334.4,292.1,0.0,0.0,1334.4,78.1,🔴 CRITICAL DECAY,Critical,1,1
819,1056.0,1048.08,1040.16,1024.32,31.68,0.8,🟢 STABLE,Low,11,12
820,1276.1999999999998,878.41,480.62,0.0,1276.2,31.2,🟡 DECLINING,Medium,4,5
821,949.8000000000001,941.25,932.7,915.61,34.19,0.9,🟢 STABLE,Low,11,12
822,1237.1999999999998,779.44,321.67,0.0,1237.2,37.0,🟠 RAPID DECLINE,High,1,2
823,767.4000000000001,607.86,448.32,129.23,638.17,20.8,🟡 DECLINING,Medium,7,8
824,309.6,307.53,305.45,301.3,8.3,0.7,🟢 STABLE,Low,11,12
825,1073.4,706.62,339.84,0.0,1073.4,34.2,🟡 DECLINING,Medium,1,1
826,1147.1999999999998,178.39,0.0,0.0,1147.2,84.4,🔴 CRITICAL DECAY,Critical,1,1
827,306.6,211.46,116.32,0.0,306.6,31.0,🟡 DECLINING,Medium,4,5
828,1091.4,1013.26,935.11,778.82,312.58,7.2,🟢 STABLE,Low,11,12
829,538.2,506.66,475.12,412.05,126.15,5.9,🟢 STABLE,Low,11,12
830,1302.6,828.06,353.53,0.0,1302.6,36.4,🟠 RAPID DECLINE,High,1,1
831,300.6,298.59,296.57,292.54,8.06,0.7,🟢 STABLE,Low,11,12
832,889.1999999999999,862.35,835.49,781.78,107.42,3.0,🟢 STABLE,Low,11,12
833,1065.6,632.43,199.27,0.0,1065.6,40.7,🟠 RAPID DECLINE,High,1,2
834,946.1999999999999,138.52,0.0,0.0,946.2,85.4,🔴 CRITICAL DECAY,Critical,1,1
835,1119.0,940.74,762.49,405.97,713.03,15.9,🟡 DECLINING,Medium,9,10
836,856.8000000000001,812.25,767.69,678.59,178.21,5.2,🟢 STABLE,Low,11,12
837,532.8,208.06,0.0,0.0,532.8,60.9,🔴 CRITICAL DECAY,Critical,1,1
838,950.4000000000001,887.01,823.62,696.83,253.57,6.7,🟢 STABLE,Low,11,12
839,244.79999999999998,243.65,242.5,240.2,4.6,0.5,🟢 STABLE,Low,11,12
840,1200.0,941.76,683.52,167.04,1032.96,21.5,🟡 DECLINING,Medium,1,1
841,1260.0,1254.08,1248.16,1236.31,23.69,0.5,🟢 STABLE,Low,11,12
842,237.60000000000002,219.83,202.06,166.51,71.09,7.5,🟢 STABLE,Low,11,12
843,370.20000000000005,287.76,205.31,40.43,329.77,22.3,🟡 DECLINING,Medium,6,7
844,1078.8000000000002,56.21,0.0,0.0,1078.8,94.8,🔴 CRITICAL DECAY,Critical,1,1
845,246.60000000000002,229.63,212.67,178.74,67.86,6.9,🟢 STABLE,Low,11,12
846,1018.1999999999999,1012.6,1007.0,995.8,22.4,0.5,🟢 STABLE,Low,11,12
847,397.79999999999995,374.89,351.97,306.15,91.65,5.8,🟢 STABLE,Low,11,12
848,1104.0,1102.23,1100.47,1096.93,7.07,0.2,🟢 STABLE,Low,11,12
849,1077.6,1074.8,1072.0,1066.39,11.21,0.3,🟢 STABLE,Low,11,12
850,1389.6,1385.29,1380.98,1372.37,17.23,0.3,🟢 STABLE,Low,11,12
851,1021.8000000000001,1018.43,1015.06,1008.31,13.49,0.3,🟢 STABLE,Low,11,12
852,298.20000000000005,215.18,132.16,0.0,298.2,27.8,🟡 DECLINING,Medium,5,6
853,772.1999999999999,507.57,242.93,0.0,772.2,34.3,🟡 DECLINING,Medium,4,5
854,246.0,245.21,244.43,242.85,3.15,0.3,🟢 STABLE,Low,11,12
855,1201.8000000000002,1065.88,929.95,658.11,543.69,11.3,🟢 STABLE,Low,1,1
856,1032.6,1029.61,1026.61,1020.62,11.98,0.3,🟢 STABLE,Low,11,12
857,609.5999999999999,257.25,0.0,0.0,609.6,57.8,🟠 RAPID DECLINE,High,1,1
858,1068.0,995.91,923.82,779.64,288.36,6.8,🟢 STABLE,Low,11,12
859,777.5999999999999,776.28,774.96,772.31,5.29,0.2,🟢 STABLE,Low,11,12
860,237.60000000000002,233.42,229.24,220.87,16.73,1.8,🟢 STABLE,Low,11,12
861,1120.8000000000002,1112.51,1104.21,1087.62,33.18,0.7,🟢 STABLE,Low,11,12
862,883.8000000000001,257.72,0.0,0.0,883.8,70.8,🔴 CRITICAL DECAY,Critical,1,1
863,1141.1999999999998,136.15,0.0,0.0,1141.2,88.1,🔴 CRITICAL DECAY,Critical,1,1
864,1135.8000000000002,482.03,0.0,0.0,1135.8,57.6,🟠 RAPID DECLINE,High,1,1
865,967.1999999999999,250.99,0.0,0.0,967.2,74.0,🔴 CRITICAL DECAY,Critical,1,1
866,468.0,464.12,460.23,452.46,15.54,0.8,🟢 STABLE,Low,11,12
867,246.0,120.32,0.0,0.0,246.0,51.1,🟠 RAPID DECLINE,High,2,3
868,1026.6,847.25,667.91,309.21,717.39,17.5,🟡 DECLINING,Medium,8,9
869,316.79999999999995,310.05,303.3,289.81,26.99,2.1,🟢 STABLE,Low,11,12
870,1178.4,1173.22,1168.03,1157.66,20.74,0.4,🟢 STABLE,Low,11,12
871,1170.6,1035.98,901.36,632.12,538.48,11.5,🟢 STABLE,Low,11,12
872,239.39999999999998,238.87,238.35,237.29,2.11,0.2,🟢 STABLE,Low,11,12
873,609.5999999999999,387.95,166.3,0.0,609.6,36.4,🟠 RAPID DECLINE,High,4,5
874,1196.4,1180.85,1165.29,1134.19,62.21,1.3,🟢 STABLE,Low,11,12
875,417.59999999999997,189.3,0.0,0.0,417.6,54.7,🟠 RAPID DECLINE,High,1,1
876,1261.1999999999998,258.17,0.0,0.0,1261.2,79.5,🔴 CRITICAL DECAY,Critical,1,1
877,721.8,713.35,704.91,688.02,33.78,1.2,🟢 STABLE,Low,11,12
878,777.0,766.98,756.95,736.91,40.09,1.3,🟢 STABLE,Low,11,12
879,655.8,555.92,456.04,256.29,399.51,15.2,🟡 DECLINING,Medium,9,10
880,1321.1999999999998,491.75,0.0,0.0,1321.2,62.8,🔴 CRITICAL DECAY,Critical,1,2
881,231.60000000000002,227.11,222.61,213.63,17.97,1.9,🟢 STABLE,Low,11,12
882,1006.8000000000001,309.49,0.0,0.0,1006.8,69.3,🔴 CRITICAL DECAY,Critical,1,1
883,1335.0,1058.92,782.84,230.69,1104.31,20.7,🟡 DECLINING,Medium,7,8
884,429.59999999999997,415.81,402.02,374.44,55.16,3.2,🟢 STABLE,Low,11,12
885,240.60000000000002,93.02,0.0,0.0,240.6,61.3,🔴 CRITICAL DECAY,Critical,1,1
886,1012.1999999999999,207.4,0.0,0.0,1012.2,79.5,🔴 CRITICAL DECAY,Critical,1,1
887,1326.0,1198.17,1070.35,814.69,511.31,9.6,🟢 STABLE,Low,11,12
888,1094.4,1027.31,960.23,826.05,268.35,6.1,🟢 STABLE,Low,11,12
889,1206.6,961.78,716.96,227.32,979.28,20.3,🟡 DECLINING,Medium,1,1
890,1071.6,894.89,718.19,364.77,706.83,16.5,🟡 DECLINING,Medium,9,10
891,1246.1999999999998,683.91,121.63,0.0,1246.2,45.1,🟠 RAPID DECLINE,High,1,1
892,973.1999999999999,711.02,448.84,0.0,973.2,26.9,🟡 DECLINING,Medium,5,6
893,295.20000000000005,124.22,0.0,0.0,295.2,57.9,🟠 RAPID DECLINE,High,1,2
894,974.4000000000001,908.73,843.05,711.7,262.7,6.7,🟢 STABLE,Low,11,12
895,1131.6,688.92,246.24,0.0,1131.6,39.1,🟠 RAPID DECLINE,High,3,4
896,1393.1999999999998,1383.31,1373.42,1353.63,39.57,0.7,🟢 STABLE,Low,11,12
897,1266.6,1238.23,1209.86,1153.11,113.49,2.2,🟢 STABLE,Low,11,12
898,1186.8000000000002,114.05,0.0,0.0,1186.8,90.4,🔴 CRITICAL DECAY,Critical,1,1
899,1132.8000000000002,702.22,271.65,0.0,1132.8,38.0,🟠 RAPID DECLINE,High,3,4
900,234.0,135.37,36.74,0.0,234.0,42.1,🟠 RAPID DECLINE,High,1,2
901,1179.6,212.56,0.0,0.0,1179.6,82.0,🔴 CRITICAL DECAY,Critical,1,1
902,1126.1999999999998,531.23,0.0,0.0,1126.2,52.8,🟠 RAPID DECLINE,High,1,1
903,1267.1999999999998,786.42,305.65,0.0,1267.2,37.9,🟠 RAPID DECLINE,High,3,4
904,976.1999999999999,967.61,959.02,941.84,34.36,0.9,🟢 STABLE,Low,11,12
905,1206.0,87.68,0.0,0.0,1206.0,92.7,🔴 CRITICAL DECAY,Critical,1,1
906,676.8,227.2,0.0,0.0,676.8,66.4,🔴 CRITICAL DECAY,Critical,1,2
907,784.1999999999999,724.37,664.53,544.86,239.34,7.6,🟢 STABLE,Low,11,12
908,239.39999999999998,175.46,111.51,0.0,239.4,26.7,🟡 DECLINING,Medium,5,6
909,1335.0,1314.04,1293.08,1251.16,83.84,1.6,🟢 STABLE,Low,11,12
910,874.1999999999999,223.71,0.0,0.0,874.2,74.4,🔴 CRITICAL DECAY,Critical,1,1
911,1068.0,395.69,0.0,0.0,1068.0,63.0,🔴 CRITICAL DECAY,Critical,2,3
912,1273.1999999999998,1229.53,1185.86,1098.52,174.68,3.4,🟢 STABLE,Low,11,12
913,240.60000000000002,236.25,231.89,223.18,17.42,1.8,🟢 STABLE,Low,11,12
914,302.4,301.64,300.89,299.38,3.02,0.3,🟢 STABLE,Low,11,12
915,882.5999999999999,61.43,0.0,0.0,882.6,93.0,🔴 CRITICAL DECAY,Critical,1,1
916,904.8000000000001,564.41,224.03,0.0,904.8,37.6,🟠 RAPID DECLINE,High,3,4
917,786.5999999999999,784.32,782.04,777.48,9.12,0.3,🟢 STABLE,Low,11,12
918,968.4000000000001,397.33,0.0,0.0,968.4,59.0,🟠 RAPID DECLINE,High,1,2
919,1254.6,704.08,153.56,0.0,1254.6,43.9,🟠 RAPID DECLINE,High,3,4
920,289.79999999999995,280.38,270.96,252.13,37.67,3.3,🟢 STABLE,Low,11,12
921,245.39999999999998,201.52,157.64,69.89,175.51,17.9,🟡 DECLINING,Medium,8,9
922,904.8000000000001,233.26,0.0,0.0,904.8,74.2,🔴 CRITICAL DECAY,Critical,1,1
923,956.4000000000001,880.17,803.95,651.5,304.9,8.0,🟢 STABLE,Low,11,12
924,980.4000000000001,583.34,186.28,0.0,980.4,40.5,🟠 RAPID DECLINE,High,3,4
925,915.5999999999999,868.54,821.48,727.35,188.25,5.1,🟢 STABLE,Low,11,12
926,952.8000000000001,78.51,0.0,0.0,952.8,91.8,🔴 CRITICAL DECAY,Critical,1,1
927,973.8000000000001,291.56,0.0,0.0,973.8,70.1,🔴 CRITICAL DECAY,Critical,1,1
928,1245.0,1224.96,1204.91,1164.82,80.18,1.6,🟢 STABLE,Low,11,12
929,1037.4,912.6,787.8,538.2,499.2,12.0,🟢 STABLE,Low,11,12
930,901.1999999999999,623.09,344.98,0.0,901.2,30.9,🟡 DECLINING,Medium,4,5
931,967.1999999999999,960.53,953.85,940.51,26.69,0.7,🟢 STABLE,Low,11,12
932,231.60000000000002,231.25,230.91,230.21,1.39,0.2,🟢 STABLE,Low,11,12
933,1015.1999999999999,54.41,0.0,0.0,1015.2,94.6,🔴 CRITICAL DECAY,Critical,1,1
934,403.20000000000005,383.0,362.8,322.4,80.8,5.0,🟢 STABLE,Low,11,12
935,999.0,93.61,0.0,0.0,999.0,90.6,🔴 CRITICAL DECAY,Critical,1,1
936,970.1999999999999,957.68,945.17,920.14,50.06,1.3,🟢 STABLE,Low,11,12
937,948.5999999999999,276.52,0.0,0.0,948.6,70.8,🔴 CRITICAL DECAY,Critical,1,1
938,1296.6,1015.11,733.62,170.63,1125.97,21.7,🟡 DECLINING,Medium,6,7
939,238.79999999999998,185.6,132.39,25.98,212.82,22.3,🟡 DECLINING,Medium,6,7
940,252.60000000000002,243.33,234.06,215.52,37.08,3.7,🟢 STABLE,Low,11,12
941,361.79999999999995,320.19,278.59,195.37,166.43,11.5,🟢 STABLE,Low,11,12
942,958.1999999999999,582.68,207.16,0.0,958.2,39.2,🟠 RAPID DECLINE,High,3,4
943,786.0,784.27,782.54,779.08,6.92,0.2,🟢 STABLE,Low,11,12
944,1249.1999999999998,1032.09,814.98,380.76,868.44,17.4,🟡 DECLINING,Medium,8,9
945,892.8000000000001,314.18,0.0,0.0,892.8,64.8,🔴 CRITICAL DECAY,Critical,1,1
946,246.0,142.53,39.06,0.0,246.0,42.1,🟠 RAPID DECLINE,High,3,4
947,1096.1999999999998,740.26,384.33,0.0,1096.2,32.5,🟡 DECLINING,Medium,1,2
948,1188.6,257.93,0.0,0.0,1188.6,78.3,🔴 CRITICAL DECAY,Critical,1,1
949,246.0,244.94,243.88,241.77,4.23,0.4,🟢 STABLE,Low,11,12
950,539.4000000000001,204.32,0.0,0.0,539.4,62.1,🔴 CRITICAL DECAY,Critical,1,1
951,907.1999999999999,351.18,0.0,0.0,907.2,61.3,🔴 CRITICAL DECAY,Critical,1,2
952,661.2,610.55,559.9,458.61,202.59,7.7,🟢 STABLE,Low,11,12
953,707.4000000000001,587.71,468.02,228.63,478.77,16.9,🟡 DECLINING,Medium,8,9
954,1141.1999999999998,277.43,0.0,0.0,1141.2,75.7,🔴 CRITICAL DECAY,Critical,1,1
955,536.4000000000001,287.89,39.37,0.0,536.4,46.3,🟠 RAPID DECLINE,High,3,4
956,305.4,304.39,303.38,301.37,4.03,0.3,🟢 STABLE,Low,11,12
957,681.0,436.66,192.31,0.0,681.0,35.9,🟠 RAPID DECLINE,High,4,5
958,981.0,960.99,940.98,900.95,80.05,2.0,🟢 STABLE,Low,11,12
959,1033.1999999999998,564.64,96.09,0.0,1033.2,45.4,🟠 RAPID DECLINE,High,1,1
960,357.6,232.05,106.49,0.0,357.6,35.1,🟠 RAPID DECLINE,High,4,5
961,246.0,235.42,224.84,203.69,42.31,4.3,🟢 STABLE,Low,11,12
962,730.8,636.67,542.55,354.29,376.51,12.9,🟢 STABLE,Low,11,12
963,879.0,876.1,873.2,867.4,11.6,0.3,🟢 STABLE,Low,11,12
964,548.4000000000001,150.32,0.0,0.0,548.4,72.6,🔴 CRITICAL DECAY,Critical,1,1
965,1203.6,355.3,0.0,0.0,1203.6,70.5,🔴 CRITICAL DECAY,Critical,1,1
966,231.0,137.28,43.57,0.0,231.0,40.6,🟠 RAPID DECLINE,High,3,4
967,250.20000000000002,190.08,129.95,9.71,240.49,24.0,🟡 DECLINING,Medium,6,7
968,928.1999999999999,925.14,922.07,915.95,12.25,0.3,🟢 STABLE,Low,11,12
969,1152.0,58.29,0.0,0.0,1152.0,94.9,🔴 CRITICAL DECAY,Critical,1,1
970,1086.6,71.82,0.0,0.0,1086.6,93.4,🔴 CRITICAL DECAY,Critical,1,1
971,1126.1999999999998,942.4,758.61,391.02,735.18,16.3,🟡 DECLINING,Medium,9,10
972,841.1999999999999,837.16,833.12,825.05,16.15,0.5,🟢 STABLE,Low,11,12
973,364.20000000000005,176.2,0.0,0.0,364.2,51.6,🟠 RAPID DECLINE,High,1,1
974,911.4000000000001,902.01,892.63,873.85,37.55,1.0,🟢 STABLE,Low,11,12
975,1296.6,1116.5,936.4,576.21,720.39,13.9,🟢 STABLE,Low,1,1
976,838.8000000000001,56.95,0.0,0.0,838.8,93.2,🔴 CRITICAL DECAY,Critical,1,1
977,903.0,259.43,0.0,0.0,903.0,71.3,🔴 CRITICAL DECAY,Critical,1,2
978,1245.0,716.75,188.49,0.0,1245.0,42.4,🟠 RAPID DECLINE,High,3,4
979,659.4000000000001,636.91,614.43,569.46,89.94,3.4,🟢 STABLE,Low,11,12
980,234.0,167.52,101.04,0.0,234.0,28.4,🟡 DECLINING,Medium,5,6
981,235.20000000000002,233.88,232.57,229.93,5.27,0.6,🟢 STABLE,Low,11,12
982,574.2,555.08,535.96,497.72,76.48,3.3,🟢 STABLE,Low,11,12
983,1039.1999999999998,34.81,0.0,0.0,1039.2,96.7,🔴 CRITICAL DECAY,Critical,1,1
984,285.0,284.12,283.23,281.47,3.53,0.3,🟢 STABLE,Low,11,12
985,967.1999999999999,632.74,298.28,0.0,967.2,34.6,🟡 DECLINING,Medium,4,5
986,525.5999999999999,461.69,397.77,269.95,255.65,12.2,🟢 STABLE,Low,11,12
987,237.0,178.91,120.82,4.65,232.35,24.5,🟡 DECLINING,Medium,6,7
988,229.79999999999998,213.92,198.04,166.28,63.52,6.9,🟢 STABLE,Low,11,12
989,235.20000000000002,232.26,229.32,223.44,11.76,1.3,🟢 STABLE,Low,11,12
990,963.5999999999999,952.04,940.47,917.35,46.25,1.2,🟢 STABLE,Low,11,12
991,292.20000000000005,290.62,289.04,285.89,6.31,0.5,🟢 STABLE,Low,11,12
992,303.0,296.73,290.46,277.91,25.09,2.1,🟢 STABLE,Low,11,12
993,313.20000000000005,305.62,298.04,282.88,30.32,2.4,🟢 STABLE,Low,11,12
994,240.0,239.18,238.37,236.74,3.26,0.3,🟢 STABLE,Low,11,12
995,1023.5999999999999,584.78,145.97,0.0,1023.6,42.9,🟠 RAPID DECLINE,High,1,1
996,840.0,339.7,0.0,0.0,840.0,59.6,🟠 RAPID DECLINE,High,1,1
997,1131.6,50.02,0.0,0.0,1131.6,95.6,🔴 CRITICAL DECAY,Critical,1,1
998,248.39999999999998,247.83,247.26,246.11,2.29,0.2,🟢 STABLE,Low,11,12
999,843.5999999999999,619.62,395.65,0.0,843.6,26.6,🟡 DECLINING,Medium,5,6
1000,1144.1999999999998,150.0,0.0,0.0,1144.2,86.9,🔴 CRITICAL DECAY,Critical,1,1
1001,906.0,297.17,0.0,0.0,906.0,67.2,🔴 CRITICAL DECAY,Critical,1,1
1002,834.5999999999999,366.89,0.0,0.0,834.6,56.0,🟠 RAPID DECLINE,High,1,2
1003,238.20000000000002,236.63,235.06,231.91,6.29,0.7,🟢 STABLE,Low,11,12
1004,240.0,207.34,174.67,109.34,130.66,13.6,🟢 STABLE,Low,11,12
1005,1150.1999999999998,870.24,590.28,30.37,1119.83,24.3,🟡 DECLINING,Medium,6,7
1006,1081.1999999999998,253.54,0.0,0.0,1081.2,76.6,🔴 CRITICAL DECAY,Critical,1,1
1007,827.4000000000001,182.52,0.0,0.0,827.4,77.9,🔴 CRITICAL DECAY,Critical,1,1
1008,1194.6,622.15,49.7,0.0,1194.6,47.9,🟠 RAPID DECLINE,High,1,1
1009,249.0,232.74,216.48,183.96,65.04,6.5,🟢 STABLE,Low,11,12
1010,601.8,289.1,0.0,0.0,601.8,52.0,🟠 RAPID DECLINE,High,2,3
1011,703.8,698.52,693.24,682.69,21.11,0.8,🟢 STABLE,Low,11,12
1012,1150.8000000000002,267.79,0.0,0.0,1150.8,76.7,🔴 CRITICAL DECAY,Critical,1,1
1013,594.0,323.97,53.94,0.0,594.0,45.5,🟠 RAPID DECLINE,High,1,2
1014,689.4000000000001,601.16,512.91,336.43,352.97,12.8,🟢 STABLE,Low,11,12
1015,643.8,545.17,446.54,249.28,394.52,15.3,🟡 DECLINING,Medium,9,10
1016,961.1999999999999,958.7,956.2,951.2,10.0,0.3,🟢 STABLE,Low,11,12
1017,292.79999999999995,286.39,279.98,267.15,25.65,2.2,🟢 STABLE,Low,11,12
1018,480.59999999999997,120.63,0.0,0.0,480.6,74.9,🔴 CRITICAL DECAY,Critical,1,1
1019,234.0,181.84,129.68,25.37,208.63,22.3,🟡 DECLINING,Medium,6,7
1020,612.5999999999999,545.89,479.18,345.75,266.85,10.9,🟢 STABLE,Low,11,12
1021,652.2,614.05,575.89,499.59,152.61,5.8,🟢 STABLE,Low,11,12
1022,1016.4000000000001,208.97,0.0,0.0,1016.4,79.4,🔴 CRITICAL DECAY,Critical,1,1
1023,1033.1999999999998,765.19,497.18,0.0,1033.2,25.9,🟡 DECLINING,Medium,5,6
1024,844.1999999999999,568.57,292.94,0.0,844.2,32.6,🟡 DECLINING,Medium,4,5
1025,1320.0,1290.83,1261.66,1203.31,116.69,2.2,🟢 STABLE,Low,11,12
1026,1207.1999999999998,75.93,0.0,0.0,1207.2,93.7,🔴 CRITICAL DECAY,Critical,1,1
1027,1138.8000000000002,1101.45,1064.09,989.39,149.41,3.3,🟢 STABLE,Low,11,12
1028,1005.0,423.51,0.0,0.0,1005.0,57.9,🟠 RAPID DECLINE,High,1,1
1029,1059.6,411.65,0.0,0.0,1059.6,61.2,🔴 CRITICAL DECAY,Critical,1,1
1030,837.0,745.1,653.19,469.39,367.61,11.0,🟢 STABLE,Low,11,12
1031,859.1999999999999,828.61,798.02,736.85,122.35,3.6,🟢 STABLE,Low,11,12
1032,1105.1999999999998,181.81,0.0,0.0,1105.2,83.5,🔴 CRITICAL DECAY,Critical,1,1
1033,283.79999999999995,281.5,279.2,274.6,9.2,0.8,🟢 STABLE,Low,11,12
1034,982.1999999999999,979.74,977.29,972.38,9.82,0.3,🟢 STABLE,Low,11,12
1035,301.20000000000005,299.69,298.19,295.18,6.02,0.5,🟢 STABLE,Low,11,12
1036,1376.4,1365.53,1354.65,1332.91,43.49,0.8,🟢 STABLE,Low,11,12
1037,589.8,362.61,135.42,0.0,589.8,38.5,🟠 RAPID DECLINE,High,1,2
1038,970.8000000000001,790.04,609.27,247.75,723.05,18.6,🟡 DECLINING,Medium,8,9
1039,953.4000000000001,461.35,0.0,0.0,953.4,51.6,🟠 RAPID DECLINE,High,1,1
1040,1085.4,600.44,115.49,0.0,1085.4,44.7,🟠 RAPID DECLINE,High,1,2
1041,231.60000000000002,222.54,213.49,195.38,36.22,3.9,🟢 STABLE,Low,11,12
1042,842.4000000000001,429.46,16.51,0.0,842.4,49.0,🟠 RAPID DECLINE,High,1,2
1043,837.0,692.03,547.06,257.13,579.87,17.3,🟡 DECLINING,Medium,1,1
1044,651.0,621.18,591.37,531.74,119.26,4.6,🟢 STABLE,Low,11,12
1045,1191.6,573.04,0.0,0.0,1191.6,51.9,🟠 RAPID DECLINE,High,1,1
1046,888.0,875.12,862.25,836.5,51.5,1.5,🟢 STABLE,Low,11,12
1047,603.0,325.44,47.88,0.0,603.0,46.0,🟠 RAPID DECLINE,High,3,4
1048,237.60000000000002,228.93,220.26,202.91,34.69,3.6,🟢 STABLE,Low,11,12
1049,235.79999999999998,121.01,6.23,0.0,235.8,48.7,🟠 RAPID DECLINE,High,1,1
1050,523.8,194.49,0.0,0.0,523.8,62.9,🔴 CRITICAL DECAY,Critical,1,1
1051,426.0,338.24,250.49,74.98,351.02,20.6,🟡 DECLINING,Medium,7,8
1052,969.0,896.52,824.04,679.08,289.92,7.5,🟢 STABLE,Low,11,12
1053,474.0,226.62,0.0,0.0,474.0,52.2,🟠 RAPID DECLINE,High,1,1
1054,1165.1999999999998,490.32,0.0,0.0,1165.2,57.9,🟠 RAPID DECLINE,High,1,1
1055,234.60000000000002,229.23,223.86,213.11,21.49,2.3,🟢 STABLE,Low,11,12
1056,960.0,153.22,0.0,0.0,960.0,84.0,🔴 CRITICAL DECAY,Critical,1,1
1057,1016.4000000000001,645.21,274.02,0.0,1016.4,36.5,🟠 RAPID DECLINE,High,1,1
1058,1074.6,550.73,26.87,0.0,1074.6,48.8,🟠 RAPID DECLINE,High,1,1
1059,1087.1999999999998,319.96,0.0,0.0,1087.2,70.6,🔴 CRITICAL DECAY,Critical,1,1
1060,240.60000000000002,235.33,230.06,219.52,21.08,2.2,🟢 STABLE,Low,11,12
1061,1348.8000000000002,1344.08,1339.36,1329.92,18.88,0.3,🟢 STABLE,Low,11,12
1062,602.4000000000001,557.58,512.76,423.13,179.27,7.4,🟢 STABLE,Low,11,12
1063,747.0,655.19,563.39,379.77,367.23,12.3,🟢 STABLE,Low,11,12
1064,668.4000000000001,640.39,612.39,556.38,112.02,4.2,🟢 STABLE,Low,11,12
1065,1080.6,723.14,365.68,0.0,1080.6,33.1,🟡 DECLINING,Medium,4,5
1066,235.79999999999998,233.77,231.74,227.69,8.11,0.9,🟢 STABLE,Low,11,12
1067,1071.0,579.84,88.68,0.0,1071.0,45.9,🟠 RAPID DECLINE,High,3,4
1068,1188.6,427.9,0.0,0.0,1188.6,64.0,🔴 CRITICAL DECAY,Critical,1,1
1069,648.0,615.34,582.68,517.36,130.64,5.0,🟢 STABLE,Low,11,12
1070,837.0,295.54,0.0,0.0,837.0,64.7,🔴 CRITICAL DECAY,Critical,1,1
1071,588.5999999999999,247.27,0.0,0.0,588.6,58.0,🟠 RAPID DECLINE,High,1,1
1072,681.0,672.76,664.52,648.04,32.96,1.2,🟢 STABLE,Low,11,12
1073,1176.6,151.19,0.0,0.0,1176.6,87.2,🔴 CRITICAL DECAY,Critical,1,1
1074,253.20000000000002,149.82,46.44,0.0,253.2,40.8,🟠 RAPID DECLINE,High,1,1
1075,1159.8000000000002,1079.08,998.36,836.91,322.89,7.0,🟢 STABLE,Low,11,12
1076,294.0,280.74,267.48,240.96,53.04,4.5,🟢 STABLE,Low,11,12
1077,1374.0,817.26,260.51,0.0,1374.0,40.5,🟠 RAPID DECLINE,High,1,1
1078,950.4000000000001,934.43,918.47,886.53,63.87,1.7,🟢 STABLE,Low,11,12
1079,834.5999999999999,289.61,0.0,0.0,834.6,65.3,🔴 CRITICAL DECAY,Critical,1,1
1080,240.60000000000002,239.13,237.66,234.73,5.87,0.6,🟢 STABLE,Low,11,12
1081,1186.1999999999998,216.84,0.0,0.0,1186.2,81.7,🔴 CRITICAL DECAY,Critical,1,1
1082,309.0,305.6,302.2,295.4,13.6,1.1,🟢 STABLE,Low,11,12
1083,971.4000000000001,148.24,0.0,0.0,971.4,84.7,🔴 CRITICAL DECAY,Critical,1,1
1084,235.20000000000002,229.16,223.11,211.02,24.18,2.6,🟢 STABLE,Low,11,12
1085,891.5999999999999,370.01,0.0,0.0,891.6,58.5,🟠 RAPID DECLINE,High,1,1
1086,1076.4,414.2,0.0,0.0,1076.4,61.5,🔴 CRITICAL DECAY,Critical,1,1
1087,1051.8000000000002,996.9,941.99,832.18,219.62,5.2,🟢 STABLE,Low,11,12
1088,1205.4,325.22,0.0,0.0,1205.4,73.0,🔴 CRITICAL DECAY,Critical,1,1
1089,897.0,214.11,0.0,0.0,897.0,76.1,🔴 CRITICAL DECAY,Critical,1,1
1090,1289.4,1126.03,962.67,635.93,653.47,12.7,🟢 STABLE,Low,11,12
1091,904.1999999999999,802.03,699.85,495.5,408.7,11.3,🟢 STABLE,Low,11,12
1092,779.4000000000001,773.01,766.62,753.84,25.56,0.8,🟢 STABLE,Low,11,12
1093,1205.4,1202.51,1199.61,1193.83,11.57,0.2,🟢 STABLE,Low,11,12
1094,822.0,803.83,785.67,749.34,72.66,2.2,🟢 STABLE,Low,11,12
1095,966.5999999999999,56.84,0.0,0.0,966.6,94.1,🔴 CRITICAL DECAY,Critical,1,1
1096,975.0,752.02,529.04,83.07,891.93,22.9,🟡 DECLINING,Medium,6,7
1097,1084.8000000000002,830.74,576.68,68.56,1016.24,23.4,🟡 DECLINING,Medium,6,7
1098,1074.6,1017.32,960.05,845.5,229.1,5.3,🟢 STABLE,Low,11,12
1099,668.4000000000001,475.63,282.87,0.0,668.4,28.8,🟡 DECLINING,Medium,5,6
1100,297.6,240.07,182.55,67.5,230.1,19.3,🟡 DECLINING,Medium,7,8
1101,240.0,160.01,80.02,0.0,240.0,33.3,🟡 DECLINING,Medium,4,5
1102,673.8,378.61,83.42,0.0,673.8,43.8,🟠 RAPID DECLINE,High,1,1
1103,1262.4,1116.97,971.54,680.69,581.71,11.5,🟢 STABLE,Low,11,12
1104,234.60000000000002,226.32,218.04,201.47,33.13,3.5,🟢 STABLE,Low,11,12
1105,957.0,198.67,0.0,0.0,957.0,79.2,🔴 CRITICAL DECAY,Critical,1,1
1106,1169.4,1155.25,1141.1,1112.8,56.6,1.2,🟢 STABLE,Low,11,12
1107,291.0,289.2,287.39,283.78,7.22,0.6,🟢 STABLE,Low,11,12
1108,295.20000000000005,293.96,292.72,290.24,4.96,0.4,🟢 STABLE,Low,11,12
1109,601.8,508.82,415.84,229.89,371.91,15.5,🟡 DECLINING,Medium,9,10
1110,475.20000000000005,471.78,468.36,461.51,13.69,0.7,🟢 STABLE,Low,11,12
1111,1132.8000000000002,407.24,0.0,0.0,1132.8,64.1,🔴 CRITICAL DECAY,Critical,1,1
1112,1078.1999999999998,1076.58,1074.97,1071.73,6.47,0.2,🟢 STABLE,Low,11,12
1113,947.4000000000001,551.48,155.56,0.0,947.4,41.8,🟠 RAPID DECLINE,High,1,1
1114,1186.1999999999998,360.72,0.0,0.0,1186.2,69.6,🔴 CRITICAL DECAY,Critical,1,1
1115,646.2,626.75,607.3,568.4,77.8,3.0,🟢 STABLE,Low,11,12
1116,291.0,271.39,251.77,212.55,78.45,6.7,🟢 STABLE,Low,11,12
1117,1073.4,1058.8,1044.2,1015.01,58.39,1.4,🟢 STABLE,Low,11,12
1118,1263.0,934.49,605.99,0.0,1263.0,26.0,🟡 DECLINING,Medium,5,6
1119,714.0,711.79,709.57,705.15,8.85,0.3,🟢 STABLE,Low,11,12
1120,846.5999999999999,661.03,475.45,104.3,742.3,21.9,🟡 DECLINING,Medium,6,7
1121,990.0,956.24,922.48,854.96,135.04,3.4,🟢 STABLE,Low,11,12
1122,538.2,382.34,226.47,0.0,538.2,29.0,🟡 DECLINING,Medium,5,6
1123,739.2,705.27,671.34,603.48,135.72,4.6,🟢 STABLE,Low,11,12
1124,588.5999999999999,488.77,388.95,189.29,399.31,17.0,🟡 DECLINING,Medium,8,9
1125,1267.8000000000002,357.27,0.0,0.0,1267.8,71.8,🔴 CRITICAL DECAY,Critical,1,1
1126,895.8000000000001,315.77,0.0,0.0,895.8,64.7,🔴 CRITICAL DECAY,Critical,1,1
1127,795.0,748.33,701.67,608.33,186.67,5.9,🟢 STABLE,Low,11,12
1128,232.79999999999998,181.84,130.88,28.96,203.84,21.9,🟡 DECLINING,Medium,6,7
1129,1032.6,578.05,123.5,0.0,1032.6,44.0,🟠 RAPID DECLINE,High,3,4
1130,229.79999999999998,228.9,228.01,226.22,3.58,0.4,🟢 STABLE,Low,11,12
1131,776.4000000000001,692.47,608.54,440.68,335.72,10.8,🟢 STABLE,Low,11,12
1132,1248.6,178.92,0.0,0.0,1248.6,85.7,🔴 CRITICAL DECAY,Critical,1,1
1133,231.0,171.24,111.48,0.0,231.0,25.9,🟡 DECLINING,Medium,1,2
1134,983.4000000000001,647.77,312.13,0.0,983.4,34.1,🟡 DECLINING,Medium,4,5
1135,1375.8000000000002,1370.98,1366.17,1356.54,19.26,0.4,🟢 STABLE,Low,11,12
1136,240.0,238.92,237.84,235.68,4.32,0.5,🟢 STABLE,Low,11,12
1137,237.60000000000002,236.98,236.36,235.13,2.47,0.3,🟢 STABLE,Low,11,12
1138,781.8000000000001,727.23,672.66,563.52,218.28,7.0,🟢 STABLE,Low,11,12
1139,235.79999999999998,224.46,213.12,190.43,45.37,4.8,🟢 STABLE,Low,11,12
1140,1067.4,1057.9,1048.4,1029.4,38.0,0.9,🟢 STABLE,Low,11,12
1141,242.39999999999998,192.64,142.87,43.34,199.06,20.5,🟡 DECLINING,Medium,7,8
1142,902.4000000000001,497.04,91.68,0.0,902.4,44.9,🟠 RAPID DECLINE,High,1,2
1143,681.5999999999999,504.93,328.26,0.0,681.6,25.9,🟡 DECLINING,Medium,5,6
1144,426.59999999999997,45.43,0.0,0.0,426.6,89.4,🔴 CRITICAL DECAY,Critical,1,1
1145,906.0,507.36,108.72,0.0,906.0,44.0,🟠 RAPID DECLINE,High,3,4
1146,427.20000000000005,414.17,401.14,375.08,52.12,3.1,🟢 STABLE,Low,11,12
1147,723.0,358.1,0.0,0.0,723.0,50.5,🟠 RAPID DECLINE,High,1,2
1148,1141.8000000000002,61.66,0.0,0.0,1141.8,94.6,🔴 CRITICAL DECAY,Critical,1,1
1149,1159.8000000000002,480.04,0.0,0.0,1159.8,58.6,🟠 RAPID DECLINE,High,1,1
1150,484.20000000000005,291.25,98.29,0.0,484.2,39.8,🟠 RAPID DECLINE,High,3,4
1151,226.20000000000002,128.03,29.86,0.0,226.2,43.4,🟠 RAPID DECLINE,High,1,2
1152,658.2,337.26,16.32,0.0,658.2,48.8,🟠 RAPID DECLINE,High,3,4
1153,771.5999999999999,751.08,730.55,689.5,82.1,2.7,🟢 STABLE,Low,11,12
1154,295.79999999999995,290.53,285.27,274.74,21.06,1.8,🟢 STABLE,Low,11,12
1155,913.1999999999999,906.99,900.78,888.36,24.84,0.7,🟢 STABLE,Low,11,12
1156,224.39999999999998,222.0,219.6,214.8,9.6,1.1,🟢 STABLE,Low,11,12
1157,1175.4,1092.53,1009.67,843.94,331.46,7.1,🟢 STABLE,Low,11,12
1158,1129.1999999999998,723.59,317.98,0.0,1129.2,35.9,🟠 RAPID DECLINE,High,4,5
1159,964.8000000000001,190.93,0.0,0.0,964.8,80.2,🔴 CRITICAL DECAY,Critical,1,1
1160,1141.1999999999998,246.04,0.0,0.0,1141.2,78.4,🔴 CRITICAL DECAY,Critical,1,1
1161,376.20000000000005,195.96,15.73,0.0,376.2,47.9,🟠 RAPID DECLINE,High,1,1
1162,868.1999999999999,846.23,824.27,780.34,87.86,2.5,🟢 STABLE,Low,11,12
1163,1077.0,207.32,0.0,0.0,1077.0,80.8,🔴 CRITICAL DECAY,Critical,1,1
1164,992.4000000000001,990.71,989.03,985.65,6.75,0.2,🟢 STABLE,Low,11,12
1165,238.79999999999998,234.36,229.92,221.03,17.77,1.9,🟢 STABLE,Low,11,12
1166,645.5999999999999,352.88,60.17,0.0,645.6,45.3,🟠 RAPID DECLINE,High,1,1
1167,618.5999999999999,560.33,502.06,385.51,233.09,9.4,🟢 STABLE,Low,11,12
1168,235.79999999999998,227.31,218.82,201.84,33.96,3.6,🟢 STABLE,Low,11,12
1169,528.5999999999999,506.4,484.2,439.8,88.8,4.2,🟢 STABLE,Low,11,12
1170,1368.0,1363.35,1358.7,1349.4,18.6,0.3,🟢 STABLE,Low,11,12
1171,1132.8000000000002,725.11,317.41,0.0,1132.8,36.0,🟠 RAPID DECLINE,High,4,5
1172,1204.8000000000002,655.05,105.3,0.0,1204.8,45.6,🟠 RAPID DECLINE,High,1,2
1173,238.20000000000002,93.9,0.0,0.0,238.2,60.6,🔴 CRITICAL DECAY,Critical,1,1
1174,651.0,608.69,566.37,481.74,169.26,6.5,🟢 STABLE,Low,11,12
1175,960.0,283.78,0.0,0.0,960.0,70.4,🔴 CRITICAL DECAY,Critical,1,1
1176,1318.8000000000002,199.27,0.0,0.0,1318.8,84.9,🔴 CRITICAL DECAY,Critical,1,1
1177,950.4000000000001,946.5,942.61,934.81,15.59,0.4,🟢 STABLE,Low,11,12
1178,1216.1999999999998,236.92,0.0,0.0,1216.2,80.5,🔴 CRITICAL DECAY,Critical,1,2
1179,1131.6,480.25,0.0,0.0,1131.6,57.6,🟠 RAPID DECLINE,High,2,3
1180,597.5999999999999,588.7,579.79,561.98,35.62,1.5,🟢 STABLE,Low,11,12
1181,720.5999999999999,640.76,560.92,401.23,319.37,11.1,🟢 STABLE,Low,11,12
1182,645.0,484.85,324.69,4.39,640.61,24.8,🟡 DECLINING,Medium,6,7
1183,1121.4,972.14,822.88,524.37,597.03,13.3,🟢 STABLE,Low,11,12
1184,1054.8000000000002,738.36,421.92,0.0,1054.8,30.0,🟡 DECLINING,Medium,4,5
1185,721.8,157.57,0.0,0.0,721.8,78.2,🔴 CRITICAL DECAY,Critical,1,1
1186,732.5999999999999,723.44,714.29,695.97,36.63,1.3,🟢 STABLE,Low,11,12
1187,1248.6,1240.11,1231.62,1214.64,33.96,0.7,🟢 STABLE,Low,11,12
1188,1191.0,764.86,338.72,0.0,1191.0,35.8,🟠 RAPID DECLINE,High,4,5
1189,1028.4,496.41,0.0,0.0,1028.4,51.7,🟠 RAPID DECLINE,High,1,2
1190,1258.1999999999998,1046.19,834.19,410.17,848.03,16.9,🟡 DECLINING,Medium,8,9
1191,829.8000000000001,824.07,818.35,806.9,22.9,0.7,🟢 STABLE,Low,11,12
1192,1085.4,106.8,0.0,0.0,1085.4,90.2,🔴 CRITICAL DECAY,Critical,1,1
1193,893.4000000000001,871.24,849.09,804.77,88.63,2.5,🟢 STABLE,Low,11,12
1194,605.4000000000001,502.06,398.72,192.03,413.37,17.1,🟡 DECLINING,Medium,8,9
1195,720.0,436.46,152.93,0.0,720.0,39.4,🟠 RAPID DECLINE,High,3,4
1196,1023.0,1016.04,1009.09,995.17,27.83,0.7,🟢 STABLE,Low,11,12
1197,233.39999999999998,180.96,128.51,23.62,209.78,22.5,🟡 DECLINING,Medium,6,7
1198,249.0,246.39,243.77,238.54,10.46,1.0,🟢 STABLE,Low,11,12
1199,946.8000000000001,482.11,17.42,0.0,946.8,49.1,🟠 RAPID DECLINE,High,3,4
1200,1254.0,754.78,255.57,0.0,1254.0,39.8,🟠 RAPID DECLINE,High,3,4
1201,592.8,417.98,243.17,0.0,592.8,29.5,🟡 DECLINING,Medium,5,6
1202,1131.0,936.35,741.71,352.42,778.58,17.2,🟡 DECLINING,Medium,1,1
1203,300.0,298.26,296.52,293.04,6.96,0.6,🟢 STABLE,Low,11,12
1204,306.6,279.8,253.01,199.41,107.19,8.7,🟢 STABLE,Low,11,12
1205,898.8000000000001,67.86,0.0,0.0,898.8,92.4,🔴 CRITICAL DECAY,Critical,1,1
1206,841.8000000000001,118.02,0.0,0.0,841.8,86.0,🔴 CRITICAL DECAY,Critical,1,1
1207,832.8000000000001,738.28,643.75,454.71,378.09,11.3,🟢 STABLE,Low,11,12
1208,963.0,54.12,0.0,0.0,963.0,94.4,🔴 CRITICAL DECAY,Critical,1,1
1209,1117.8000000000002,988.02,858.25,598.69,519.11,11.6,🟢 STABLE,Low,11,12
1210,828.0,449.27,70.55,0.0,828.0,45.7,🟠 RAPID DECLINE,High,1,1
1211,796.1999999999999,599.62,403.04,9.87,786.33,24.7,🟡 DECLINING,Medium,6,7
1212,834.5999999999999,179.86,0.0,0.0,834.6,78.4,🔴 CRITICAL DECAY,Critical,1,1
1213,242.39999999999998,241.43,240.46,238.52,3.88,0.4,🟢 STABLE,Low,11,12
1214,1032.0,588.34,144.69,0.0,1032.0,43.0,🟠 RAPID DECLINE,High,1,2
1215,963.5999999999999,287.25,0.0,0.0,963.6,70.2,🔴 CRITICAL DECAY,Critical,1,1
1216,244.79999999999998,243.11,241.42,238.04,6.76,0.7,🟢 STABLE,Low,11,12
1217,285.0,269.78,254.56,224.12,60.88,5.3,🟢 STABLE,Low,11,12
1218,1086.6,487.56,0.0,0.0,1086.6,55.1,🟠 RAPID DECLINE,High,1,1
1219,845.4000000000001,804.82,764.24,683.08,162.32,4.8,🟢 STABLE,Low,11,12
1220,789.0,741.9,694.79,600.59,188.41,6.0,🟢 STABLE,Low,11,12
1221,295.20000000000005,159.53,23.85,0.0,295.2,46.0,🟠 RAPID DECLINE,High,1,2
1222,831.0,826.26,821.53,812.05,18.95,0.6,🟢 STABLE,Low,11,12
1223,910.8000000000001,108.75,0.0,0.0,910.8,88.1,🔴 CRITICAL DECAY,Critical,1,1
1224,550.2,317.52,84.84,0.0,550.2,42.3,🟠 RAPID DECLINE,High,1,1
1225,599.4000000000001,272.25,0.0,0.0,599.4,54.6,🟠 RAPID DECLINE,High,1,1
1226,295.79999999999995,294.85,293.91,292.01,3.79,0.3,🟢 STABLE,Low,11,12
1227,1084.8000000000002,1074.39,1063.97,1043.14,41.66,1.0,🟢 STABLE,Low,11,12
1228,1210.1999999999998,838.06,465.93,0.0,1210.2,30.8,🟡 DECLINING,Medium,4,5
1229,904.1999999999999,896.97,889.73,875.27,28.93,0.8,🟢 STABLE,Low,11,12
1230,1046.4,819.44,592.47,138.54,907.86,21.7,🟡 DECLINING,Medium,6,7
1231,772.8000000000001,698.53,624.27,475.74,297.06,9.6,🟢 STABLE,Low,11,12
1232,939.5999999999999,645.6,351.6,0.0,939.6,31.3,🟡 DECLINING,Medium,1,1
1233,296.4,295.13,293.85,291.3,5.1,0.4,🟢 STABLE,Low,11,12
1234,1270.1999999999998,1232.98,1195.77,1121.33,148.87,2.9,🟢 STABLE,Low,11,12
1235,1179.6,881.16,582.72,0.0,1179.6,25.3,🟡 DECLINING,Medium,5,6
1236,923.4000000000001,95.57,0.0,0.0,923.4,89.7,🔴 CRITICAL DECAY,Critical,1,1
1237,233.39999999999998,227.54,221.68,209.97,23.43,2.5,🟢 STABLE,Low,11,12
1238,1153.8000000000002,141.34,0.0,0.0,1153.8,87.8,🔴 CRITICAL DECAY,Critical,1,1
1239,704.4000000000001,498.72,293.03,0.0,704.4,29.2,🟡 DECLINING,Medium,5,6
1240,241.79999999999998,192.59,143.39,44.97,196.83,20.4,🟡 DECLINING,Medium,7,8
1241,774.0,721.29,668.58,563.16,210.84,6.8,🟢 STABLE,Low,11,12
1242,342.0,175.65,9.3,0.0,342.0,48.6,🟠 RAPID DECLINE,High,3,4
1243,543.5999999999999,145.74,0.0,0.0,543.6,73.2,🔴 CRITICAL DECAY,Critical,1,1
1244,232.79999999999998,145.59,58.39,0.0,232.8,37.5,🟠 RAPID DECLINE,High,1,1
1245,1085.4,308.69,0.0,0.0,1085.4,71.6,🔴 CRITICAL DECAY,Critical,1,1
1246,1261.8000000000002,1035.56,809.32,356.84,904.96,17.9,🟡 DECLINING,Medium,8,9
1247,997.8000000000001,964.27,930.75,863.7,134.1,3.4,🟢 STABLE,Low,11,12
1248,1081.8000000000002,130.14,0.0,0.0,1081.8,88.0,🔴 CRITICAL DECAY,Critical,1,1
1249,540.5999999999999,211.1,0.0,0.0,540.6,61.0,🔴 CRITICAL DECAY,Critical,1,1
1250,1238.4,1209.05,1179.7,1121.0,117.4,2.4,🟢 STABLE,Low,11,12
1251,909.5999999999999,243.95,0.0,0.0,909.6,73.2,🔴 CRITICAL DECAY,Critical,1,1
1252,233.39999999999998,145.52,57.65,0.0,233.4,37.7,🟠 RAPID DECLINE,High,1,2
1253,951.5999999999999,159.3,0.0,0.0,951.6,83.3,🔴 CRITICAL DECAY,Critical,1,1
1254,1065.6,1055.8,1045.99,1026.39,39.21,0.9,🟢 STABLE,Low,11,12
1255,370.79999999999995,110.54,0.0,0.0,370.8,70.2,🔴 CRITICAL DECAY,Critical,1,1
1256,1030.8000000000002,1028.53,1026.26,1021.73,9.07,0.2,🟢 STABLE,Low,11,12
1257,410.40000000000003,390.91,371.41,332.42,77.98,4.7,🟢 STABLE,Low,11,12
1258,241.79999999999998,239.96,238.12,234.45,7.35,0.8,🟢 STABLE,Low,11,12
1259,1143.0,1004.58,866.17,589.33,553.67,12.1,🟢 STABLE,Low,11,12
1260,603.5999999999999,228.95,0.0,0.0,603.6,62.1,🔴 CRITICAL DECAY,Critical,1,2
1261,961.8000000000001,258.72,0.0,0.0,961.8,73.1,🔴 CRITICAL DECAY,Critical,1,2
1262,615.0,445.63,276.26,0.0,615.0,27.5,🟡 DECLINING,Medium,5,6
1263,1075.1999999999998,886.5,697.8,320.41,754.79,17.6,🟡 DECLINING,Medium,1,1
1264,1142.4,1131.2,1120.01,1097.62,44.78,1.0,🟢 STABLE,Low,11,12
1265,1137.6,1091.75,1045.91,954.22,183.38,4.0,🟢 STABLE,Low,11,12
1266,963.0,269.35,0.0,0.0,963.0,72.0,🔴 CRITICAL DECAY,Critical,1,2
1267,913.1999999999999,908.27,903.34,893.47,19.73,0.5,🟢 STABLE,Low,11,12
1268,1321.8000000000002,605.65,0.0,0.0,1321.8,54.2,🟠 RAPID DECLINE,High,1,1
1269,1386.6,1375.51,1364.41,1342.23,44.37,0.8,🟢 STABLE,Low,11,12
1270,295.79999999999995,294.47,293.14,290.48,5.32,0.4,🟢 STABLE,Low,11,12
1271,643.2,633.87,624.55,605.89,37.31,1.5,🟢 STABLE,Low,11,12
1272,233.39999999999998,158.08,82.76,0.0,233.4,32.3,🟡 DECLINING,Medium,4,5
1273,1058.4,672.3,286.19,0.0,1058.4,36.5,🟠 RAPID DECLINE,High,4,5
1274,1213.8000000000002,1189.65,1165.49,1117.18,96.62,2.0,🟢 STABLE,Low,11,12
1275,681.5999999999999,665.79,649.97,618.35,63.25,2.3,🟢 STABLE,Low,11,12
1276,1192.8000000000002,1188.74,1184.69,1176.58,16.22,0.3,🟢 STABLE,Low,11,12
1277,241.20000000000002,240.84,240.48,239.75,1.45,0.1,🟢 STABLE,Low,11,12
1278,728.4000000000001,705.89,683.38,638.37,90.03,3.1,🟢 STABLE,Low,11,12
1279,251.39999999999998,241.75,232.09,212.78,38.62,3.8,🟢 STABLE,Low,11,12
1280,1378.1999999999998,1373.38,1368.55,1358.91,19.29,0.3,🟢 STABLE,Low,11,12
1281,231.0,225.62,220.24,209.47,21.53,2.3,🟢 STABLE,Low,11,12
1282,753.5999999999999,283.28,0.0,0.0,753.6,62.4,🔴 CRITICAL DECAY,Critical,1,1
1283,1266.0,1253.09,1240.17,1214.35,51.65,1.0,🟢 STABLE,Low,11,12
1284,238.20000000000002,236.46,234.72,231.24,6.96,0.7,🟢 STABLE,Low,11,12
1285,1074.0,169.37,0.0,0.0,1074.0,84.2,🔴 CRITICAL DECAY,Critical,1,1
1286,889.1999999999999,696.69,504.18,119.15,770.05,21.6,🟡 DECLINING,Medium,6,7
1287,1290.0,586.05,0.0,0.0,1290.0,54.6,🟠 RAPID DECLINE,High,2,3
1288,234.60000000000002,232.77,230.94,227.28,7.32,0.8,🟢 STABLE,Low,11,12
1289,825.5999999999999,817.01,808.43,791.26,34.34,1.0,🟢 STABLE,Low,11,12
1290,1013.4000000000001,1010.77,1008.13,1002.86,10.54,0.3,🟢 STABLE,Low,11,12
1291,900.0,425.25,0.0,0.0,900.0,52.8,🟠 RAPID DECLINE,High,1,1
1292,1014.0,1009.74,1005.48,996.96,17.04,0.4,🟢 STABLE,Low,11,12
1293,1334.4,1300.24,1266.08,1197.76,136.64,2.6,🟢 STABLE,Low,11,12
1294,537.0,204.97,0.0,0.0,537.0,61.8,🔴 CRITICAL DECAY,Critical,1,2
1295,967.1999999999999,962.85,958.5,949.79,17.41,0.4,🟢 STABLE,Low,11,12
1296,968.4000000000001,614.84,261.27,0.0,968.4,36.5,🟠 RAPID DECLINE,High,4,5
1297,907.1999999999999,215.19,0.0,0.0,907.2,76.3,🔴 CRITICAL DECAY,Critical,1,1
1298,691.2,571.28,451.35,211.51,479.69,17.3,🟡 DECLINING,Medium,8,9
1299,528.5999999999999,374.57,220.53,0.0,528.6,29.1,🟡 DECLINING,Medium,5,6
1300,1327.1999999999998,1309.55,1291.9,1256.59,70.61,1.3,🟢 STABLE,Low,11,12
1301,698.4000000000001,692.25,686.11,673.82,24.58,0.9,🟢 STABLE,Low,11,12
1302,972.0,956.25,940.51,909.01,62.99,1.6,🟢 STABLE,Low,11,12
1303,236.39999999999998,235.6,234.79,233.18,3.22,0.3,🟢 STABLE,Low,11,12
1304,1027.1999999999998,420.23,0.0,0.0,1027.2,59.1,🟠 RAPID DECLINE,High,1,1
1305,714.5999999999999,648.36,582.11,449.63,264.97,9.3,🟢 STABLE,Low,11,12
1306,1386.6,1276.37,1166.13,945.66,440.94,7.9,🟢 STABLE,Low,1,1
1307,906.5999999999999,857.73,808.87,711.14,195.46,5.4,🟢 STABLE,Low,11,12
1308,1039.1999999999998,162.53,0.0,0.0,1039.2,84.4,🔴 CRITICAL DECAY,Critical,1,1
1309,1022.4000000000001,256.93,0.0,0.0,1022.4,74.9,🔴 CRITICAL DECAY,Critical,1,1
1310,1171.8000000000002,339.59,0.0,0.0,1171.8,71.0,🔴 CRITICAL DECAY,Critical,1,1
1311,541.2,477.28,413.37,285.54,255.66,11.8,🟢 STABLE,Low,11,12
1312,851.4000000000001,822.79,794.19,736.97,114.43,3.4,🟢 STABLE,Low,11,12
1313,1314.6,436.45,0.0,0.0,1314.6,66.8,🔴 CRITICAL DECAY,Critical,1,1
1314,1074.6,888.91,703.22,331.84,742.76,17.3,🟡 DECLINING,Medium,8,9
1315,250.79999999999998,248.02,245.23,239.66,11.14,1.1,🟢 STABLE,Low,11,12
1316,239.39999999999998,159.75,80.1,0.0,239.4,33.3,🟡 DECLINING,Medium,4,5
1317,295.20000000000005,214.4,133.61,0.0,295.2,27.4,🟡 DECLINING,Medium,5,6
1318,800.4000000000001,522.66,244.92,0.0,800.4,34.7,🟡 DECLINING,Medium,4,5
1319,233.39999999999998,146.51,59.61,0.0,233.4,37.2,🟠 RAPID DECLINE,High,1,1
1320,1137.6,1066.96,996.31,855.02,282.58,6.2,🟢 STABLE,Low,11,12
1321,790.1999999999999,777.71,765.23,740.26,49.94,1.6,🟢 STABLE,Low,11,12
1322,239.39999999999998,106.65,0.0,0.0,239.4,55.5,🟠 RAPID DECLINE,High,2,3
1323,295.79999999999995,294.68,293.55,291.3,4.5,0.4,🟢 STABLE,Low,11,12
1324,244.20000000000002,119.1,0.0,0.0,244.2,51.2,🟠 RAPID DECLINE,High,2,3
1325,831.0,43.05,0.0,0.0,831.0,94.8,🔴 CRITICAL DECAY,Critical,1,1
1326,615.0,603.75,592.49,569.98,45.02,1.8,🟢 STABLE,Low,11,12
1327,1194.0,630.31,66.63,0.0,1194.0,47.2,🟠 RAPID DECLINE,High,1,1
1328,651.0,569.89,488.77,326.54,324.46,12.5,🟢 STABLE,Low,11,12
1329,232.79999999999998,232.31,231.82,230.84,1.96,0.2,🟢 STABLE,Low,11,12
1330,675.0,636.05,597.11,519.21,155.79,5.8,🟢 STABLE,Low,11,12
1331,301.79999999999995,107.05,0.0,0.0,301.8,64.5,🔴 CRITICAL DECAY,Critical,1,1
1332,287.4,286.22,285.04,282.69,4.71,0.4,🟢 STABLE,Low,11,12
1333,424.79999999999995,415.07,405.34,385.89,38.91,2.3,🟢 STABLE,Low,11,12
1334,302.4,41.64,0.0,0.0,302.4,86.2,🔴 CRITICAL DECAY,Critical,1,1
1335,540.0,209.25,0.0,0.0,540.0,61.3,🔴 CRITICAL DECAY,Critical,1,1
1336,904.1999999999999,617.03,329.85,0.0,904.2,31.8,🟡 DECLINING,Medium,4,5
1337,244.79999999999998,243.55,242.3,239.81,4.99,0.5,🟢 STABLE,Low,11,12
1338,241.79999999999998,143.07,44.35,0.0,241.8,40.8,🟠 RAPID DECLINE,High,1,1
1339,1260.0,552.76,0.0,0.0,1260.0,56.1,🟠 RAPID DECLINE,High,1,1
1340,672.5999999999999,663.92,655.25,637.89,34.71,1.3,🟢 STABLE,Low,11,12
1341,656.4000000000001,449.11,241.82,0.0,656.4,31.6,🟡 DECLINING,Medium,1,1
1342,240.0,238.13,236.26,232.51,7.49,0.8,🟢 STABLE,Low,11,12
1343,876.5999999999999,809.36,742.13,607.66,268.94,7.7,🟢 STABLE,Low,11,12
1344,246.0,192.1,138.2,30.41,215.59,21.9,🟡 DECLINING,Medium,6,7
1345,1209.0,845.33,481.67,0.0,1209.0,30.1,🟡 DECLINING,Medium,4,5
1346,1047.0,377.86,0.0,0.0,1047.0,63.9,🔴 CRITICAL DECAY,Critical,1,1
1347,239.39999999999998,237.46,235.52,231.64,7.76,0.8,🟢 STABLE,Low,11,12
1348,959.4000000000001,219.61,0.0,0.0,959.4,77.1,🔴 CRITICAL DECAY,Critical,1,1
1349,595.8,349.91,104.03,0.0,595.8,41.3,🟠 RAPID DECLINE,High,3,4
1350,787.8000000000001,781.42,775.04,762.28,25.52,0.8,🟢 STABLE,Low,11,12
1351,245.39999999999998,182.26,119.12,0.0,245.4,25.7,🟡 DECLINING,Medium,5,6
1352,731.4000000000001,730.01,728.62,725.84,5.56,0.2,🟢 STABLE,Low,11,12
1353,244.20000000000002,239.0,233.8,223.39,20.81,2.1,🟢 STABLE,Low,11,12
1354,1060.1999999999998,207.38,0.0,0.0,1060.2,80.4,🔴 CRITICAL DECAY,Critical,1,1
1355,234.0,137.31,40.62,0.0,234.0,41.3,🟠 RAPID DECLINE,High,3,4
1356,902.4000000000001,134.19,0.0,0.0,902.4,85.1,🔴 CRITICAL DECAY,Critical,1,1
1357,1337.4,763.25,189.11,0.0,1337.4,42.9,🟠 RAPID DECLINE,High,3,4
1358,841.8000000000001,486.73,131.66,0.0,841.8,42.2,🟠 RAPID DECLINE,High,3,4
1359,1137.0,85.27,0.0,0.0,1137.0,92.5,🔴 CRITICAL DECAY,Critical,1,1
1360,1140.6,122.27,0.0,0.0,1140.6,89.3,🔴 CRITICAL DECAY,Critical,1,1
1361,941.4000000000001,235.16,0.0,0.0,941.4,75.0,🔴 CRITICAL DECAY,Critical,1,1
1362,842.4000000000001,152.14,0.0,0.0,842.4,81.9,🔴 CRITICAL DECAY,Critical,1,1
1363,1104.0,1102.23,1100.47,1096.93,7.07,0.2,🟢 STABLE,Low,11,12
1364,1026.0,1016.77,1007.53,989.06,36.94,0.9,🟢 STABLE,Low,11,12
1365,492.59999999999997,372.7,252.8,13.0,479.6,24.3,🟡 DECLINING,Medium,1,1
1366,1027.1999999999998,116.07,0.0,0.0,1027.2,88.7,🔴 CRITICAL DECAY,Critical,1,1
1367,985.8000000000001,440.65,0.0,0.0,985.8,55.3,🟠 RAPID DECLINE,High,2,3
1368,1012.8000000000001,958.72,904.63,796.47,216.33,5.3,🟢 STABLE,Low,11,12
1369,730.8,689.66,648.51,566.22,164.58,5.6,🟢 STABLE,Low,11,12
1370,243.0,240.3,237.61,232.21,10.79,1.1,🟢 STABLE,Low,11,12
1371,950.4000000000001,49.04,0.0,0.0,950.4,94.8,🔴 CRITICAL DECAY,Critical,1,1
1372,1143.6,802.58,461.56,0.0,1143.6,29.8,🟡 DECLINING,Medium,5,6
1373,238.20000000000002,177.39,116.58,0.0,238.2,25.5,🟡 DECLINING,Medium,1,1
1374,1012.1999999999999,1005.32,998.43,984.67,27.53,0.7,🟢 STABLE,Low,11,12
1375,238.20000000000002,235.98,233.77,229.34,8.86,0.9,🟢 STABLE,Low,11,12
1376,840.0,504.5,169.01,0.0,840.0,39.9,🟠 RAPID DECLINE,High,1,1
1377,987.5999999999999,986.12,984.64,981.67,5.93,0.1,🟢 STABLE,Low,11,12
1378,801.5999999999999,789.9,778.19,754.79,46.81,1.5,🟢 STABLE,Low,11,12
1379,535.2,533.7,532.2,529.21,5.99,0.3,🟢 STABLE,Low,11,12
1380,1181.4,1079.45,977.49,773.58,407.82,8.6,🟢 STABLE,Low,11,12
1381,848.4000000000001,231.61,0.0,0.0,848.4,72.7,🔴 CRITICAL DECAY,Critical,1,1
1382,299.4,282.72,266.05,232.69,66.71,5.6,🟢 STABLE,Low,11,12
1383,599.4000000000001,155.48,0.0,0.0,599.4,74.1,🔴 CRITICAL DECAY,Critical,1,2
1384,831.0,266.92,0.0,0.0,831.0,67.9,🔴 CRITICAL DECAY,Critical,1,1
1385,1230.0,1154.85,1079.69,929.39,300.61,6.1,🟢 STABLE,Low,11,12
1386,1038.6,1030.91,1023.23,1007.86,30.74,0.7,🟢 STABLE,Low,11,12
1387,291.6,290.9,290.2,288.8,2.8,0.2,🟢 STABLE,Low,11,12
1388,700.2,618.35,536.49,372.79,327.41,11.7,🟢 STABLE,Low,11,12
1389,1131.0,567.2,3.39,0.0,1131.0,49.8,🟠 RAPID DECLINE,High,1,2
1390,825.0,821.78,818.57,812.13,12.87,0.4,🟢 STABLE,Low,11,12
1391,1029.6,384.25,0.0,0.0,1029.6,62.7,🔴 CRITICAL DECAY,Critical,1,1
1392,241.20000000000002,237.7,234.21,227.21,13.99,1.5,🟢 STABLE,Low,11,12
1393,244.20000000000002,127.13,10.06,0.0,244.2,47.9,🟠 RAPID DECLINE,High,1,1
1394,1329.6,1202.89,1076.18,822.76,506.84,9.5,🟢 STABLE,Low,11,12
1395,876.0,706.58,537.16,198.33,677.67,19.3,🟡 DECLINING,Medium,7,8
1396,1200.6,968.16,735.73,270.86,929.74,19.4,🟡 DECLINING,Medium,7,8
1397,994.1999999999999,202.72,0.0,0.0,994.2,79.6,🔴 CRITICAL DECAY,Critical,1,1
1398,1012.1999999999999,483.63,0.0,0.0,1012.2,52.2,🟠 RAPID DECLINE,High,2,3
1399,234.60000000000002,221.06,207.53,180.45,54.15,5.8,🟢 STABLE,Low,11,12
1400,239.39999999999998,181.87,124.34,9.29,230.11,24.0,🟡 DECLINING,Medium,6,7
1401,1197.6,225.03,0.0,0.0,1197.6,81.2,🔴 CRITICAL DECAY,Critical,1,1
1402,420.0,361.45,302.9,185.81,234.19,13.9,🟢 STABLE,Low,1,2
1403,795.0,470.48,145.96,0.0,795.0,40.8,🟠 RAPID DECLINE,High,1,2
1404,279.6,276.97,274.34,269.09,10.51,0.9,🟢 STABLE,Low,11,12
1405,912.0,90.74,0.0,0.0,912.0,90.1,🔴 CRITICAL DECAY,Critical,1,1
1406,303.6,302.78,301.96,300.32,3.28,0.3,🟢 STABLE,Low,11,12
1407,534.5999999999999,529.68,524.76,514.93,19.67,0.9,🟢 STABLE,Low,11,12
1408,1249.1999999999998,1196.23,1143.27,1037.34,211.86,4.2,🟢 STABLE,Low,11,12
1409,1110.6,944.01,777.42,444.24,666.36,15.0,🟢 STABLE,Low,10,11
1410,1126.1999999999998,47.98,0.0,0.0,1126.2,95.7,🔴 CRITICAL DECAY,Critical,1,1
1411,1217.4,784.13,350.85,0.0,1217.4,35.6,🟠 RAPID DECLINE,High,4,5
1412,1011.5999999999999,288.61,0.0,0.0,1011.6,71.5,🔴 CRITICAL DECAY,Critical,1,1
1413,1134.6,1125.41,1116.22,1097.84,36.76,0.8,🟢 STABLE,Low,11,12
1414,1146.0,654.82,163.65,0.0,1146.0,42.9,🟠 RAPID DECLINE,High,3,4
1415,1203.6,870.32,537.05,0.0,1203.6,27.7,🟡 DECLINING,Medium,5,6
1416,666.0,662.54,659.07,652.15,13.85,0.5,🟢 STABLE,Low,11,12
1417,598.2,417.12,236.05,0.0,598.2,30.3,🟡 DECLINING,Medium,4,5
1418,1074.6,948.12,821.64,568.68,505.92,11.8,🟢 STABLE,Low,11,12
1419,229.79999999999998,228.38,226.95,224.1,5.7,0.6,🟢 STABLE,Low,11,12
1420,1197.6,490.06,0.0,0.0,1197.6,59.1,🟠 RAPID DECLINE,High,1,2
1421,1012.8000000000001,146.55,0.0,0.0,1012.8,85.5,🔴 CRITICAL DECAY,Critical,1,1
1422,1356.6,1350.22,1343.85,1331.1,25.5,0.5,🟢 STABLE,Low,11,12
1423,1213.1999999999998,201.88,0.0,0.0,1213.2,83.4,🔴 CRITICAL DECAY,Critical,1,1
1424,239.39999999999998,235.64,231.88,224.37,15.03,1.6,🟢 STABLE,Low,11,12
1425,889.8000000000001,678.21,466.61,43.42,846.38,23.8,🟡 DECLINING,Medium,6,7
1426,1104.0,1073.86,1043.72,983.44,120.56,2.7,🟢 STABLE,Low,11,12
1427,886.1999999999999,635.05,383.9,0.0,886.2,28.3,🟡 DECLINING,Medium,5,6
1428,605.4000000000001,63.14,0.0,0.0,605.4,89.6,🔴 CRITICAL DECAY,Critical,1,1
1429,293.4,291.23,289.06,284.72,8.68,0.7,🟢 STABLE,Low,11,12
1430,297.6,280.52,263.44,229.27,68.33,5.7,🟢 STABLE,Low,11,12
1431,778.1999999999999,757.03,735.87,693.53,84.67,2.7,🟢 STABLE,Low,11,12
1432,249.0,226.04,203.08,157.17,91.83,9.2,🟢 STABLE,Low,11,12
1433,827.4000000000001,691.79,556.18,284.96,542.44,16.4,🟡 DECLINING,Medium,9,10
1434,1199.4,124.26,0.0,0.0,1199.4,89.6,🔴 CRITICAL DECAY,Critical,1,1
1435,1312.8000000000002,1146.73,980.66,648.52,664.28,12.7,🟢 STABLE,Low,11,12
1436,1096.8000000000002,84.78,0.0,0.0,1096.8,92.3,🔴 CRITICAL DECAY,Critical,1,1
1437,588.0,525.73,463.46,338.92,249.08,10.6,🟢 STABLE,Low,11,12
1438,603.0,565.31,527.62,452.25,150.75,6.3,🟢 STABLE,Low,11,12
1439,906.5999999999999,323.38,0.0,0.0,906.6,64.3,🔴 CRITICAL DECAY,Critical,1,1
1440,238.79999999999998,233.5,228.2,217.59,21.21,2.2,🟢 STABLE,Low,11,12
1441,1173.6,1016.1,858.61,543.61,629.99,13.4,🟢 STABLE,Low,11,12
1442,1203.6,1062.54,921.48,639.35,564.25,11.7,🟢 STABLE,Low,11,12
1443,669.5999999999999,442.14,214.67,0.0,669.6,34.0,🟡 DECLINING,Medium,4,5
1444,1333.8000000000002,1321.66,1309.52,1285.25,48.55,0.9,🟢 STABLE,Low,11,12
1445,1182.6,405.99,0.0,0.0,1182.6,65.7,🔴 CRITICAL DECAY,Critical,1,1
1446,600.5999999999999,96.7,0.0,0.0,600.6,83.9,🔴 CRITICAL DECAY,Critical,1,1
1447,969.5999999999999,415.76,0.0,0.0,969.6,57.1,🟠 RAPID DECLINE,High,1,1
1448,250.20000000000002,205.29,160.38,70.56,179.64,17.9,🟡 DECLINING,Medium,8,9
1449,234.0,157.01,80.03,0.0,234.0,32.9,🟡 DECLINING,Medium,1,2
1450,232.20000000000002,163.14,94.09,0.0,232.2,29.7,🟡 DECLINING,Medium,5,6
1451,834.0,771.87,709.73,585.47,248.53,7.4,🟢 STABLE,Low,11,12
1452,585.5999999999999,383.45,181.3,0.0,585.6,34.5,🟡 DECLINING,Medium,4,5
1453,1134.0,430.69,0.0,0.0,1134.0,62.0,🔴 CRITICAL DECAY,Critical,1,2
1454,247.79999999999998,192.54,137.28,26.76,221.04,22.3,🟡 DECLINING,Medium,6,7
1455,1272.6,1244.09,1215.59,1158.58,114.02,2.2,🟢 STABLE,Low,11,12
1456,1200.0,163.8,0.0,0.0,1200.0,86.4,🔴 CRITICAL DECAY,Critical,1,1
1457,1299.6,511.0,0.0,0.0,1299.6,60.7,🔴 CRITICAL DECAY,Critical,1,1
1458,246.60000000000002,155.48,64.36,0.0,246.6,37.0,🟠 RAPID DECLINE,High,1,2
1459,1195.8000000000002,1170.33,1144.86,1093.92,101.88,2.1,🟢 STABLE,Low,11,12
1460,1023.5999999999999,119.66,0.0,0.0,1023.6,88.3,🔴 CRITICAL DECAY,Critical,1,1
1461,1150.8000000000002,683.0,215.2,0.0,1150.8,40.6,🟠 RAPID DECLINE,High,3,4
1462,240.0,231.65,223.3,206.59,33.41,3.5,🟢 STABLE,Low,11,12
1463,844.8000000000001,174.79,0.0,0.0,844.8,79.3,🔴 CRITICAL DECAY,Critical,1,1
1464,779.4000000000001,707.77,636.15,492.89,286.51,9.2,🟢 STABLE,Low,11,12
1465,895.1999999999999,549.65,204.11,0.0,895.2,38.6,🟠 RAPID DECLINE,High,3,4
1466,590.4000000000001,483.36,376.32,162.24,428.16,18.1,🟡 DECLINING,Medium,8,9
1467,885.0,819.95,754.91,624.81,260.19,7.4,🟢 STABLE,Low,11,12
1468,1107.6,1030.18,952.76,797.92,309.68,7.0,🟢 STABLE,Low,11,12
1469,1185.6,432.51,0.0,0.0,1185.6,63.5,🔴 CRITICAL DECAY,Critical,2,3
1470,230.39999999999998,148.56,66.72,0.0,230.4,35.5,🟠 RAPID DECLINE,High,4,5
1471,1063.8000000000002,901.78,739.77,415.73,648.07,15.2,🟡 DECLINING,Medium,9,10
1472,892.8000000000001,484.52,76.25,0.0,892.8,45.7,🟠 RAPID DECLINE,High,1,1
1473,1185.0,255.49,0.0,0.0,1185.0,78.4,🔴 CRITICAL DECAY,Critical,1,1
1474,1151.4,943.46,735.51,319.63,831.77,18.1,🟡 DECLINING,Medium,8,9
1475,1264.8000000000002,1251.52,1238.24,1211.68,53.12,1.0,🟢 STABLE,Low,11,12
1476,243.0,140.14,37.28,0.0,243.0,42.3,🟠 RAPID DECLINE,High,1,2
1477,1272.0,1189.57,1107.15,942.3,329.7,6.5,🟢 STABLE,Low,11,12
1478,1256.4,235.32,0.0,0.0,1256.4,81.3,🔴 CRITICAL DECAY,Critical,1,1
1479,588.5999999999999,508.79,428.97,269.34,319.26,13.6,🟢 STABLE,Low,11,12
1480,426.59999999999997,413.38,400.15,373.7,52.9,3.1,🟢 STABLE,Low,11,12
1481,781.1999999999999,779.87,778.54,775.89,5.31,0.2,🟢 STABLE,Low,11,12
1482,1162.1999999999998,344.24,0.0,0.0,1162.2,70.4,🔴 CRITICAL DECAY,Critical,1,1
1483,837.0,766.02,695.04,553.09,283.91,8.5,🟢 STABLE,Low,11,12
1484,1190.4,1181.35,1172.31,1154.21,36.19,0.8,🟢 STABLE,Low,11,12
1485,1160.4,207.83,0.0,0.0,1160.4,82.1,🔴 CRITICAL DECAY,Critical,1,1
1486,660.5999999999999,292.58,0.0,0.0,660.6,55.7,🟠 RAPID DECLINE,High,1,1
1487,1281.6,900.84,520.07,0.0,1281.6,29.7,🟡 DECLINING,Medium,5,6
1488,615.0,393.78,172.57,0.0,615.0,36.0,🟠 RAPID DECLINE,High,4,5
1489,693.0,625.22,557.45,421.9,271.1,9.8,🟢 STABLE,Low,11,12
1490,850.1999999999999,839.49,828.77,807.35,42.85,1.3,🟢 STABLE,Low,11,12
1491,234.60000000000002,120.4,6.19,0.0,234.6,48.7,🟠 RAPID DECLINE,High,1,2
1492,1058.4,260.68,0.0,0.0,1058.4,75.4,🔴 CRITICAL DECAY,Critical,1,1
1493,954.0,717.22,480.43,6.87,947.13,24.8,🟡 DECLINING,Medium,6,7
1494,237.0,224.25,211.5,186.0,51.0,5.4,🟢 STABLE,Low,11,12
1495,1177.8000000000002,1133.28,1088.76,999.72,178.08,3.8,🟢 STABLE,Low,11,12
1496,243.0,101.48,0.0,0.0,243.0,58.2,🟠 RAPID DECLINE,High,2,3
1497,949.8000000000001,873.63,797.45,645.1,304.7,8.0,🟢 STABLE,Low,11,12
1498,907.8000000000001,336.61,0.0,0.0,907.8,62.9,🔴 CRITICAL DECAY,Critical,1,1
1499,1131.0,588.01,45.01,0.0,1131.0,48.0,🟠 RAPID DECLINE,High,3,4
1500,482.40000000000003,368.7,255.0,27.59,454.81,23.6,🟡 DECLINING,Medium,6,7
1501,239.39999999999998,238.11,236.81,234.23,5.17,0.5,🟢 STABLE,Low,11,12
1502,664.2,633.12,602.03,539.86,124.34,4.7,🟢 STABLE,Low,11,12
1503,1225.8000000000002,1078.58,931.36,636.93,588.87,12.0,🟢 STABLE,Low,11,12
1504,853.1999999999999,232.41,0.0,0.0,853.2,72.8,🔴 CRITICAL DECAY,Critical,1,2
1505,896.4000000000001,51.01,0.0,0.0,896.4,94.3,🔴 CRITICAL DECAY,Critical,1,1
1506,649.2,641.02,632.84,616.48,32.72,1.3,🟢 STABLE,Low,11,12
1507,235.79999999999998,233.8,231.79,227.78,8.02,0.8,🟢 STABLE,Low,11,12
1508,1061.4,895.93,730.46,399.51,661.89,15.6,🟡 DECLINING,Medium,9,10
1509,919.8000000000001,387.88,0.0,0.0,919.8,57.8,🟠 RAPID DECLINE,High,1,2
1510,964.8000000000001,961.91,959.01,953.22,11.58,0.3,🟢 STABLE,Low,11,12
1511,231.0,230.19,229.38,227.77,3.23,0.4,🟢 STABLE,Low,11,12
1512,1017.5999999999999,318.81,0.0,0.0,1017.6,68.7,🔴 CRITICAL DECAY,Critical,1,1
1513,309.6,59.88,0.0,0.0,309.6,80.7,🔴 CRITICAL DECAY,Critical,1,1
1514,234.0,233.34,232.69,231.38,2.62,0.3,🟢 STABLE,Low,11,12
1515,823.1999999999999,764.42,705.65,588.09,235.11,7.1,🟢 STABLE,Low,11,12
1516,1111.1999999999998,298.69,0.0,0.0,1111.2,73.1,🔴 CRITICAL DECAY,Critical,1,1
1517,1206.6,624.66,42.71,0.0,1206.6,48.2,🟠 RAPID DECLINE,High,3,4
1518,246.60000000000002,152.99,59.38,0.0,246.6,38.0,🟠 RAPID DECLINE,High,3,4
1519,511.20000000000005,206.93,0.0,0.0,511.2,59.5,🟠 RAPID DECLINE,High,1,1
1520,235.20000000000002,79.38,0.0,0.0,235.2,66.3,🔴 CRITICAL DECAY,Critical,2,3
1521,809.4000000000001,791.67,773.95,738.5,70.9,2.2,🟢 STABLE,Low,11,12
1522,826.1999999999999,766.38,706.57,586.93,239.27,7.2,🟢 STABLE,Low,11,12
1523,522.5999999999999,322.91,123.23,0.0,522.6,38.2,🟠 RAPID DECLINE,High,3,4
1524,1318.1999999999998,1083.56,848.92,379.64,938.56,17.8,🟡 DECLINING,Medium,8,9
1525,247.79999999999998,130.69,13.58,0.0,247.8,47.3,🟠 RAPID DECLINE,High,3,4
1526,1144.8000000000002,264.56,0.0,0.0,1144.8,76.9,🔴 CRITICAL DECAY,Critical,1,2
1527,252.0,251.5,250.99,249.98,2.02,0.2,🟢 STABLE,Low,11,12
1528,674.4000000000001,488.33,302.27,0.0,674.4,27.6,🟡 DECLINING,Medium,1,2
1529,220.79999999999998,219.08,217.36,213.91,6.89,0.8,🟢 STABLE,Low,11,12
1530,1080.0,783.76,487.51,0.0,1080.0,27.4,🟡 DECLINING,Medium,1,1
1531,309.0,229.62,150.24,0.0,309.0,25.7,🟡 DECLINING,Medium,5,6
1532,235.20000000000002,203.12,171.04,106.87,128.33,13.6,🟢 STABLE,Low,10,11
1533,904.1999999999999,465.84,27.49,0.0,904.2,48.5,🟠 RAPID DECLINE,High,1,2
1534,237.60000000000002,236.89,236.17,234.75,2.85,0.3,🟢 STABLE,Low,11,12
1535,770.4000000000001,591.51,412.63,54.85,715.55,23.2,🟡 DECLINING,Medium,6,7
1536,909.0,905.55,902.09,895.18,13.82,0.4,🟢 STABLE,Low,11,12
1537,947.4000000000001,943.14,938.87,930.35,17.05,0.4,🟢 STABLE,Low,11,12
1538,1210.1999999999998,275.56,0.0,0.0,1210.2,77.2,🔴 CRITICAL DECAY,Critical,1,1
1539,603.5999999999999,410.81,218.02,0.0,603.6,31.9,🟡 DECLINING,Medium,4,5
1540,963.5999999999999,913.11,862.61,761.63,201.97,5.2,🟢 STABLE,Low,11,12
1541,238.20000000000002,237.72,237.25,236.29,1.91,0.2,🟢 STABLE,Low,11,12
1542,253.20000000000002,250.39,247.58,241.96,11.24,1.1,🟢 STABLE,Low,11,12
1543,839.4000000000001,196.25,0.0,0.0,839.4,76.6,🔴 CRITICAL DECAY,Critical,1,1
1544,600.0,533.64,467.28,334.56,265.44,11.1,🟢 STABLE,Low,11,12
1545,1257.0,1216.52,1176.05,1095.1,161.9,3.2,🟢 STABLE,Low,11,12
1546,238.20000000000002,236.65,235.1,232.01,6.19,0.7,🟢 STABLE,Low,11,12
1547,1290.0,971.63,653.26,16.51,1273.49,24.7,🟡 DECLINING,Medium,6,7
1548,1030.8000000000002,607.97,185.13,0.0,1030.8,41.0,🟠 RAPID DECLINE,High,3,4
1549,550.2,150.81,0.0,0.0,550.2,72.6,🔴 CRITICAL DECAY,Critical,1,1
1550,969.5999999999999,145.73,0.0,0.0,969.6,85.0,🔴 CRITICAL DECAY,Critical,1,1
1551,303.0,300.7,298.39,293.79,9.21,0.8,🟢 STABLE,Low,11,12
1552,966.5999999999999,961.67,956.74,946.88,19.72,0.5,🟢 STABLE,Low,11,12
1553,978.0,820.44,662.89,347.78,630.22,16.1,🟡 DECLINING,Medium,9,10
1554,250.79999999999998,219.22,187.65,124.5,126.3,12.6,🟢 STABLE,Low,11,12
1555,1273.1999999999998,823.25,373.3,0.0,1273.2,35.3,🟠 RAPID DECLINE,High,1,1
1556,1100.4,222.61,0.0,0.0,1100.4,79.8,🔴 CRITICAL DECAY,Critical,1,1
1557,807.0,607.67,408.34,9.68,797.32,24.7,🟡 DECLINING,Medium,6,7
1558,1147.1999999999998,361.02,0.0,0.0,1147.2,68.5,🔴 CRITICAL DECAY,Critical,1,1
1559,244.20000000000002,123.1,2.0,0.0,244.2,49.6,🟠 RAPID DECLINE,High,1,2
1560,540.5999999999999,535.14,529.68,518.76,21.84,1.0,🟢 STABLE,Low,11,12
1561,899.4000000000001,67.9,0.0,0.0,899.4,92.5,🔴 CRITICAL DECAY,Critical,1,1
1562,415.79999999999995,279.0,142.2,0.0,415.8,32.9,🟡 DECLINING,Medium,4,5
1563,832.1999999999999,162.28,0.0,0.0,832.2,80.5,🔴 CRITICAL DECAY,Critical,1,2
1564,1144.1999999999998,82.61,0.0,0.0,1144.2,92.8,🔴 CRITICAL DECAY,Critical,1,1
1565,978.5999999999999,689.52,400.44,0.0,978.6,29.5,🟡 DECLINING,Medium,5,6
1566,904.8000000000001,897.02,889.24,873.67,31.13,0.9,🟢 STABLE,Low,11,12
1567,813.5999999999999,689.44,565.29,316.98,496.62,15.3,🟡 DECLINING,Medium,9,10
1568,1336.8000000000002,269.23,0.0,0.0,1336.8,79.9,🔴 CRITICAL DECAY,Critical,1,1
1569,555.5999999999999,497.6,439.59,323.58,232.02,10.4,🟢 STABLE,Low,11,12
1570,244.79999999999998,241.69,238.58,232.36,12.44,1.3,🟢 STABLE,Low,11,12
1571,240.60000000000002,179.17,117.75,0.0,240.6,25.5,🟡 DECLINING,Medium,1,1
1572,540.0,220.59,0.0,0.0,540.0,59.1,🟠 RAPID DECLINE,High,1,1
1573,1153.1999999999998,1063.14,973.07,792.94,360.26,7.8,🟢 STABLE,Low,11,12
1574,235.79999999999998,230.59,225.38,214.96,20.84,2.2,🟢 STABLE,Low,11,12
1575,1194.0,710.07,226.14,0.0,1194.0,40.5,🟠 RAPID DECLINE,High,3,4
1576,727.8,711.93,696.07,664.34,63.46,2.2,🟢 STABLE,Low,11,12
1577,1183.1999999999998,945.5,707.79,232.38,950.82,20.1,🟡 DECLINING,Medium,7,8
1578,714.0,492.37,270.75,0.0,714.0,31.0,🟡 DECLINING,Medium,4,5
1579,965.4000000000001,233.05,0.0,0.0,965.4,75.9,🔴 CRITICAL DECAY,Critical,1,1
1580,860.4000000000001,850.85,841.3,822.2,38.2,1.1,🟢 STABLE,Low,11,12
1581,432.0,292.72,153.45,0.0,432.0,32.2,🟡 DECLINING,Medium,4,5
1582,782.4000000000001,771.52,760.65,738.9,43.5,1.4,🟢 STABLE,Low,11,12
1583,587.4000000000001,393.56,199.72,0.0,587.4,33.0,🟡 DECLINING,Medium,1,2
1584,642.0,636.09,630.19,618.37,23.63,0.9,🟢 STABLE,Low,11,12
1585,965.4000000000001,888.07,810.74,656.09,309.31,8.0,🟢 STABLE,Low,11,12
1586,1308.6,1275.62,1242.65,1176.69,131.91,2.5,🟢 STABLE,Low,11,12
1587,315.6,313.08,310.55,305.5,10.1,0.8,🟢 STABLE,Low,11,12
1588,1281.6,940.57,599.53,0.0,1281.6,26.6,🟡 DECLINING,Medium,5,6
1589,779.4000000000001,622.04,464.68,149.96,629.44,20.2,🟡 DECLINING,Medium,7,8
1590,232.20000000000002,230.76,229.32,226.44,5.76,0.6,🟢 STABLE,Low,11,12
1591,253.20000000000002,222.87,192.53,131.87,121.33,12.0,🟢 STABLE,Low,11,12
1592,935.4000000000001,688.92,442.44,0.0,935.4,26.4,🟡 DECLINING,Medium,5,6
1593,226.20000000000002,144.43,62.66,0.0,226.2,36.1,🟠 RAPID DECLINE,High,4,5
1594,312.0,310.38,308.76,305.51,6.49,0.5,🟢 STABLE,Low,11,12
1595,896.4000000000001,135.45,0.0,0.0,896.4,84.9,🔴 CRITICAL DECAY,Critical,1,1
1596,844.1999999999999,198.72,0.0,0.0,844.2,76.5,🔴 CRITICAL DECAY,Critical,1,1
1597,1162.8000000000002,1149.54,1136.29,1109.78,53.02,1.1,🟢 STABLE,Low,11,12
1598,234.60000000000002,233.4,232.21,229.81,4.79,0.5,🟢 STABLE,Low,11,12
1599,964.8000000000001,960.27,955.73,946.66,18.14,0.5,🟢 STABLE,Low,11,12
1600,1065.6,30.69,0.0,0.0,1065.6,97.1,🔴 CRITICAL DECAY,Critical,1,1
1601,1135.8000000000002,821.07,506.34,0.0,1135.8,27.7,🟡 DECLINING,Medium,5,6
1602,1083.0,406.99,0.0,0.0,1083.0,62.4,🔴 CRITICAL DECAY,Critical,1,1
1603,775.8000000000001,660.98,546.16,316.53,459.27,14.8,🟢 STABLE,Low,10,11
1604,1149.0,1110.51,1072.02,995.03,153.97,3.3,🟢 STABLE,Low,11,12
1605,234.60000000000002,233.54,232.49,230.38,4.22,0.5,🟢 STABLE,Low,11,12
1606,1249.1999999999998,1245.08,1240.96,1232.71,16.49,0.3,🟢 STABLE,Low,11,12
1607,1068.6,734.56,400.51,0.0,1068.6,31.3,🟡 DECLINING,Medium,4,5
1608,241.20000000000002,233.58,225.96,210.71,30.49,3.2,🟢 STABLE,Low,11,12
1609,1338.6,575.06,0.0,0.0,1338.6,57.0,🟠 RAPID DECLINE,High,1,2
1610,726.0,719.39,712.79,699.57,26.43,0.9,🟢 STABLE,Low,11,12
1611,1091.4,1089.22,1087.03,1082.67,8.73,0.2,🟢 STABLE,Low,11,12
1612,1048.8000000000002,941.82,834.84,620.89,427.91,10.2,🟢 STABLE,Low,1,1
1613,236.39999999999998,207.96,179.52,122.64,113.76,12.0,🟢 STABLE,Low,11,12
1614,611.4000000000001,607.98,604.55,597.7,13.7,0.6,🟢 STABLE,Low,11,12
1615,240.60000000000002,231.77,222.94,205.28,35.32,3.7,🟢 STABLE,Low,11,12
1616,232.79999999999998,230.57,228.33,223.86,8.94,1.0,🟢 STABLE,Low,11,12
1617,713.4000000000001,641.49,569.58,425.76,287.64,10.1,🟢 STABLE,Low,11,12
1618,1137.0,331.89,0.0,0.0,1137.0,70.8,🔴 CRITICAL DECAY,Critical,1,1
1619,978.0,971.06,964.11,950.22,27.78,0.7,🟢 STABLE,Low,11,12
1620,348.6,232.93,117.27,0.0,348.6,33.2,🟡 DECLINING,Medium,4,5
1621,1037.4,377.09,0.0,0.0,1037.4,63.7,🔴 CRITICAL DECAY,Critical,1,1
1622,847.1999999999999,766.38,685.55,523.91,323.29,9.5,🟢 STABLE,Low,11,12
1623,1166.4,1130.94,1095.48,1024.57,141.83,3.0,🟢 STABLE,Low,11,12
1624,1179.0,732.63,286.26,0.0,1179.0,37.9,🟠 RAPID DECLINE,High,3,4
1625,909.0,393.78,0.0,0.0,909.0,56.7,🟠 RAPID DECLINE,High,1,1
1626,710.4000000000001,677.15,643.91,577.41,132.99,4.7,🟢 STABLE,Low,11,12
1627,910.8000000000001,327.89,0.0,0.0,910.8,64.0,🔴 CRITICAL DECAY,Critical,1,2
1628,1080.6,451.04,0.0,0.0,1080.6,58.3,🟠 RAPID DECLINE,High,1,1
1629,851.4000000000001,842.2,833.01,814.62,36.78,1.1,🟢 STABLE,Low,11,12
1630,1231.1999999999998,337.47,0.0,0.0,1231.2,72.6,🔴 CRITICAL DECAY,Critical,1,1
1631,1024.1999999999998,745.21,466.22,0.0,1024.2,27.2,🟡 DECLINING,Medium,5,6
1632,1273.1999999999998,812.17,351.15,0.0,1273.2,36.2,🟠 RAPID DECLINE,High,4,5
1633,525.5999999999999,201.2,0.0,0.0,525.6,61.7,🔴 CRITICAL DECAY,Critical,1,2
1634,708.0,696.25,684.49,660.99,47.01,1.7,🟢 STABLE,Low,11,12
1635,839.4000000000001,598.32,357.25,0.0,839.4,28.7,🟡 DECLINING,Medium,5,6
1636,292.20000000000005,283.46,274.73,257.25,34.95,3.0,🟢 STABLE,Low,11,12
1637,353.4,344.18,334.95,316.51,36.89,2.6,🟢 STABLE,Low,11,12
1638,1012.8000000000001,1005.1,997.41,982.01,30.79,0.8,🟢 STABLE,Low,11,12
1639,540.5999999999999,328.47,116.34,0.0,540.6,39.2,🟠 RAPID DECLINE,High,1,1
1640,247.79999999999998,232.36,216.92,186.05,61.75,6.2,🟢 STABLE,Low,11,12
1641,1045.1999999999998,1043.53,1041.86,1038.51,6.69,0.2,🟢 STABLE,Low,11,12
1642,238.20000000000002,186.01,133.82,29.44,208.76,21.9,🟡 DECLINING,Medium,6,7
1643,1084.1999999999998,753.52,422.84,0.0,1084.2,30.5,🟡 DECLINING,Medium,4,5
1644,1317.6,820.07,322.55,0.0,1317.6,37.8,🟠 RAPID DECLINE,High,3,4
1645,1015.8000000000001,437.4,0.0,0.0,1015.8,56.9,🟠 RAPID DECLINE,High,1,1
1646,786.0,772.87,759.75,733.5,52.5,1.7,🟢 STABLE,Low,11,12
1647,954.0,563.34,172.67,0.0,954.0,40.9,🟠 RAPID DECLINE,High,1,1
1648,971.4000000000001,808.98,646.56,321.73,649.67,16.7,🟡 DECLINING,Medium,8,9
1649,673.8,558.11,442.42,211.03,462.77,17.2,🟡 DECLINING,Medium,8,9
1650,1029.6,131.58,0.0,0.0,1029.6,87.2,🔴 CRITICAL DECAY,Critical,1,1
1651,949.1999999999999,52.4,0.0,0.0,949.2,94.5,🔴 CRITICAL DECAY,Critical,1,1
1652,412.79999999999995,330.53,248.26,83.72,329.08,19.9,🟡 DECLINING,Medium,7,8
1653,249.0,246.36,243.72,238.44,10.56,1.1,🟢 STABLE,Low,11,12
1654,225.60000000000002,217.48,209.36,193.11,32.49,3.6,🟢 STABLE,Low,11,12
1655,531.5999999999999,388.28,244.96,0.0,531.6,27.0,🟡 DECLINING,Medium,1,2
1656,1089.6,1020.74,951.87,814.15,275.45,6.3,🟢 STABLE,Low,11,12
1657,307.20000000000005,240.38,173.57,39.94,267.26,21.8,🟡 DECLINING,Medium,6,7
1658,1271.4,820.94,370.49,0.0,1271.4,35.4,🟠 RAPID DECLINE,High,1,1
1659,849.5999999999999,844.5,839.4,829.21,20.39,0.6,🟢 STABLE,Low,11,12
1660,304.79999999999995,241.31,177.82,50.84,253.96,20.8,🟡 DECLINING,Medium,7,8
1661,1305.6,1058.45,811.3,317.0,988.6,18.9,🟡 DECLINING,Medium,7,8
1662,837.0,164.14,0.0,0.0,837.0,80.4,🔴 CRITICAL DECAY,Critical,1,1
1663,1135.8000000000002,315.64,0.0,0.0,1135.8,72.2,🔴 CRITICAL DECAY,Critical,1,1
1664,1152.6,710.12,267.63,0.0,1152.6,38.4,🟠 RAPID DECLINE,High,3,4
1665,922.1999999999999,128.28,0.0,0.0,922.2,86.1,🔴 CRITICAL DECAY,Critical,1,1
1666,243.0,241.03,239.06,235.13,7.87,0.8,🟢 STABLE,Low,11,12
1667,297.6,269.06,240.52,183.44,114.16,9.6,🟢 STABLE,Low,11,12
1668,1387.8000000000002,923.3,458.81,0.0,1387.8,33.5,🟡 DECLINING,Medium,4,5
1669,895.1999999999999,151.02,0.0,0.0,895.2,83.1,🔴 CRITICAL DECAY,Critical,1,1
1670,601.8,189.63,0.0,0.0,601.8,68.5,🔴 CRITICAL DECAY,Critical,1,1
1671,1237.8000000000002,1140.76,1043.71,849.63,388.17,7.8,🟢 STABLE,Low,11,12
1672,865.1999999999999,862.26,859.32,853.43,11.77,0.3,🟢 STABLE,Low,11,12
1673,1363.1999999999998,708.86,54.53,0.0,1363.2,48.0,🟠 RAPID DECLINE,High,1,1
1674,301.20000000000005,295.57,289.94,278.67,22.53,1.9,🟢 STABLE,Low,11,12
1675,946.8000000000001,368.21,0.0,0.0,946.8,61.1,🔴 CRITICAL DECAY,Critical,1,1
1676,961.8000000000001,324.51,0.0,0.0,961.8,66.3,🔴 CRITICAL DECAY,Critical,1,2
1677,304.79999999999995,301.11,297.42,290.05,14.75,1.2,🟢 STABLE,Low,11,12
1678,1264.8000000000002,1128.45,992.11,719.42,545.38,10.8,🟢 STABLE,Low,11,12
1679,549.0,343.89,138.79,0.0,549.0,37.4,🟠 RAPID DECLINE,High,1,2
1680,293.4,280.37,267.35,241.29,52.11,4.4,🟢 STABLE,Low,11,12
1681,300.0,299.1,298.2,296.4,3.6,0.3,🟢 STABLE,Low,11,12
1682,1023.0,1019.11,1015.23,1007.45,15.55,0.4,🟢 STABLE,Low,11,12
1683,235.20000000000002,234.38,233.55,231.91,3.29,0.3,🟢 STABLE,Low,11,12
1684,601.8,587.06,572.31,542.82,58.98,2.4,🟢 STABLE,Low,11,12
1685,846.5999999999999,319.68,0.0,0.0,846.6,62.2,🔴 CRITICAL DECAY,Critical,1,1
1686,720.5999999999999,581.67,442.74,164.87,555.73,19.3,🟡 DECLINING,Medium,7,8
1687,316.79999999999995,299.06,281.32,245.84,70.96,5.6,🟢 STABLE,Low,11,12
1688,241.79999999999998,240.03,238.27,234.74,7.06,0.7,🟢 STABLE,Low,11,12
1689,706.2,589.11,472.02,237.85,468.35,16.6,🟡 DECLINING,Medium,9,10
1690,1170.6,1024.51,878.42,586.24,584.36,12.5,🟢 STABLE,Low,11,12
1691,235.79999999999998,234.83,233.87,231.93,3.87,0.4,🟢 STABLE,Low,11,12
1692,303.0,288.06,273.12,243.25,59.75,4.9,🟢 STABLE,Low,11,12
1693,1373.4,1366.67,1359.94,1346.48,26.92,0.5,🟢 STABLE,Low,11,12
1694,416.40000000000003,86.61,0.0,0.0,416.4,79.2,🔴 CRITICAL DECAY,Critical,1,1
1695,848.4000000000001,815.14,781.89,715.37,133.03,3.9,🟢 STABLE,Low,11,12
1696,1023.5999999999999,78.0,0.0,0.0,1023.6,92.4,🔴 CRITICAL DECAY,Critical,1,1
1697,906.5999999999999,899.89,893.18,879.76,26.84,0.7,🟢 STABLE,Low,11,12
1698,1017.5999999999999,1009.66,1001.73,985.85,31.75,0.8,🟢 STABLE,Low,11,12
1699,247.79999999999998,237.99,228.17,208.55,39.25,4.0,🟢 STABLE,Low,11,12
1700,245.39999999999998,243.93,242.46,239.51,5.89,0.6,🟢 STABLE,Low,11,12
1701,1229.4,1073.27,917.13,604.86,624.54,12.7,🟢 STABLE,Low,1,1
1702,1252.8000000000002,302.43,0.0,0.0,1252.8,75.9,🔴 CRITICAL DECAY,Critical,1,1
1703,427.79999999999995,189.13,0.0,0.0,427.8,55.8,🟠 RAPID DECLINE,High,2,3
1704,1197.0,74.33,0.0,0.0,1197.0,93.8,🔴 CRITICAL DECAY,Critical,1,1
1705,1085.4,967.74,850.09,614.77,470.63,10.8,🟢 STABLE,Low,11,12
1706,1171.8000000000002,1159.85,1147.9,1123.99,47.81,1.0,🟢 STABLE,Low,11,12
1707,886.1999999999999,269.49,0.0,0.0,886.2,69.6,🔴 CRITICAL DECAY,Critical,1,1
1708,892.8000000000001,479.79,66.78,0.0,892.8,46.3,🟠 RAPID DECLINE,High,3,4
1709,829.1999999999999,821.49,813.78,798.35,30.85,0.9,🟢 STABLE,Low,11,12
1710,993.0,131.77,0.0,0.0,993.0,86.7,🔴 CRITICAL DECAY,Critical,1,1
1711,292.79999999999995,291.69,290.57,288.35,4.45,0.4,🟢 STABLE,Low,11,12
1712,663.0,593.78,524.57,386.13,276.87,10.4,🟢 STABLE,Low,11,12
1713,736.2,714.7,693.21,650.21,85.99,2.9,🟢 STABLE,Low,11,12
1714,921.0,825.12,729.25,537.5,383.5,10.4,🟢 STABLE,Low,11,12
1715,232.79999999999998,230.82,228.84,224.88,7.92,0.9,🟢 STABLE,Low,11,12
1716,657.0,434.74,212.47,0.0,657.0,33.8,🟡 DECLINING,Medium,4,5
1717,236.39999999999998,236.05,235.69,234.98,1.42,0.1,🟢 STABLE,Low,11,12
1718,238.79999999999998,228.53,218.26,197.73,41.07,4.3,🟢 STABLE,Low,11,12
1719,1295.4,265.3,0.0,0.0,1295.4,79.5,🔴 CRITICAL DECAY,Critical,1,2
1720,1005.5999999999999,244.76,0.0,0.0,1005.6,75.7,🔴 CRITICAL DECAY,Critical,1,1
1721,891.0,242.8,0.0,0.0,891.0,72.7,🔴 CRITICAL DECAY,Critical,1,1
1722,676.8,598.29,519.78,362.76,314.04,11.6,🟢 STABLE,Low,11,12
1723,241.20000000000002,238.06,234.93,228.66,12.54,1.3,🟢 STABLE,Low,11,12
1724,1138.8000000000002,129.48,0.0,0.0,1138.8,88.6,🔴 CRITICAL DECAY,Critical,1,1
1725,1130.4,175.55,0.0,0.0,1130.4,84.5,🔴 CRITICAL DECAY,Critical,1,1
1726,598.8,517.96,437.12,275.45,323.35,13.5,🟢 STABLE,Low,11,12
1727,852.5999999999999,727.86,603.13,353.66,498.94,14.6,🟢 STABLE,Low,10,11
1728,979.8000000000001,971.37,962.95,946.09,33.71,0.9,🟢 STABLE,Low,11,12
1729,1073.4,1021.98,970.57,867.74,205.66,4.8,🟢 STABLE,Low,11,12
1730,718.2,138.4,0.0,0.0,718.2,80.7,🔴 CRITICAL DECAY,Critical,1,1
1731,835.1999999999999,43.26,0.0,0.0,835.2,94.8,🔴 CRITICAL DECAY,Critical,1,1
1732,1188.0,1104.72,1021.44,854.88,333.12,7.0,🟢 STABLE,Low,11,12
1733,228.60000000000002,133.64,38.68,0.0,228.6,41.5,🟠 RAPID DECLINE,High,1,2
1734,544.8,136.2,0.0,0.0,544.8,75.0,🔴 CRITICAL DECAY,Critical,1,1
1735,1373.4,1369.42,1365.43,1357.47,15.93,0.3,🟢 STABLE,Low,11,12
1736,234.0,120.09,6.18,0.0,234.0,48.7,🟠 RAPID DECLINE,High,1,2
1737,531.0,358.74,186.49,0.0,531.0,32.4,🟡 DECLINING,Medium,4,5
1738,1086.6,1046.29,1005.97,925.35,161.25,3.7,🟢 STABLE,Low,11,12
1739,838.8000000000001,56.95,0.0,0.0,838.8,93.2,🔴 CRITICAL DECAY,Critical,1,1
1740,244.79999999999998,212.49,180.17,115.55,129.25,13.2,🟢 STABLE,Low,11,12
1741,856.8000000000001,766.15,675.5,494.2,362.6,10.6,🟢 STABLE,Low,11,12
1742,1045.8000000000002,194.31,0.0,0.0,1045.8,81.4,🔴 CRITICAL DECAY,Critical,1,1
1743,298.20000000000005,296.53,294.86,291.52,6.68,0.6,🟢 STABLE,Low,11,12
1744,1253.4,832.76,412.12,0.0,1253.4,33.6,🟡 DECLINING,Medium,4,5
1745,237.60000000000002,235.13,232.66,227.72,9.88,1.0,🟢 STABLE,Low,11,12
1746,1397.4,1390.97,1384.54,1371.69,25.71,0.5,🟢 STABLE,Low,11,12
1747,1017.0,166.99,0.0,0.0,1017.0,83.6,🔴 CRITICAL DECAY,Critical,1,1
1748,240.60000000000002,238.41,236.22,231.84,8.76,0.9,🟢 STABLE,Low,11,12
1749,1329.0,643.37,0.0,0.0,1329.0,51.6,🟠 RAPID DECLINE,High,2,3
1750,1076.4,1057.24,1038.08,999.76,76.64,1.8,🟢 STABLE,Low,11,12
1751,1079.4,147.77,0.0,0.0,1079.4,86.3,🔴 CRITICAL DECAY,Critical,1,1
1752,584.4000000000001,543.84,503.29,422.17,162.23,6.9,🟢 STABLE,Low,11,12
1753,1159.1999999999998,1155.49,1151.78,1144.36,14.84,0.3,🟢 STABLE,Low,11,12
1754,891.5999999999999,821.79,751.98,612.35,279.25,7.8,🟢 STABLE,Low,11,12
1755,651.5999999999999,407.32,163.03,0.0,651.6,37.5,🟠 RAPID DECLINE,High,4,5
1756,898.1999999999999,865.77,833.35,768.5,129.7,3.6,🟢 STABLE,Low,11,12
1757,959.4000000000001,955.18,950.96,942.51,16.89,0.4,🟢 STABLE,Low,11,12
1758,240.60000000000002,239.76,238.92,237.23,3.37,0.3,🟢 STABLE,Low,11,12
1759,232.79999999999998,200.28,167.76,102.71,130.09,14.0,🟢 STABLE,Low,10,11
1760,658.8,641.67,624.54,590.28,68.52,2.6,🟢 STABLE,Low,11,12
1761,293.4,291.61,289.82,286.24,7.16,0.6,🟢 STABLE,Low,11,12
1762,1075.8000000000002,931.64,787.49,499.17,576.63,13.4,🟢 STABLE,Low,11,12
1763,544.8,219.39,0.0,0.0,544.8,59.7,🟠 RAPID DECLINE,High,1,1
1764,908.4000000000001,903.13,897.86,887.33,21.07,0.6,🟢 STABLE,Low,11,12
1765,1327.8000000000002,798.67,269.54,0.0,1327.8,39.9,🟠 RAPID DECLINE,High,3,4
1766,246.60000000000002,231.75,216.91,187.22,59.38,6.0,🟢 STABLE,Low,11,12
1767,1381.8000000000002,1373.09,1364.39,1346.98,34.82,0.6,🟢 STABLE,Low,11,12
1768,702.5999999999999,678.36,654.12,605.64,96.96,3.5,🟢 STABLE,Low,11,12
1769,1119.0,983.15,847.31,575.61,543.39,12.1,🟢 STABLE,Low,11,12
1770,1358.4,690.34,22.28,0.0,1358.4,49.2,🟠 RAPID DECLINE,High,1,1
1771,1086.0,243.05,0.0,0.0,1086.0,77.6,🔴 CRITICAL DECAY,Critical,1,1
1772,948.0,200.22,0.0,0.0,948.0,78.9,🔴 CRITICAL DECAY,Critical,1,1
1773,232.20000000000002,231.39,230.57,228.95,3.25,0.3,🟢 STABLE,Low,11,12
1774,585.0,365.51,146.02,0.0,585.0,37.5,🟠 RAPID DECLINE,High,1,2
1775,1308.6,1071.35,834.1,359.6,949.0,18.1,🟡 DECLINING,Medium,1,1
1776,300.0,299.1,298.2,296.4,3.6,0.3,🟢 STABLE,Low,11,12
1777,658.8,492.12,325.45,0.0,658.8,25.3,🟡 DECLINING,Medium,5,6
1778,297.0,296.41,295.81,294.62,2.38,0.2,🟢 STABLE,Low,11,12
1779,1093.8000000000002,239.87,0.0,0.0,1093.8,78.1,🔴 CRITICAL DECAY,Critical,1,1
1780,241.79999999999998,231.62,221.44,201.08,40.72,4.2,🟢 STABLE,Low,11,12
1781,1252.1999999999998,718.26,184.32,0.0,1252.2,42.6,🟠 RAPID DECLINE,High,3,4
1782,792.5999999999999,603.64,414.69,36.78,755.82,23.8,🟡 DECLINING,Medium,6,7
1783,859.8000000000001,120.2,0.0,0.0,859.8,86.0,🔴 CRITICAL DECAY,Critical,1,1
1784,244.20000000000002,139.34,34.48,0.0,244.2,42.9,🟠 RAPID DECLINE,High,3,4
1785,1106.4,1100.54,1094.67,1082.94,23.46,0.5,🟢 STABLE,Low,11,12
1786,1011.0,642.69,274.39,0.0,1011.0,36.4,🟠 RAPID DECLINE,High,1,1
1787,1262.4,1085.41,908.42,554.45,707.95,14.0,🟢 STABLE,Low,10,11
1788,235.20000000000002,231.55,227.91,220.62,14.58,1.6,🟢 STABLE,Low,11,12
1789,364.79999999999995,243.29,121.77,0.0,364.8,33.3,🟡 DECLINING,Medium,4,5
1790,937.1999999999999,395.31,0.0,0.0,937.2,57.8,🟠 RAPID DECLINE,High,2,3
1791,738.0,679.77,621.54,505.09,232.91,7.9,🟢 STABLE,Low,11,12
1792,832.8000000000001,818.39,803.99,775.17,57.63,1.7,🟢 STABLE,Low,11,12
1793,297.0,296.29,295.57,294.15,2.85,0.2,🟢 STABLE,Low,11,12
1794,1092.6,1090.52,1088.45,1084.3,8.3,0.2,🟢 STABLE,Low,11,12
1795,1075.8000000000002,793.94,512.08,0.0,1075.8,26.2,🟡 DECLINING,Medium,1,1
1796,883.8000000000001,796.3,708.81,533.82,349.98,9.9,🟢 STABLE,Low,11,12
1797,232.79999999999998,231.59,230.38,227.96,4.84,0.5,🟢 STABLE,Low,11,12
1798,314.4,302.99,291.57,268.75,45.65,3.6,🟢 STABLE,Low,11,12
1799,1184.4,155.39,0.0,0.0,1184.4,86.9,🔴 CRITICAL DECAY,Critical,1,1
1800,526.2,220.16,0.0,0.0,526.2,58.2,🟠 RAPID DECLINE,High,1,2
1801,836.4000000000001,538.89,241.39,0.0,836.4,35.6,🟠 RAPID DECLINE,High,4,5
1802,462.59999999999997,455.48,448.35,434.1,28.5,1.5,🟢 STABLE,Low,11,12
1803,637.2,632.29,627.39,617.57,19.63,0.8,🟢 STABLE,Low,11,12
1804,247.79999999999998,204.61,161.42,75.03,172.77,17.4,🟡 DECLINING,Medium,8,9
1805,773.4000000000001,769.53,765.67,757.93,15.47,0.5,🟢 STABLE,Low,11,12
1806,301.20000000000005,299.3,297.4,293.61,7.59,0.6,🟢 STABLE,Low,11,12
1807,916.1999999999999,90.98,0.0,0.0,916.2,90.1,🔴 CRITICAL DECAY,Critical,1,1
1808,949.8000000000001,198.41,0.0,0.0,949.8,79.1,🔴 CRITICAL DECAY,Critical,1,1
1809,1020.0,308.65,0.0,0.0,1020.0,69.7,🔴 CRITICAL DECAY,Critical,1,1
1810,1141.8000000000002,1123.76,1105.72,1069.64,72.16,1.6,🟢 STABLE,Low,11,12
1811,952.1999999999999,599.03,245.86,0.0,952.2,37.1,🟠 RAPID DECLINE,High,4,5
1812,1159.8000000000002,779.62,399.44,0.0,1159.8,32.8,🟡 DECLINING,Medium,4,5
1813,906.0,342.38,0.0,0.0,906.0,62.2,🔴 CRITICAL DECAY,Critical,2,3
1814,236.39999999999998,234.93,233.47,230.54,5.86,0.6,🟢 STABLE,Low,11,12
1815,246.0,245.53,245.07,244.13,1.87,0.2,🟢 STABLE,Low,11,12
1816,230.39999999999998,134.69,38.98,0.0,230.4,41.5,🟠 RAPID DECLINE,High,1,2
1817,1180.1999999999998,1172.88,1165.57,1150.93,29.27,0.6,🟢 STABLE,Low,11,12
1818,892.1999999999999,811.28,730.35,568.51,323.69,9.1,🟢 STABLE,Low,11,12
1819,616.2,613.3,610.41,604.62,11.58,0.5,🟢 STABLE,Low,11,12
1820,547.8,369.87,191.95,0.0,547.8,32.5,🟡 DECLINING,Medium,4,5
1821,1023.5999999999999,463.49,0.0,0.0,1023.6,54.7,🟠 RAPID DECLINE,High,1,1
1822,1038.6,628.15,217.69,0.0,1038.6,39.5,🟠 RAPID DECLINE,High,1,1
1823,886.1999999999999,444.96,3.72,0.0,886.2,49.8,🟠 RAPID DECLINE,High,1,1
1824,243.60000000000002,243.11,242.63,241.65,1.95,0.2,🟢 STABLE,Low,11,12
1825,650.4000000000001,488.06,325.72,1.04,649.36,25.0,🟡 DECLINING,Medium,6,7
1826,1087.8000000000002,439.36,0.0,0.0,1087.8,59.6,🟠 RAPID DECLINE,High,1,2
1827,610.8,565.48,520.16,429.51,181.29,7.4,🟢 STABLE,Low,11,12
1828,300.6,281.63,262.66,224.73,75.87,6.3,🟢 STABLE,Low,11,12
1829,898.1999999999999,190.06,0.0,0.0,898.2,78.8,🔴 CRITICAL DECAY,Critical,1,1
1830,246.0,245.02,244.03,242.06,3.94,0.4,🟢 STABLE,Low,11,12
1831,762.5999999999999,664.45,566.31,370.01,392.59,12.9,🟢 STABLE,Low,11,12
1832,538.2,227.44,0.0,0.0,538.2,57.7,🟠 RAPID DECLINE,High,1,1
1833,575.4000000000001,268.83,0.0,0.0,575.4,53.3,🟠 RAPID DECLINE,High,1,1
1834,541.2,102.4,0.0,0.0,541.2,81.1,🔴 CRITICAL DECAY,Critical,1,1
1835,540.0,187.65,0.0,0.0,540.0,65.3,🔴 CRITICAL DECAY,Critical,1,1
1836,1152.0,396.17,0.0,0.0,1152.0,65.6,🔴 CRITICAL DECAY,Critical,1,1
1837,240.60000000000002,182.95,125.3,10.01,230.59,24.0,🟡 DECLINING,Medium,6,7
1838,1080.6,342.66,0.0,0.0,1080.6,68.3,🔴 CRITICAL DECAY,Critical,1,1
1839,303.6,293.55,283.5,263.4,40.2,3.3,🟢 STABLE,Low,11,12
1840,1303.8000000000002,1280.2,1256.6,1209.4,94.4,1.8,🟢 STABLE,Low,11,12
1841,291.6,278.86,266.11,240.63,50.97,4.4,🟢 STABLE,Low,11,12
1842,911.4000000000001,770.77,630.14,348.88,562.52,15.4,🟡 DECLINING,Medium,9,10
1843,236.39999999999998,236.05,235.69,234.98,1.42,0.1,🟢 STABLE,Low,11,12
1844,796.8000000000001,759.99,723.18,649.55,147.25,4.6,🟢 STABLE,Low,11,12
1845,429.0,400.73,372.46,315.92,113.08,6.6,🟢 STABLE,Low,11,12
1846,225.60000000000002,219.98,214.37,203.13,22.47,2.5,🟢 STABLE,Low,11,12
1847,232.79999999999998,230.94,229.08,225.35,7.45,0.8,🟢 STABLE,Low,11,12
1848,231.60000000000002,225.97,220.34,209.09,22.51,2.4,🟢 STABLE,Low,11,12
1849,546.5999999999999,290.14,33.67,0.0,546.6,46.9,🟠 RAPID DECLINE,High,1,1
1850,809.4000000000001,754.85,700.29,591.19,218.21,6.7,🟢 STABLE,Low,11,12
1851,421.20000000000005,133.23,0.0,0.0,421.2,68.4,🔴 CRITICAL DECAY,Critical,1,1
1852,554.4000000000001,262.79,0.0,0.0,554.4,52.6,🟠 RAPID DECLINE,High,1,1
1853,541.8,207.4,0.0,0.0,541.8,61.7,🔴 CRITICAL DECAY,Critical,1,1
1854,519.5999999999999,84.12,0.0,0.0,519.6,83.8,🔴 CRITICAL DECAY,Critical,1,1
1855,241.20000000000002,239.51,237.82,234.45,6.75,0.7,🟢 STABLE,Low,11,12
1856,685.8,530.81,375.82,65.84,619.96,22.6,🟡 DECLINING,Medium,6,7
1857,706.8,693.51,680.22,653.65,53.15,1.9,🟢 STABLE,Low,11,12
1858,878.4000000000001,243.4,0.0,0.0,878.4,72.3,🔴 CRITICAL DECAY,Critical,1,1
1859,1024.1999999999998,437.54,0.0,0.0,1024.2,57.3,🟠 RAPID DECLINE,High,1,1
1860,233.39999999999998,232.82,232.23,231.07,2.33,0.2,🟢 STABLE,Low,11,12
1861,551.4000000000001,294.06,36.72,0.0,551.4,46.7,🟠 RAPID DECLINE,High,1,1
1862,606.0,538.19,470.38,334.75,271.25,11.2,🟢 STABLE,Low,11,12
1863,301.20000000000005,286.32,271.44,241.68,59.52,4.9,🟢 STABLE,Low,11,12
1864,728.4000000000001,693.51,658.62,588.84,139.56,4.8,🟢 STABLE,Low,11,12
1865,1188.0,779.33,370.66,0.0,1188.0,34.4,🟡 DECLINING,Medium,4,5
1866,1252.8000000000002,1135.41,1018.03,783.25,469.55,9.4,🟢 STABLE,Low,11,12
1867,1005.0,309.64,0.0,0.0,1005.0,69.2,🔴 CRITICAL DECAY,Critical,1,2
1868,528.5999999999999,221.17,0.0,0.0,528.6,58.2,🟠 RAPID DECLINE,High,1,2
1869,289.20000000000005,288.62,288.04,286.89,2.31,0.2,🟢 STABLE,Low,11,12
1870,546.5999999999999,149.82,0.0,0.0,546.6,72.6,🔴 CRITICAL DECAY,Critical,1,1
1871,1125.6,912.41,699.22,272.85,852.75,18.9,🟡 DECLINING,Medium,7,8
1872,236.39999999999998,234.67,232.95,229.5,6.9,0.7,🟢 STABLE,Low,11,12
1873,847.8000000000001,846.1,844.41,841.02,6.78,0.2,🟢 STABLE,Low,11,12
1874,1037.4,1023.71,1010.01,982.63,54.77,1.3,🟢 STABLE,Low,11,12
1875,1369.1999999999998,1362.08,1354.96,1340.72,28.48,0.5,🟢 STABLE,Low,11,12
1876,1142.4,775.69,408.98,0.0,1142.4,32.1,🟡 DECLINING,Medium,4,5
1877,1062.6,1060.37,1058.14,1053.67,8.93,0.2,🟢 STABLE,Low,11,12
1878,249.0,169.05,89.09,0.0,249.0,32.1,🟡 DECLINING,Medium,4,5
1879,840.5999999999999,57.08,0.0,0.0,840.6,93.2,🔴 CRITICAL DECAY,Critical,1,1
1880,1032.0,78.64,0.0,0.0,1032.0,92.4,🔴 CRITICAL DECAY,Critical,1,1
1881,535.8,402.65,269.51,3.21,532.59,24.9,🟡 DECLINING,Medium,1,1
1882,722.4000000000001,663.31,604.22,486.03,236.37,8.2,🟢 STABLE,Low,11,12
1883,1206.0,1030.53,855.05,504.11,701.89,14.5,🟢 STABLE,Low,10,11
1884,665.4000000000001,647.17,628.94,592.47,72.93,2.7,🟢 STABLE,Low,11,12
1885,843.5999999999999,789.27,734.94,626.29,217.31,6.4,🟢 STABLE,Low,11,12
1886,724.8,722.26,719.73,714.65,10.15,0.4,🟢 STABLE,Low,11,12
1887,871.8000000000001,320.04,0.0,0.0,871.8,63.3,🔴 CRITICAL DECAY,Critical,1,2
1888,669.5999999999999,647.1,624.6,579.61,89.99,3.4,🟢 STABLE,Low,11,12
1889,373.20000000000005,158.68,0.0,0.0,373.2,57.5,🟠 RAPID DECLINE,High,2,3
1890,252.0,92.99,0.0,0.0,252.0,63.1,🔴 CRITICAL DECAY,Critical,1,1
1891,541.2,191.75,0.0,0.0,541.2,64.6,🔴 CRITICAL DECAY,Critical,1,1
1892,611.4000000000001,296.77,0.0,0.0,611.4,51.5,🟠 RAPID DECLINE,High,1,2
1893,829.1999999999999,742.22,655.23,481.27,347.93,10.5,🟢 STABLE,Low,11,12
1894,527.4000000000001,339.43,151.47,0.0,527.4,35.6,🟠 RAPID DECLINE,High,4,5
1895,1038.0,1034.57,1031.15,1024.3,13.7,0.3,🟢 STABLE,Low,11,12
1896,839.4000000000001,795.75,752.1,664.8,174.6,5.2,🟢 STABLE,Low,11,12
1897,604.8,547.04,489.28,373.77,231.03,9.6,🟢 STABLE,Low,11,12
1898,947.4000000000001,186.26,0.0,0.0,947.4,80.3,🔴 CRITICAL DECAY,Critical,1,1
1899,1091.4,722.18,352.96,0.0,1091.4,33.8,🟡 DECLINING,Medium,4,5
1900,238.79999999999998,236.84,234.88,230.97,7.83,0.8,🟢 STABLE,Low,11,12
1901,241.79999999999998,232.49,223.18,204.56,37.24,3.9,🟢 STABLE,Low,11,12
1902,1087.1999999999998,1085.57,1083.94,1080.68,6.52,0.1,🟢 STABLE,Low,11,12
1903,1104.0,140.21,0.0,0.0,1104.0,87.3,🔴 CRITICAL DECAY,Critical,1,1
1904,1133.4,648.53,163.66,0.0,1133.4,42.8,🟠 RAPID DECLINE,High,3,4
1905,298.20000000000005,281.14,264.09,229.97,68.23,5.7,🟢 STABLE,Low,11,12
1906,432.0,409.8,387.59,343.18,88.82,5.1,🟢 STABLE,Low,11,12
1907,942.0,537.32,132.63,0.0,942.0,43.0,🟠 RAPID DECLINE,High,3,4
1908,239.39999999999998,238.66,237.92,236.43,2.97,0.3,🟢 STABLE,Low,11,12
1909,247.79999999999998,238.66,229.51,211.22,36.58,3.7,🟢 STABLE,Low,11,12
1910,366.0,219.16,72.32,0.0,366.0,40.1,🟠 RAPID DECLINE,High,1,2
1911,1273.1999999999998,1269.25,1265.31,1257.41,15.79,0.3,🟢 STABLE,Low,11,12
1912,246.0,240.32,234.63,223.27,22.73,2.3,🟢 STABLE,Low,11,12
1913,1146.0,1020.86,895.71,645.43,500.57,10.9,🟢 STABLE,Low,11,12
1914,775.1999999999999,570.0,364.81,0.0,775.2,26.5,🟡 DECLINING,Medium,5,6
1915,613.2,509.39,405.57,197.94,415.26,16.9,🟡 DECLINING,Medium,8,9
1916,1017.5999999999999,738.07,458.53,0.0,1017.6,27.5,🟡 DECLINING,Medium,1,1
1917,1069.1999999999998,1066.74,1064.28,1059.36,9.84,0.2,🟢 STABLE,Low,11,12
1918,659.4000000000001,554.36,449.32,239.23,420.17,15.9,🟡 DECLINING,Medium,9,10
1919,610.8,159.97,0.0,0.0,610.8,73.8,🔴 CRITICAL DECAY,Critical,1,1
1920,245.39999999999998,194.41,143.41,41.42,203.98,20.8,🟡 DECLINING,Medium,7,8
1921,1031.4,1027.38,1023.36,1015.31,16.09,0.4,🟢 STABLE,Low,11,12
1922,724.2,632.23,540.25,356.31,367.89,12.7,🟢 STABLE,Low,11,12
1923,237.60000000000002,236.58,235.56,233.51,4.09,0.4,🟢 STABLE,Low,11,12
1924,1024.1999999999998,749.41,474.61,0.0,1024.2,26.8,🟡 DECLINING,Medium,5,6
1925,865.1999999999999,861.57,857.93,850.66,14.54,0.4,🟢 STABLE,Low,11,12
1926,1197.6,424.79,0.0,0.0,1197.6,64.5,🔴 CRITICAL DECAY,Critical,1,1
1927,1288.1999999999998,758.88,229.56,0.0,1288.2,41.1,🟠 RAPID DECLINE,High,1,1
1928,234.60000000000002,154.53,74.46,0.0,234.6,34.1,🟡 DECLINING,Medium,1,1
1929,972.5999999999999,162.81,0.0,0.0,972.6,83.3,🔴 CRITICAL DECAY,Critical,1,1
1930,246.0,102.73,0.0,0.0,246.0,58.2,🟠 RAPID DECLINE,High,2,3
1931,1341.6,754.78,167.97,0.0,1341.6,43.7,🟠 RAPID DECLINE,High,3,4
1932,242.39999999999998,143.43,44.46,0.0,242.4,40.8,🟠 RAPID DECLINE,High,1,1
1933,236.39999999999998,228.88,221.36,206.33,30.07,3.2,🟢 STABLE,Low,11,12
1934,949.1999999999999,195.73,0.0,0.0,949.2,79.4,🔴 CRITICAL DECAY,Critical,1,1
1935,238.20000000000002,232.44,226.67,215.14,23.06,2.4,🟢 STABLE,Low,11,12
1936,726.0,701.82,677.65,629.3,96.7,3.3,🟢 STABLE,Low,11,12
1937,234.60000000000002,231.95,229.3,224.0,10.6,1.1,🟢 STABLE,Low,11,12
1938,250.79999999999998,130.57,10.33,0.0,250.8,47.9,🟠 RAPID DECLINE,High,1,1
1939,252.60000000000002,155.27,57.95,0.0,252.6,38.5,🟠 RAPID DECLINE,High,3,4
1940,858.0,837.49,816.99,775.98,82.02,2.4,🟢 STABLE,Low,11,12
1941,655.8,283.83,0.0,0.0,655.8,56.7,🟠 RAPID DECLINE,High,1,2
1942,230.39999999999998,229.5,228.6,226.81,3.59,0.4,🟢 STABLE,Low,11,12
1943,597.5999999999999,120.89,0.0,0.0,597.6,79.8,🔴 CRITICAL DECAY,Critical,1,2
1944,306.0,238.83,171.67,37.33,268.67,22.0,🟡 DECLINING,Medium,6,7
1945,246.0,245.48,244.97,243.93,2.07,0.2,🟢 STABLE,Low,11,12
1946,1084.8000000000002,909.28,733.76,382.72,702.08,16.2,🟡 DECLINING,Medium,9,10
1947,1083.0,1056.79,1030.58,978.17,104.83,2.4,🟢 STABLE,Low,11,12
1948,969.0,168.12,0.0,0.0,969.0,82.7,🔴 CRITICAL DECAY,Critical,1,1
1949,1255.1999999999998,1233.99,1212.77,1170.35,84.85,1.7,🟢 STABLE,Low,11,12
1950,1102.1999999999998,780.58,458.96,0.0,1102.2,29.2,🟡 DECLINING,Medium,1,1
1951,602.4000000000001,543.12,483.85,365.3,237.1,9.8,🟢 STABLE,Low,11,12
1952,1146.0,826.15,506.3,0.0,1146.0,27.9,🟡 DECLINING,Medium,5,6
1953,904.1999999999999,179.94,0.0,0.0,904.2,80.1,🔴 CRITICAL DECAY,Critical,1,1
1954,905.4000000000001,41.83,0.0,0.0,905.4,95.4,🔴 CRITICAL DECAY,Critical,1,1
1955,1144.8000000000002,788.54,432.28,0.0,1144.8,31.1,🟡 DECLINING,Medium,1,2
1956,1215.6,1212.2,1208.79,1201.99,13.61,0.3,🟢 STABLE,Low,11,12
1957,637.2,567.17,497.14,357.09,280.11,11.0,🟢 STABLE,Low,11,12
1958,1018.1999999999999,668.45,318.7,0.0,1018.2,34.3,🟡 DECLINING,Medium,4,5
1959,411.0,306.56,202.13,0.0,411.0,25.4,🟡 DECLINING,Medium,5,6
1960,1063.1999999999998,819.51,575.83,88.46,974.74,22.9,🟡 DECLINING,Medium,6,7
1961,721.8,709.53,697.26,672.72,49.08,1.7,🟢 STABLE,Low,11,12
1962,1199.4,653.43,107.47,0.0,1199.4,45.5,🟠 RAPID DECLINE,High,3,4
1963,848.4000000000001,462.04,75.68,0.0,848.4,45.5,🟠 RAPID DECLINE,High,3,4
1964,657.5999999999999,633.27,608.94,560.28,97.32,3.7,🟢 STABLE,Low,11,12
1965,594.5999999999999,541.74,488.88,383.16,211.44,8.9,🟢 STABLE,Low,11,12
1966,657.5999999999999,504.05,350.5,43.4,614.2,23.4,🟡 DECLINING,Medium,6,7
1967,943.1999999999999,843.41,743.62,544.04,399.16,10.6,🟢 STABLE,Low,11,12
1968,1203.6,966.61,729.62,255.64,947.96,19.7,🟡 DECLINING,Medium,7,8
1969,643.2,634.39,625.58,607.95,35.25,1.4,🟢 STABLE,Low,11,12
1970,973.1999999999999,212.55,0.0,0.0,973.2,78.2,🔴 CRITICAL DECAY,Critical,1,1
1971,232.20000000000002,225.68,219.15,206.1,26.1,2.8,🟢 STABLE,Low,11,12
1972,1027.1999999999998,437.48,0.0,0.0,1027.2,57.4,🟠 RAPID DECLINE,High,1,2
1973,969.5999999999999,966.11,962.62,955.64,13.96,0.4,🟢 STABLE,Low,11,12
1974,899.4000000000001,224.76,0.0,0.0,899.4,75.0,🔴 CRITICAL DECAY,Critical,1,1
1975,235.20000000000002,233.86,232.52,229.84,5.36,0.6,🟢 STABLE,Low,11,12
1976,1122.6,25.6,0.0,0.0,1122.6,97.7,🔴 CRITICAL DECAY,Critical,1,1
1977,1088.4,406.41,0.0,0.0,1088.4,62.7,🔴 CRITICAL DECAY,Critical,1,1
1978,837.0,829.05,821.1,805.19,31.81,0.9,🟢 STABLE,Low,11,12
1979,240.0,237.84,235.68,231.36,8.64,0.9,🟢 STABLE,Low,11,12
1980,1143.0,150.65,0.0,0.0,1143.0,86.8,🔴 CRITICAL DECAY,Critical,1,1
1981,1225.1999999999998,934.58,643.97,62.73,1162.47,23.7,🟡 DECLINING,Medium,6,7
1982,239.39999999999998,214.22,189.03,138.66,100.74,10.5,🟢 STABLE,Low,11,12
1983,970.1999999999999,927.41,884.63,799.06,171.14,4.4,🟢 STABLE,Low,11,12
1984,1090.8000000000002,434.79,0.0,0.0,1090.8,60.1,🔴 CRITICAL DECAY,Critical,1,1
1985,350.4,252.78,155.16,0.0,350.4,27.9,🟡 DECLINING,Medium,5,6
1986,1119.6,1109.19,1098.78,1077.95,41.65,0.9,🟢 STABLE,Low,11,12
1987,1069.8000000000002,798.93,528.05,0.0,1069.8,25.3,🟡 DECLINING,Medium,1,1
1988,1306.1999999999998,791.43,276.65,0.0,1306.2,39.4,🟠 RAPID DECLINE,High,1,1
1989,556.2,551.81,547.41,538.62,17.58,0.8,🟢 STABLE,Low,11,12
1990,1017.0,169.64,0.0,0.0,1017.0,83.3,🔴 CRITICAL DECAY,Critical,1,1
1991,945.0,877.81,810.62,676.24,268.76,7.1,🟢 STABLE,Low,11,12
1992,1002.5999999999999,274.01,0.0,0.0,1002.6,72.7,🔴 CRITICAL DECAY,Critical,1,1
1993,548.4000000000001,289.06,29.72,0.0,548.4,47.3,🟠 RAPID DECLINE,High,1,1
1994,235.20000000000002,228.97,222.73,210.27,24.93,2.6,🟢 STABLE,Low,11,12
1995,839.4000000000001,43.48,0.0,0.0,839.4,94.8,🔴 CRITICAL DECAY,Critical,1,1
1996,814.1999999999999,808.09,801.99,789.77,24.43,0.8,🟢 STABLE,Low,11,12
1997,1267.8000000000002,1226.98,1186.15,1104.51,163.29,3.2,🟢 STABLE,Low,11,12
1998,535.2,183.2,0.0,0.0,535.2,65.8,🔴 CRITICAL DECAY,Critical,1,1
1999,899.4000000000001,348.79,0.0,0.0,899.4,61.2,🔴 CRITICAL DECAY,Critical,1,1
2000,906.0,527.38,148.77,0.0,906.0,41.8,🟠 RAPID DECLINE,High,3,4
2001,241.79999999999998,139.74,37.67,0.0,241.8,42.2,🟠 RAPID DECLINE,High,3,4
2002,542.4000000000001,537.68,532.96,523.52,18.88,0.9,🟢 STABLE,Low,11,12
2003,1143.0,1089.05,1035.1,927.2,215.8,4.7,🟢 STABLE,Low,11,12
2004,1078.1999999999998,624.39,170.57,0.0,1078.2,42.1,🟠 RAPID DECLINE,High,1,1
2005,1205.4,1120.06,1034.72,864.03,341.37,7.1,🟢 STABLE,Low,11,12
2006,565.8,198.48,0.0,0.0,565.8,64.9,🔴 CRITICAL DECAY,Critical,1,1
2007,962.4000000000001,146.86,0.0,0.0,962.4,84.7,🔴 CRITICAL DECAY,Critical,1,1
2008,1045.1999999999998,245.1,0.0,0.0,1045.2,76.5,🔴 CRITICAL DECAY,Critical,1,1
2009,951.0,948.91,946.82,942.63,8.37,0.2,🟢 STABLE,Low,11,12
2010,910.8000000000001,239.9,0.0,0.0,910.8,73.7,🔴 CRITICAL DECAY,Critical,1,1
2011,1028.4,898.2,768.01,507.62,520.78,12.7,🟢 STABLE,Low,11,12
2012,1185.0,691.57,198.13,0.0,1185.0,41.6,🟠 RAPID DECLINE,High,3,4
2013,241.20000000000002,236.33,231.46,221.71,19.49,2.0,🟢 STABLE,Low,11,12
2014,741.5999999999999,702.96,664.33,587.05,154.55,5.2,🟢 STABLE,Low,11,12
2015,598.8,566.11,533.41,468.02,130.78,5.5,🟢 STABLE,Low,11,12
2016,1037.4,218.79,0.0,0.0,1037.4,78.9,🔴 CRITICAL DECAY,Critical,1,1
2017,244.79999999999998,243.5,242.21,239.61,5.19,0.5,🟢 STABLE,Low,11,12
2018,543.5999999999999,208.09,0.0,0.0,543.6,61.7,🔴 CRITICAL DECAY,Critical,1,1
2019,1249.1999999999998,744.27,239.35,0.0,1249.2,40.4,🟠 RAPID DECLINE,High,1,1
2020,904.8000000000001,795.05,685.3,465.79,439.01,12.1,🟢 STABLE,Low,11,12
2021,1297.8000000000002,1290.92,1284.04,1270.29,27.51,0.5,🟢 STABLE,Low,11,12
2022,1035.0,211.55,0.0,0.0,1035.0,79.6,🔴 CRITICAL DECAY,Critical,1,1
2023,972.0,116.15,0.0,0.0,972.0,88.1,🔴 CRITICAL DECAY,Critical,1,1
2024,1148.4,709.48,270.56,0.0,1148.4,38.2,🟠 RAPID DECLINE,High,3,4
2025,1402.1999999999998,1397.85,1393.51,1384.81,17.39,0.3,🟢 STABLE,Low,11,12
2026,1269.0,1184.61,1100.22,931.45,337.55,6.7,🟢 STABLE,Low,11,12
2027,241.79999999999998,230.17,218.54,195.28,46.52,4.8,🟢 STABLE,Low,11,12
2028,235.20000000000002,233.44,231.67,228.14,7.06,0.7,🟢 STABLE,Low,11,12
2029,1087.1999999999998,876.28,665.37,243.53,843.67,19.4,🟡 DECLINING,Medium,7,8
2030,731.4000000000001,689.34,647.29,563.18,168.22,5.8,🟢 STABLE,Low,11,12
2031,300.6,188.51,76.41,0.0,300.6,37.3,🟠 RAPID DECLINE,High,4,5
2032,1057.8000000000002,244.46,0.0,0.0,1057.8,76.9,🔴 CRITICAL DECAY,Critical,1,1
2033,242.39999999999998,88.86,0.0,0.0,242.4,63.3,🔴 CRITICAL DECAY,Critical,1,1
2034,723.5999999999999,694.08,664.55,605.51,118.09,4.1,🟢 STABLE,Low,11,12
2035,767.4000000000001,734.63,701.86,636.33,131.07,4.3,🟢 STABLE,Low,11,12
2036,891.5999999999999,116.18,0.0,0.0,891.6,87.0,🔴 CRITICAL DECAY,Critical,1,1
2037,847.1999999999999,53.12,0.0,0.0,847.2,93.7,🔴 CRITICAL DECAY,Critical,1,1
2038,1089.6,402.93,0.0,0.0,1089.6,63.0,🔴 CRITICAL DECAY,Critical,1,1
2039,952.1999999999999,202.15,0.0,0.0,952.2,78.8,🔴 CRITICAL DECAY,Critical,1,1
2040,1086.6,1084.97,1083.34,1080.08,6.52,0.2,🟢 STABLE,Low,11,12
2041,233.39999999999998,231.98,230.55,227.71,5.69,0.6,🟢 STABLE,Low,11,12
2042,773.4000000000001,744.01,714.62,655.84,117.56,3.8,🟢 STABLE,Low,11,12
2043,835.8000000000001,349.62,0.0,0.0,835.8,58.2,🟠 RAPID DECLINE,High,1,1
2044,234.0,226.28,218.56,203.11,30.89,3.3,🟢 STABLE,Low,11,12
2045,1326.0,1290.99,1255.99,1185.97,140.03,2.6,🟢 STABLE,Low,11,12
2046,296.4,186.82,77.24,0.0,296.4,37.0,🟠 RAPID DECLINE,High,4,5
2047,928.8000000000001,474.99,21.18,0.0,928.8,48.9,🟠 RAPID DECLINE,High,3,4
2048,1161.6,703.58,245.56,0.0,1161.6,39.4,🟠 RAPID DECLINE,High,1,1
2049,1024.8000000000002,891.78,758.76,492.72,532.08,13.0,🟢 STABLE,Low,11,12
2050,571.2,568.74,566.29,561.38,9.82,0.4,🟢 STABLE,Low,11,12
2051,232.79999999999998,231.89,230.98,229.17,3.63,0.4,🟢 STABLE,Low,11,12
2052,1246.1999999999998,643.41,40.63,0.0,1246.2,48.4,🟠 RAPID DECLINE,High,3,4
2053,1000.1999999999999,726.95,453.69,0.0,1000.2,27.3,🟡 DECLINING,Medium,1,1
2054,592.8,214.59,0.0,0.0,592.8,63.8,🔴 CRITICAL DECAY,Critical,1,1
2055,1301.4,926.99,552.57,0.0,1301.4,28.8,🟡 DECLINING,Medium,5,6
2056,972.0,850.21,728.42,484.83,487.17,12.5,🟢 STABLE,Low,11,12
2057,950.4000000000001,697.4,444.41,0.0,950.4,26.6,🟡 DECLINING,Medium,5,6
2058,1039.8000000000002,1038.34,1036.89,1033.98,5.82,0.1,🟢 STABLE,Low,11,12
2059,1115.4,590.16,64.92,0.0,1115.4,47.1,🟠 RAPID DECLINE,High,1,2
2060,1084.1999999999998,1081.92,1079.65,1075.09,9.11,0.2,🟢 STABLE,Low,11,12
2061,584.4000000000001,357.71,131.02,0.0,584.4,38.8,🟠 RAPID DECLINE,High,1,1
2062,301.79999999999995,300.29,298.78,295.76,6.04,0.5,🟢 STABLE,Low,11,12
2063,916.8000000000001,827.5,738.21,559.61,357.19,9.7,🟢 STABLE,Low,11,12
2064,234.60000000000002,223.36,212.13,189.65,44.95,4.8,🟢 STABLE,Low,11,12
2065,1024.1999999999998,446.76,0.0,0.0,1024.2,56.4,🟠 RAPID DECLINE,High,1,1
2066,297.6,295.75,293.91,290.22,7.38,0.6,🟢 STABLE,Low,11,12
2067,1237.8000000000002,1038.39,838.98,440.16,797.64,16.1,🟡 DECLINING,Medium,9,10
2068,1209.0,1068.51,928.03,647.06,561.94,11.6,🟢 STABLE,Low,11,12
2069,1147.1999999999998,105.43,0.0,0.0,1147.2,90.8,🔴 CRITICAL DECAY,Critical,1,1
2070,717.0,612.89,508.78,300.57,416.43,14.5,🟢 STABLE,Low,10,11
2071,1129.1999999999998,1107.29,1085.39,1041.57,87.63,1.9,🟢 STABLE,Low,11,12
2072,232.20000000000002,228.48,224.77,217.34,14.86,1.6,🟢 STABLE,Low,11,12
2073,238.79999999999998,191.97,145.14,51.49,187.31,19.6,🟡 DECLINING,Medium,7,8
2074,1297.8000000000002,598.93,0.0,0.0,1297.8,53.9,🟠 RAPID DECLINE,High,1,1
2075,1212.6,298.3,0.0,0.0,1212.6,75.4,🔴 CRITICAL DECAY,Critical,1,1
2076,709.2,587.43,465.66,222.12,487.08,17.2,🟡 DECLINING,Medium,8,9
2077,856.1999999999999,89.47,0.0,0.0,856.2,89.6,🔴 CRITICAL DECAY,Critical,1,1
2078,670.2,638.9,607.6,545.01,125.19,4.7,🟢 STABLE,Low,11,12
2079,1272.6,1141.14,1009.68,746.76,525.84,10.3,🟢 STABLE,Low,11,12
2080,1009.1999999999999,1006.37,1003.55,997.9,11.3,0.3,🟢 STABLE,Low,11,12
2081,903.5999999999999,604.78,305.96,0.0,903.6,33.1,🟡 DECLINING,Medium,4,5
2082,296.4,279.12,261.84,227.28,69.12,5.8,🟢 STABLE,Low,11,12
2083,241.79999999999998,76.43,0.0,0.0,241.8,68.4,🔴 CRITICAL DECAY,Critical,1,1
2084,837.0,342.5,0.0,0.0,837.0,59.1,🟠 RAPID DECLINE,High,1,1
2085,1118.4,316.51,0.0,0.0,1118.4,71.7,🔴 CRITICAL DECAY,Critical,1,1
2086,970.1999999999999,537.88,105.56,0.0,970.2,44.6,🟠 RAPID DECLINE,High,1,1
2087,403.79999999999995,177.19,0.0,0.0,403.8,56.1,🟠 RAPID DECLINE,High,1,2
2088,669.5999999999999,652.19,634.78,599.96,69.64,2.6,🟢 STABLE,Low,11,12
2089,476.40000000000003,471.11,465.82,455.25,21.15,1.1,🟢 STABLE,Low,11,12
2090,354.0,315.63,277.25,200.51,153.49,10.8,🟢 STABLE,Low,11,12
2091,241.79999999999998,240.76,239.72,237.64,4.16,0.4,🟢 STABLE,Low,11,12
2092,954.5999999999999,952.02,949.45,944.29,10.31,0.3,🟢 STABLE,Low,11,12
2093,297.6,256.62,215.64,133.68,163.92,13.8,🟢 STABLE,Low,10,11
2094,235.79999999999998,184.49,133.18,30.56,205.24,21.8,🟡 DECLINING,Medium,6,7
2095,959.4000000000001,56.41,0.0,0.0,959.4,94.1,🔴 CRITICAL DECAY,Critical,1,1
2096,231.60000000000002,128.26,24.92,0.0,231.6,44.6,🟠 RAPID DECLINE,High,1,2
2097,1128.6,227.75,0.0,0.0,1128.6,79.8,🔴 CRITICAL DECAY,Critical,1,1
2098,1089.0,891.67,694.35,299.69,789.31,18.1,🟡 DECLINING,Medium,8,9
2099,946.1999999999999,377.91,0.0,0.0,946.2,60.1,🔴 CRITICAL DECAY,Critical,1,1
2100,1194.0,979.08,764.16,334.32,859.68,18.0,🟡 DECLINING,Medium,8,9
2101,1190.4,861.37,532.35,0.0,1190.4,27.6,🟡 DECLINING,Medium,5,6
2102,966.5999999999999,700.4,434.2,0.0,966.6,27.5,🟡 DECLINING,Medium,5,6
2103,842.4000000000001,218.94,0.0,0.0,842.4,74.0,🔴 CRITICAL DECAY,Critical,1,1
2104,1022.4000000000001,80.36,0.0,0.0,1022.4,92.1,🔴 CRITICAL DECAY,Critical,1,1
2105,903.0,186.56,0.0,0.0,903.0,79.3,🔴 CRITICAL DECAY,Critical,1,1
2106,713.4000000000001,655.76,598.11,482.83,230.57,8.1,🟢 STABLE,Low,11,12
2107,1120.1999999999998,370.79,0.0,0.0,1120.2,66.9,🔴 CRITICAL DECAY,Critical,1,2
2108,539.4000000000001,500.46,461.51,383.62,155.78,7.2,🟢 STABLE,Low,11,12
2109,313.20000000000005,311.1,309.0,304.81,8.39,0.7,🟢 STABLE,Low,11,12
2110,242.39999999999998,122.07,1.75,0.0,242.4,49.6,🟠 RAPID DECLINE,High,1,2
2111,255.0,253.52,252.04,249.08,5.92,0.6,🟢 STABLE,Low,11,12
2112,712.8,693.91,675.02,637.24,75.56,2.7,🟢 STABLE,Low,11,12
2113,1140.0,1035.8,931.61,723.22,416.78,9.1,🟢 STABLE,Low,11,12
2114,742.8,685.98,629.15,515.5,227.3,7.6,🟢 STABLE,Low,11,12
2115,1423.8000000000002,1414.12,1404.44,1385.07,38.73,0.7,🟢 STABLE,Low,11,12
2116,652.2,160.18,0.0,0.0,652.2,75.4,🔴 CRITICAL DECAY,Critical,1,1
2117,773.4000000000001,772.24,771.08,768.76,4.64,0.1,🟢 STABLE,Low,11,12
2118,961.8000000000001,426.94,0.0,0.0,961.8,55.6,🟠 RAPID DECLINE,High,1,1
2119,242.39999999999998,236.8,231.2,220.0,22.4,2.3,🟢 STABLE,Low,11,12
2120,252.0,249.08,246.15,240.31,11.69,1.2,🟢 STABLE,Low,11,12
2121,245.39999999999998,145.2,45.01,0.0,245.4,40.8,🟠 RAPID DECLINE,High,1,1
2122,910.1999999999999,765.48,620.76,331.31,578.89,15.9,🟡 DECLINING,Medium,9,10
2123,965.4000000000001,291.65,0.0,0.0,965.4,69.8,🔴 CRITICAL DECAY,Critical,1,1
2124,299.4,90.69,0.0,0.0,299.4,69.7,🔴 CRITICAL DECAY,Critical,1,1
2125,906.0,897.94,889.87,873.75,32.25,0.9,🟢 STABLE,Low,11,12
2126,533.4000000000001,208.29,0.0,0.0,533.4,61.0,🔴 CRITICAL DECAY,Critical,1,1
2127,508.20000000000005,460.43,412.66,317.12,191.08,9.4,🟢 STABLE,Low,11,12
2128,894.5999999999999,858.73,822.85,751.11,143.49,4.0,🟢 STABLE,Low,11,12
2129,903.5999999999999,41.75,0.0,0.0,903.6,95.4,🔴 CRITICAL DECAY,Critical,1,1
2130,1137.6,1042.95,948.3,759.01,378.59,8.3,🟢 STABLE,Low,11,12
2131,577.8,575.49,573.18,568.56,9.24,0.4,🟢 STABLE,Low,11,12
2132,235.79999999999998,229.5,223.21,210.62,25.18,2.7,🟢 STABLE,Low,11,12
2133,846.5999999999999,43.85,0.0,0.0,846.6,94.8,🔴 CRITICAL DECAY,Critical,1,1
2134,241.79999999999998,125.88,9.96,0.0,241.8,47.9,🟠 RAPID DECLINE,High,1,1
2135,1279.1999999999998,824.83,370.46,0.0,1279.2,35.5,🟠 RAPID DECLINE,High,4,5
2136,1092.0,532.9,0.0,0.0,1092.0,51.2,🟠 RAPID DECLINE,High,1,1
2137,304.79999999999995,298.92,293.03,281.27,23.53,1.9,🟢 STABLE,Low,11,12
2138,839.4000000000001,834.62,829.83,820.26,19.14,0.6,🟢 STABLE,Low,11,12
2139,802.1999999999999,493.51,184.83,0.0,802.2,38.5,🟠 RAPID DECLINE,High,1,2
2140,1033.8000000000002,539.64,45.49,0.0,1033.8,47.8,🟠 RAPID DECLINE,High,3,4
2141,241.79999999999998,179.56,117.32,0.0,241.8,25.7,🟡 DECLINING,Medium,5,6
2142,778.1999999999999,762.25,746.29,714.39,63.81,2.0,🟢 STABLE,Low,11,12
2143,898.1999999999999,891.19,884.19,870.18,28.02,0.8,🟢 STABLE,Low,11,12
2144,606.0,327.06,48.12,0.0,606.0,46.0,🟠 RAPID DECLINE,High,3,4
2145,874.8000000000001,470.47,66.13,0.0,874.8,46.2,🟠 RAPID DECLINE,High,3,4
2146,1380.6,1177.51,974.43,568.25,812.35,14.7,🟢 STABLE,Low,10,11
2147,228.0,173.87,119.75,11.49,216.51,23.7,🟡 DECLINING,Medium,6,7
2148,234.60000000000002,185.15,135.69,36.79,197.81,21.1,🟡 DECLINING,Medium,7,8
2149,1213.1999999999998,903.83,594.47,0.0,1213.2,25.5,🟡 DECLINING,Medium,5,6
2150,1009.1999999999999,253.01,0.0,0.0,1009.2,74.9,🔴 CRITICAL DECAY,Critical,1,1
2151,289.79999999999995,288.44,287.08,284.35,5.45,0.5,🟢 STABLE,Low,11,12
2152,601.2,103.59,0.0,0.0,601.2,82.8,🔴 CRITICAL DECAY,Critical,1,1
2153,895.1999999999999,402.03,0.0,0.0,895.2,55.1,🟠 RAPID DECLINE,High,1,1
2154,237.0,235.65,234.3,231.6,5.4,0.6,🟢 STABLE,Low,11,12
2155,1020.0,319.97,0.0,0.0,1020.0,68.6,🔴 CRITICAL DECAY,Critical,1,1
2156,966.5999999999999,177.08,0.0,0.0,966.6,81.7,🔴 CRITICAL DECAY,Critical,1,1
2157,1281.6,544.94,0.0,0.0,1281.6,57.5,🟠 RAPID DECLINE,High,1,2
2158,1014.0,1005.89,997.78,981.55,32.45,0.8,🟢 STABLE,Low,11,12
2159,300.6,293.18,285.75,270.9,29.7,2.5,🟢 STABLE,Low,11,12
2160,1004.4000000000001,1002.39,1000.38,996.36,8.04,0.2,🟢 STABLE,Low,11,12
2161,909.5999999999999,173.01,0.0,0.0,909.6,81.0,🔴 CRITICAL DECAY,Critical,1,1
2162,1159.1999999999998,947.41,735.63,312.06,847.14,18.3,🟡 DECLINING,Medium,8,9
2163,1182.0,269.02,0.0,0.0,1182.0,77.2,🔴 CRITICAL DECAY,Critical,1,1
2164,1213.1999999999998,1210.41,1207.62,1202.04,11.16,0.2,🟢 STABLE,Low,11,12
2165,242.39999999999998,234.98,227.57,212.73,29.67,3.1,🟢 STABLE,Low,11,12
2166,1128.6,1069.57,1010.55,892.5,236.1,5.2,🟢 STABLE,Low,11,12
2167,1143.0,142.19,0.0,0.0,1143.0,87.6,🔴 CRITICAL DECAY,Critical,1,1
2168,892.8000000000001,155.97,0.0,0.0,892.8,82.5,🔴 CRITICAL DECAY,Critical,1,1
2169,972.0,964.42,956.84,941.67,30.33,0.8,🟢 STABLE,Low,11,12
2170,723.0,687.57,652.15,581.29,141.71,4.9,🟢 STABLE,Low,11,12
2171,730.2,388.1,46.0,0.0,730.2,46.9,🟠 RAPID DECLINE,High,3,4
2172,527.4000000000001,228.15,0.0,0.0,527.4,56.7,🟠 RAPID DECLINE,High,2,3
2173,1032.6,285.0,0.0,0.0,1032.6,72.4,🔴 CRITICAL DECAY,Critical,1,2
2174,243.0,234.93,226.86,210.73,32.27,3.3,🟢 STABLE,Low,11,12
2175,1021.8000000000001,367.44,0.0,0.0,1021.8,64.0,🔴 CRITICAL DECAY,Critical,1,1
2176,232.79999999999998,232.08,231.36,229.91,2.89,0.3,🟢 STABLE,Low,11,12
2177,1231.8000000000002,1227.86,1223.92,1216.03,15.77,0.3,🟢 STABLE,Low,11,12
2178,238.79999999999998,237.08,235.36,231.92,6.88,0.7,🟢 STABLE,Low,11,12
2179,234.60000000000002,224.35,214.1,193.59,41.01,4.4,🟢 STABLE,Low,11,12
2180,1146.0,1140.5,1135.0,1124.0,22.0,0.5,🟢 STABLE,Low,11,12
2181,1009.8000000000001,949.82,889.84,769.87,239.93,5.9,🟢 STABLE,Low,11,12
2182,1238.4,1182.18,1125.95,1013.51,224.89,4.5,🟢 STABLE,Low,11,12
2183,602.4000000000001,369.57,136.74,0.0,602.4,38.7,🟠 RAPID DECLINE,High,3,4
2184,1062.6,74.28,0.0,0.0,1062.6,93.0,🔴 CRITICAL DECAY,Critical,1,1
2185,657.0,547.94,438.88,220.75,436.25,16.6,🟡 DECLINING,Medium,9,10
2186,239.39999999999998,238.63,237.87,236.34,3.06,0.3,🟢 STABLE,Low,11,12
2187,1395.0,1382.58,1370.17,1345.34,49.66,0.9,🟢 STABLE,Low,11,12
2188,374.4,257.03,139.65,0.0,374.4,31.3,🟡 DECLINING,Medium,4,5
2189,293.4,291.93,290.47,287.53,5.87,0.5,🟢 STABLE,Low,11,12
2190,1010.4000000000001,1007.17,1003.93,997.47,12.93,0.3,🟢 STABLE,Low,11,12
2191,1095.6,40.98,0.0,0.0,1095.6,96.3,🔴 CRITICAL DECAY,Critical,1,1
2192,1027.8000000000002,1020.09,1012.38,996.97,30.83,0.8,🟢 STABLE,Low,11,12
2193,254.39999999999998,249.34,244.27,234.15,20.25,2.0,🟢 STABLE,Low,11,12
2194,954.0,56.1,0.0,0.0,954.0,94.1,🔴 CRITICAL DECAY,Critical,1,1
2195,306.6,289.83,273.06,239.52,67.08,5.5,🟢 STABLE,Low,11,12
2196,242.39999999999998,173.97,105.54,0.0,242.4,28.2,🟡 DECLINING,Medium,5,6
2197,766.2,695.25,624.3,482.4,283.8,9.3,🟢 STABLE,Low,11,12
2198,743.4000000000001,672.78,602.15,460.91,282.49,9.5,🟢 STABLE,Low,11,12
2199,309.0,306.4,303.81,298.62,10.38,0.8,🟢 STABLE,Low,11,12
2200,698.4000000000001,627.02,555.65,412.89,285.51,10.2,🟢 STABLE,Low,11,12
2201,1030.1999999999998,985.28,940.37,850.53,179.67,4.4,🟢 STABLE,Low,11,12
2202,841.1999999999999,184.48,0.0,0.0,841.2,78.1,🔴 CRITICAL DECAY,Critical,1,1
2203,1258.8000000000002,1239.92,1221.04,1183.27,75.53,1.5,🟢 STABLE,Low,11,12
2204,1335.6,1235.03,1134.46,933.32,402.28,7.5,🟢 STABLE,Low,11,12
2205,1198.1999999999998,964.07,729.94,261.69,936.51,19.5,🟡 DECLINING,Medium,7,8
2206,1143.0,914.51,686.03,229.06,913.94,20.0,🟡 DECLINING,Medium,7,8
2207,1035.0,203.48,0.0,0.0,1035.0,80.3,🔴 CRITICAL DECAY,Critical,1,1
2208,1209.6,36.05,0.0,0.0,1209.6,97.0,🔴 CRITICAL DECAY,Critical,1,1
2209,234.60000000000002,149.96,65.31,0.0,234.6,36.1,🟠 RAPID DECLINE,High,4,5
2210,1248.0,1177.74,1107.48,966.95,281.05,5.6,🟢 STABLE,Low,11,12
2211,1252.8000000000002,993.72,734.64,216.48,1036.32,20.7,🟡 DECLINING,Medium,7,8
2212,234.0,227.87,221.74,209.48,24.52,2.6,🟢 STABLE,Low,11,12
2213,303.0,295.7,288.4,273.79,29.21,2.4,🟢 STABLE,Low,11,12
2214,1035.6,199.04,0.0,0.0,1035.6,80.8,🔴 CRITICAL DECAY,Critical,1,1
2215,598.2,596.11,594.01,589.83,8.37,0.3,🟢 STABLE,Low,11,12
2216,1307.4,1250.66,1193.92,1080.44,226.96,4.3,🟢 STABLE,Low,11,12
2217,1078.8000000000002,1072.33,1065.85,1052.91,25.89,0.6,🟢 STABLE,Low,11,12
2218,984.0,981.34,978.69,973.37,10.63,0.3,🟢 STABLE,Low,11,12
2219,1079.4,357.93,0.0,0.0,1079.4,66.8,🔴 CRITICAL DECAY,Critical,1,1
2220,952.1999999999999,949.53,946.87,941.54,10.66,0.3,🟢 STABLE,Low,11,12
2221,768.5999999999999,765.06,761.53,754.46,14.14,0.5,🟢 STABLE,Low,11,12
2222,1213.8000000000002,668.44,123.08,0.0,1213.8,44.9,🟠 RAPID DECLINE,High,1,1
2223,1079.4,249.99,0.0,0.0,1079.4,76.8,🔴 CRITICAL DECAY,Critical,1,1
2224,917.4000000000001,241.92,0.0,0.0,917.4,73.6,🔴 CRITICAL DECAY,Critical,1,1
2225,469.20000000000005,368.74,268.29,67.38,401.82,21.4,🟡 DECLINING,Medium,7,8
2226,415.20000000000005,405.65,396.1,377.0,38.2,2.3,🟢 STABLE,Low,11,12
2227,234.60000000000002,229.32,224.04,213.49,21.11,2.3,🟢 STABLE,Low,11,12
2228,1253.4,1242.62,1231.84,1210.28,43.12,0.9,🟢 STABLE,Low,11,12
2229,846.0,191.7,0.0,0.0,846.0,77.3,🔴 CRITICAL DECAY,Critical,1,1
2230,244.20000000000002,242.69,241.17,238.14,6.06,0.6,🟢 STABLE,Low,11,12
2231,840.0,234.86,0.0,0.0,840.0,72.0,🔴 CRITICAL DECAY,Critical,1,1
2232,233.39999999999998,232.79,232.19,230.97,2.43,0.3,🟢 STABLE,Low,11,12
2233,838.8000000000001,818.17,797.53,756.26,82.54,2.5,🟢 STABLE,Low,11,12
2234,716.4000000000001,705.8,695.19,673.99,42.41,1.5,🟢 STABLE,Low,11,12
2235,940.1999999999999,902.69,865.17,790.14,150.06,4.0,🟢 STABLE,Low,11,12
2236,857.4000000000001,173.97,0.0,0.0,857.4,79.7,🔴 CRITICAL DECAY,Critical,1,1
2237,550.2,466.51,382.83,215.46,334.74,15.2,🟡 DECLINING,Medium,9,10
2238,1150.1999999999998,67.4,0.0,0.0,1150.2,94.1,🔴 CRITICAL DECAY,Critical,1,1
2239,428.40000000000003,424.59,420.77,413.15,15.25,0.9,🟢 STABLE,Low,11,12
2240,1074.6,1072.45,1070.3,1066.0,8.6,0.2,🟢 STABLE,Low,11,12
2241,299.4,295.09,290.78,282.15,17.25,1.4,🟢 STABLE,Low,11,12
2242,298.20000000000005,285.26,272.32,246.43,51.77,4.3,🟢 STABLE,Low,11,12
2243,1209.6,576.86,0.0,0.0,1209.6,52.3,🟠 RAPID DECLINE,High,2,3
2244,772.8000000000001,758.27,743.74,714.69,58.11,1.9,🟢 STABLE,Low,11,12
2245,1264.1999999999998,1238.66,1213.13,1162.05,102.15,2.0,🟢 STABLE,Low,11,12
2246,1229.4,116.06,0.0,0.0,1229.4,90.6,🔴 CRITICAL DECAY,Critical,1,1
2247,235.79999999999998,234.74,233.68,231.56,4.24,0.4,🟢 STABLE,Low,11,12
2248,653.4000000000001,627.0,600.61,547.81,105.59,4.0,🟢 STABLE,Low,11,12
2249,846.0,716.65,587.29,328.59,517.41,15.3,🟡 DECLINING,Medium,9,10
2250,241.20000000000002,233.82,226.44,211.68,29.52,3.1,🟢 STABLE,Low,11,12
2251,832.1999999999999,564.9,297.59,0.0,832.2,32.1,🟡 DECLINING,Medium,4,5
2252,237.60000000000002,233.06,228.52,219.45,18.15,1.9,🟢 STABLE,Low,11,12
2253,892.8000000000001,890.3,887.8,882.8,10.0,0.3,🟢 STABLE,Low,11,12
2254,1116.6,1113.36,1110.12,1103.65,12.95,0.3,🟢 STABLE,Low,11,12
2255,614.4000000000001,491.34,368.27,122.14,492.26,20.0,🟡 DECLINING,Medium,7,8
2256,787.1999999999999,765.71,744.22,701.24,85.96,2.7,🟢 STABLE,Low,11,12
2257,966.5999999999999,935.67,904.74,842.88,123.72,3.2,🟢 STABLE,Low,11,12
2258,632.4000000000001,603.25,574.09,515.79,116.61,4.6,🟢 STABLE,Low,11,12
2259,250.20000000000002,248.05,245.9,241.59,8.61,0.9,🟢 STABLE,Low,11,12
2260,961.1999999999999,414.18,0.0,0.0,961.2,56.9,🟠 RAPID DECLINE,High,1,1
2261,625.8,530.18,434.56,243.31,382.49,15.3,🟡 DECLINING,Medium,9,10
2262,962.4000000000001,161.78,0.0,0.0,962.4,83.2,🔴 CRITICAL DECAY,Critical,1,1
2263,1177.8000000000002,425.89,0.0,0.0,1177.8,63.8,🔴 CRITICAL DECAY,Critical,1,1
2264,1379.4,1363.12,1346.85,1314.29,65.11,1.2,🟢 STABLE,Low,11,12
2265,1355.4,280.3,0.0,0.0,1355.4,79.3,🔴 CRITICAL DECAY,Critical,1,1
2266,1253.4,885.65,517.9,0.0,1253.4,29.3,🟡 DECLINING,Medium,5,6
2267,1363.8000000000002,1357.25,1350.71,1337.62,26.18,0.5,🟢 STABLE,Low,11,12
2268,247.20000000000002,244.8,242.4,237.61,9.59,1.0,🟢 STABLE,Low,11,12
2269,850.8000000000001,123.79,0.0,0.0,850.8,85.5,🔴 CRITICAL DECAY,Critical,1,1
2270,1042.1999999999998,175.19,0.0,0.0,1042.2,83.2,🔴 CRITICAL DECAY,Critical,1,1
2271,1098.6,587.53,76.46,0.0,1098.6,46.5,🟠 RAPID DECLINE,High,1,2
2272,598.2,113.48,0.0,0.0,598.2,81.0,🔴 CRITICAL DECAY,Critical,1,1
2273,237.60000000000002,232.25,226.91,216.22,21.38,2.3,🟢 STABLE,Low,11,12
2274,1198.1999999999998,401.16,0.0,0.0,1198.2,66.5,🔴 CRITICAL DECAY,Critical,1,1
2275,894.0,133.3,0.0,0.0,894.0,85.1,🔴 CRITICAL DECAY,Critical,1,1
2276,1249.8000000000002,622.03,0.0,0.0,1249.8,50.2,🟠 RAPID DECLINE,High,2,3
2277,1309.8000000000002,672.98,36.15,0.0,1309.8,48.6,🟠 RAPID DECLINE,High,1,1
2278,578.4000000000001,308.35,38.29,0.0,578.4,46.7,🟠 RAPID DECLINE,High,3,4
2279,301.20000000000005,300.51,299.81,298.43,2.77,0.2,🟢 STABLE,Low,11,12
2280,1201.8000000000002,46.87,0.0,0.0,1201.8,96.1,🔴 CRITICAL DECAY,Critical,1,1
2281,782.4000000000001,577.1,371.8,0.0,782.4,26.2,🟡 DECLINING,Medium,1,1
2282,1194.0,851.08,508.17,0.0,1194.0,28.7,🟡 DECLINING,Medium,1,1
2283,858.5999999999999,89.04,0.0,0.0,858.6,89.6,🔴 CRITICAL DECAY,Critical,1,1
2284,670.8,526.78,382.76,94.72,576.08,21.5,🟡 DECLINING,Medium,6,7
2285,1126.8000000000002,813.44,500.07,0.0,1126.8,27.8,🟡 DECLINING,Medium,1,1
2286,772.8000000000001,691.97,611.13,449.46,323.34,10.5,🟢 STABLE,Low,11,12
2287,1300.8000000000002,1258.26,1215.73,1130.66,170.14,3.3,🟢 STABLE,Low,11,12
2288,1023.5999999999999,245.56,0.0,0.0,1023.6,76.0,🔴 CRITICAL DECAY,Critical,1,1
2289,1289.4,1283.6,1277.8,1266.19,23.21,0.4,🟢 STABLE,Low,11,12
2290,585.0,322.92,60.84,0.0,585.0,44.8,🟠 RAPID DECLINE,High,1,2
2291,1027.8000000000002,88.39,0.0,0.0,1027.8,91.4,🔴 CRITICAL DECAY,Critical,1,1
2292,1095.6,1086.51,1077.41,1059.23,36.37,0.8,🟢 STABLE,Low,11,12
2293,1031.4,1028.82,1026.24,1021.09,10.31,0.3,🟢 STABLE,Low,11,12
2294,1280.4,159.28,0.0,0.0,1280.4,87.6,🔴 CRITICAL DECAY,Critical,1,1
2295,301.79999999999995,43.43,0.0,0.0,301.8,85.6,🔴 CRITICAL DECAY,Critical,1,1
2296,542.4000000000001,102.62,0.0,0.0,542.4,81.1,🔴 CRITICAL DECAY,Critical,1,1
2297,1324.1999999999998,748.7,173.21,0.0,1324.2,43.5,🟠 RAPID DECLINE,High,1,1
2298,950.4000000000001,942.23,934.05,917.71,32.69,0.9,🟢 STABLE,Low,11,12
2299,666.0,658.67,651.35,636.7,29.3,1.1,🟢 STABLE,Low,11,12
2300,1239.0,994.67,750.34,261.68,977.32,19.7,🟡 DECLINING,Medium,7,8
2301,1083.0,115.77,0.0,0.0,1083.0,89.3,🔴 CRITICAL DECAY,Critical,1,1
2302,1095.0,1093.14,1091.28,1087.55,7.45,0.2,🟢 STABLE,Low,11,12
2303,573.5999999999999,227.66,0.0,0.0,573.6,60.3,🔴 CRITICAL DECAY,Critical,1,1
2304,1210.8000000000002,774.91,339.02,0.0,1210.8,36.0,🟠 RAPID DECLINE,High,4,5
2305,1172.4,807.43,442.46,0.0,1172.4,31.1,🟡 DECLINING,Medium,1,1
2306,838.1999999999999,117.52,0.0,0.0,838.2,86.0,🔴 CRITICAL DECAY,Critical,1,1
2307,787.1999999999999,727.53,667.86,548.52,238.68,7.6,🟢 STABLE,Low,11,12
2308,1255.8000000000002,1191.0,1126.2,996.6,259.2,5.2,🟢 STABLE,Low,11,12
2309,1085.4,1058.27,1031.13,976.86,108.54,2.5,🟢 STABLE,Low,11,12
2310,764.4000000000001,762.26,760.12,755.84,8.56,0.3,🟢 STABLE,Low,11,12
2311,1254.0,1041.32,828.64,403.29,850.71,17.0,🟡 DECLINING,Medium,8,9
2312,241.20000000000002,234.25,227.31,213.41,27.79,2.9,🟢 STABLE,Low,11,12
2313,1251.6,1028.19,804.78,357.96,893.64,17.8,🟡 DECLINING,Medium,8,9
2314,1119.0,1116.76,1114.52,1110.05,8.95,0.2,🟢 STABLE,Low,11,12
2315,881.4000000000001,841.21,801.02,720.63,160.77,4.6,🟢 STABLE,Low,11,12
2316,248.39999999999998,153.59,58.77,0.0,248.4,38.2,🟠 RAPID DECLINE,High,3,4
2317,303.0,299.03,295.06,287.12,15.88,1.3,🟢 STABLE,Low,11,12
2318,1206.0,1204.31,1202.62,1199.25,6.75,0.1,🟢 STABLE,Low,11,12
2319,1087.1999999999998,445.32,0.0,0.0,1087.2,59.0,🟠 RAPID DECLINE,High,1,1
2320,1072.8000000000002,1067.22,1061.64,1050.49,22.31,0.5,🟢 STABLE,Low,11,12
2321,1145.4,1029.49,913.57,681.74,463.66,10.1,🟢 STABLE,Low,11,12
2322,245.39999999999998,244.39,243.39,241.38,4.02,0.4,🟢 STABLE,Low,11,12
2323,1183.1999999999998,406.31,0.0,0.0,1183.2,65.7,🔴 CRITICAL DECAY,Critical,1,1
2324,996.5999999999999,277.55,0.0,0.0,996.6,72.2,🔴 CRITICAL DECAY,Critical,1,1
2325,239.39999999999998,106.84,0.0,0.0,239.4,55.4,🟠 RAPID DECLINE,High,2,3
2326,1309.8000000000002,1186.42,1063.03,816.27,493.53,9.4,🟢 STABLE,Low,11,12
2327,1028.4,673.09,317.78,0.0,1028.4,34.5,🟡 DECLINING,Medium,4,5
2328,1224.6,859.06,493.51,0.0,1224.6,29.8,🟡 DECLINING,Medium,5,6
2329,1136.4,965.37,794.34,452.29,684.11,15.1,🟡 DECLINING,Medium,9,10
2330,772.8000000000001,705.88,638.95,505.1,267.7,8.7,🟢 STABLE,Low,11,12
2331,321.6,293.46,265.32,209.04,112.56,8.8,🟢 STABLE,Low,11,12
2332,792.5999999999999,756.62,720.63,648.66,143.94,4.5,🟢 STABLE,Low,11,12
2333,782.4000000000001,767.38,752.36,722.31,60.09,1.9,🟢 STABLE,Low,11,12
2334,1020.5999999999999,333.74,0.0,0.0,1020.6,67.3,🔴 CRITICAL DECAY,Critical,1,1
2335,669.5999999999999,416.36,163.11,0.0,669.6,37.8,🟠 RAPID DECLINE,High,3,4
2336,844.8000000000001,545.15,245.5,0.0,844.8,35.5,🟠 RAPID DECLINE,High,1,1
2337,1257.0,1119.36,981.72,706.43,550.57,10.9,🟢 STABLE,Low,11,12
2338,239.39999999999998,238.97,238.54,237.68,1.72,0.2,🟢 STABLE,Low,11,12
2339,1131.0,217.27,0.0,0.0,1131.0,80.8,🔴 CRITICAL DECAY,Critical,1,1
2340,540.0,517.21,494.42,448.85,91.15,4.2,🟢 STABLE,Low,11,12
2341,1378.8000000000002,1369.29,1359.77,1340.75,38.05,0.7,🟢 STABLE,Low,11,12
2342,1276.8000000000002,780.51,284.22,0.0,1276.8,38.9,🟠 RAPID DECLINE,High,3,4
2343,553.2,350.73,148.26,0.0,553.2,36.6,🟠 RAPID DECLINE,High,4,5
2344,476.40000000000003,469.3,462.2,448.01,28.39,1.5,🟢 STABLE,Low,11,12
2345,240.60000000000002,131.61,22.62,0.0,240.6,45.3,🟠 RAPID DECLINE,High,3,4
2346,1149.0,1145.09,1141.19,1133.37,15.63,0.3,🟢 STABLE,Low,11,12
2347,292.79999999999995,280.0,267.21,241.62,51.18,4.4,🟢 STABLE,Low,11,12
2348,403.20000000000005,387.23,371.27,339.33,63.87,4.0,🟢 STABLE,Low,11,12
2349,1085.4,1082.14,1078.89,1072.38,13.02,0.3,🟢 STABLE,Low,11,12
2350,1008.0,95.36,0.0,0.0,1008.0,90.5,🔴 CRITICAL DECAY,Critical,1,1
2351,808.8000000000001,804.68,800.55,792.3,16.5,0.5,🟢 STABLE,Low,11,12
2352,236.39999999999998,169.1,101.79,0.0,236.4,28.5,🟡 DECLINING,Medium,5,6
2353,964.1999999999999,147.43,0.0,0.0,964.2,84.7,🔴 CRITICAL DECAY,Critical,1,1
2354,235.20000000000002,233.67,232.14,229.08,6.12,0.7,🟢 STABLE,Low,11,12
2355,650.4000000000001,647.6,644.81,639.21,11.19,0.4,🟢 STABLE,Low,11,12
2356,542.4000000000001,469.61,396.82,251.24,291.16,13.4,🟢 STABLE,Low,11,12
2357,901.1999999999999,875.79,850.37,799.54,101.66,2.8,🟢 STABLE,Low,11,12
2358,236.39999999999998,228.46,220.51,204.63,31.77,3.4,🟢 STABLE,Low,11,12
2359,873.0,843.14,813.29,753.57,119.43,3.4,🟢 STABLE,Low,11,12
2360,240.60000000000002,239.54,238.48,236.37,4.23,0.4,🟢 STABLE,Low,11,12
2361,551.4000000000001,354.77,158.14,0.0,551.4,35.7,🟠 RAPID DECLINE,High,1,2
2362,470.40000000000003,428.49,386.57,302.75,167.65,8.9,🟢 STABLE,Low,11,12
2363,537.0,83.72,0.0,0.0,537.0,84.4,🔴 CRITICAL DECAY,Critical,1,1
2364,991.8000000000001,186.06,0.0,0.0,991.8,81.2,🔴 CRITICAL DECAY,Critical,1,1
2365,1126.8000000000002,949.1,771.41,416.01,710.79,15.8,🟡 DECLINING,Medium,9,10
2366,841.8000000000001,43.61,0.0,0.0,841.8,94.8,🔴 CRITICAL DECAY,Critical,1,1
2367,1026.6,63.14,0.0,0.0,1026.6,93.8,🔴 CRITICAL DECAY,Critical,1,1
2368,1405.8000000000002,1399.19,1392.59,1379.37,26.43,0.5,🟢 STABLE,Low,11,12
2369,1191.0,1172.54,1154.08,1117.16,73.84,1.5,🟢 STABLE,Low,11,12
2370,1350.6,1336.01,1321.43,1292.25,58.35,1.1,🟢 STABLE,Low,11,12
2371,308.4,95.42,0.0,0.0,308.4,69.1,🔴 CRITICAL DECAY,Critical,2,3
2372,1083.6,1081.54,1079.48,1075.36,8.24,0.2,🟢 STABLE,Low,11,12
2373,592.8,574.48,556.16,519.53,73.27,3.1,🟢 STABLE,Low,11,12
2374,232.79999999999998,132.56,32.31,0.0,232.8,43.1,🟠 RAPID DECLINE,High,1,2
2375,1316.4,1309.82,1303.24,1290.07,26.33,0.5,🟢 STABLE,Low,11,12
2376,735.0,618.28,501.56,268.13,466.87,15.9,🟡 DECLINING,Medium,9,10
2377,663.5999999999999,627.7,591.8,520.0,143.6,5.4,🟢 STABLE,Low,11,12
2378,843.5999999999999,337.02,0.0,0.0,843.6,60.0,🔴 CRITICAL DECAY,Critical,1,1
2379,1276.1999999999998,979.23,682.26,88.31,1187.89,23.3,🟡 DECLINING,Medium,6,7
2380,1245.0,1088.25,931.51,618.02,626.98,12.6,🟢 STABLE,Low,11,12
2381,234.0,227.87,221.74,209.48,24.52,2.6,🟢 STABLE,Low,11,12
2382,474.0,459.45,444.9,415.79,58.21,3.1,🟢 STABLE,Low,11,12
2383,312.6,260.68,208.75,104.91,207.69,16.6,🟡 DECLINING,Medium,1,2
2384,1092.6,721.55,350.51,0.0,1092.6,34.0,🟡 DECLINING,Medium,4,5
2385,355.79999999999995,242.98,130.15,0.0,355.8,31.7,🟡 DECLINING,Medium,4,5
2386,602.4000000000001,573.24,544.09,485.78,116.62,4.8,🟢 STABLE,Low,11,12
2387,1263.6,336.88,0.0,0.0,1263.6,73.3,🔴 CRITICAL DECAY,Critical,1,2
2388,665.4000000000001,115.71,0.0,0.0,665.4,82.6,🔴 CRITICAL DECAY,Critical,1,1
2389,1025.4,991.66,957.93,890.46,134.94,3.3,🟢 STABLE,Low,11,12
2390,237.60000000000002,222.37,207.14,176.68,60.92,6.4,🟢 STABLE,Low,11,12
2391,711.0,299.54,0.0,0.0,711.0,57.9,🟠 RAPID DECLINE,High,1,2
2392,1088.4,664.03,239.67,0.0,1088.4,39.0,🟠 RAPID DECLINE,High,3,4
2393,1244.4,970.63,696.86,149.33,1095.07,22.0,🟡 DECLINING,Medium,1,1
2394,948.5999999999999,909.04,869.49,790.37,158.23,4.2,🟢 STABLE,Low,11,12
2395,1088.4,974.88,861.36,634.32,454.08,10.4,🟢 STABLE,Low,11,12
2396,1140.0,1039.45,938.9,737.81,402.19,8.8,🟢 STABLE,Low,11,12
2397,1060.1999999999998,55.24,0.0,0.0,1060.2,94.8,🔴 CRITICAL DECAY,Critical,1,1
2398,363.0,216.67,70.35,0.0,363.0,40.3,🟠 RAPID DECLINE,High,3,4
2399,598.2,290.73,0.0,0.0,598.2,51.4,🟠 RAPID DECLINE,High,1,2
2400,1116.0,944.58,773.16,430.33,685.67,15.4,🟡 DECLINING,Medium,9,10
2401,654.5999999999999,575.59,496.58,338.56,316.04,12.1,🟢 STABLE,Low,11,12
2402,236.39999999999998,186.57,136.73,37.07,199.33,21.1,🟡 DECLINING,Medium,7,8
2403,1017.5999999999999,993.08,968.55,919.5,98.1,2.4,🟢 STABLE,Low,11,12
2404,1133.4,1053.5,973.59,813.78,319.62,7.0,🟢 STABLE,Low,11,12
2405,1130.4,293.9,0.0,0.0,1130.4,74.0,🔴 CRITICAL DECAY,Critical,1,1
2406,1155.0,160.08,0.0,0.0,1155.0,86.1,🔴 CRITICAL DECAY,Critical,1,1
2407,848.4000000000001,199.71,0.0,0.0,848.4,76.5,🔴 CRITICAL DECAY,Critical,1,1
2408,250.20000000000002,247.92,245.65,241.09,9.11,0.9,🟢 STABLE,Low,11,12
2409,720.0,670.32,620.64,521.28,198.72,6.9,🟢 STABLE,Low,11,12
2410,965.4000000000001,599.8,234.21,0.0,965.4,37.9,🟠 RAPID DECLINE,High,3,4
2411,1019.4000000000001,1013.18,1006.96,994.53,24.87,0.6,🟢 STABLE,Low,11,12
2412,402.59999999999997,361.94,321.27,239.95,162.65,10.1,🟢 STABLE,Low,11,12
2413,595.8,593.3,590.8,585.79,10.01,0.4,🟢 STABLE,Low,11,12
2414,242.39999999999998,226.79,211.18,179.96,62.44,6.4,🟢 STABLE,Low,11,12
2415,1134.6,839.49,544.38,0.0,1134.6,26.0,🟡 DECLINING,Medium,1,1
2416,1206.0,895.33,584.67,0.0,1206.0,25.8,🟡 DECLINING,Medium,5,6
2417,429.0,276.36,123.72,0.0,429.0,35.6,🟠 RAPID DECLINE,High,4,5
2418,1037.4,709.48,381.56,0.0,1037.4,31.6,🟡 DECLINING,Medium,4,5
2419,645.5999999999999,588.98,532.36,419.12,226.48,8.8,🟢 STABLE,Low,11,12
2420,462.59999999999997,305.5,148.4,0.0,462.6,34.0,🟡 DECLINING,Medium,4,5
2421,478.79999999999995,404.87,330.95,183.09,295.71,15.4,🟡 DECLINING,Medium,9,10
2422,840.5999999999999,56.24,0.0,0.0,840.6,93.3,🔴 CRITICAL DECAY,Critical,1,1
2423,241.20000000000002,233.99,226.78,212.35,28.85,3.0,🟢 STABLE,Low,11,12
2424,1355.4,1309.86,1264.32,1173.23,182.17,3.4,🟢 STABLE,Low,11,12
2425,243.60000000000002,187.52,131.45,19.29,224.31,23.0,🟡 DECLINING,Medium,6,7
2426,427.79999999999995,285.3,142.8,0.0,427.8,33.3,🟡 DECLINING,Medium,4,5
2427,430.79999999999995,86.5,0.0,0.0,430.8,79.9,🔴 CRITICAL DECAY,Critical,1,1
2428,1191.0,644.81,98.61,0.0,1191.0,45.9,🟠 RAPID DECLINE,High,1,1
2429,995.4000000000001,947.32,899.24,803.09,192.31,4.8,🟢 STABLE,Low,11,12
2430,667.8,659.85,651.91,636.01,31.79,1.2,🟢 STABLE,Low,11,12
2431,293.4,71.79,0.0,0.0,293.4,75.5,🔴 CRITICAL DECAY,Critical,1,1
2432,302.4,289.88,277.36,252.32,50.08,4.1,🟢 STABLE,Low,11,12
2433,609.5999999999999,581.31,553.03,496.46,113.14,4.6,🟢 STABLE,Low,11,12
2434,235.79999999999998,107.12,0.0,0.0,235.8,54.6,🟠 RAPID DECLINE,High,1,2
2435,717.5999999999999,644.26,570.92,424.25,293.35,10.2,🟢 STABLE,Low,11,12
2436,882.5999999999999,361.25,0.0,0.0,882.6,59.1,🟠 RAPID DECLINE,High,2,3
2437,736.8,508.54,280.28,0.0,736.8,31.0,🟡 DECLINING,Medium,4,5
2438,1240.1999999999998,112.86,0.0,0.0,1240.2,90.9,🔴 CRITICAL DECAY,Critical,1,1
2439,238.79999999999998,230.25,221.7,204.6,34.2,3.6,🟢 STABLE,Low,11,12
2440,233.39999999999998,212.93,192.46,151.52,81.88,8.8,🟢 STABLE,Low,11,12
2441,978.0,153.84,0.0,0.0,978.0,84.3,🔴 CRITICAL DECAY,Critical,1,1
2442,1017.5999999999999,77.24,0.0,0.0,1017.6,92.4,🔴 CRITICAL DECAY,Critical,1,1
2443,1314.6,1312.5,1310.39,1306.19,8.41,0.2,🟢 STABLE,Low,11,12
2444,1199.4,337.63,0.0,0.0,1199.4,71.9,🔴 CRITICAL DECAY,Critical,1,1
2445,892.8000000000001,764.68,636.57,380.33,512.47,14.4,🟢 STABLE,Low,10,11
2446,1080.0,307.48,0.0,0.0,1080.0,71.5,🔴 CRITICAL DECAY,Critical,1,1
2447,898.8000000000001,271.17,0.0,0.0,898.8,69.8,🔴 CRITICAL DECAY,Critical,1,1
2448,1258.1999999999998,240.57,0.0,0.0,1258.2,80.9,🔴 CRITICAL DECAY,Critical,1,1
2449,715.8,661.04,606.28,496.77,219.03,7.7,🟢 STABLE,Low,11,12
2450,1325.4,1317.71,1310.03,1294.65,30.75,0.6,🟢 STABLE,Low,11,12
2451,1273.1999999999998,1184.33,1095.46,917.72,355.48,7.0,🟢 STABLE,Low,11,12
2452,890.4000000000001,337.37,0.0,0.0,890.4,62.1,🔴 CRITICAL DECAY,Critical,1,1
2453,893.4000000000001,98.72,0.0,0.0,893.4,89.0,🔴 CRITICAL DECAY,Critical,1,1
2454,294.6,293.8,293.01,291.42,3.18,0.3,🟢 STABLE,Low,11,12
2455,1072.1999999999998,189.99,0.0,0.0,1072.2,82.3,🔴 CRITICAL DECAY,Critical,1,1
2456,294.6,292.21,289.83,285.05,9.55,0.8,🟢 STABLE,Low,11,12
2457,1087.8000000000002,974.89,861.97,636.15,451.65,10.4,🟢 STABLE,Low,11,12
2458,1260.6,1203.37,1146.14,1031.68,228.92,4.5,🟢 STABLE,Low,11,12
2459,245.39999999999998,185.4,125.4,5.4,240.0,24.4,🟡 DECLINING,Medium,6,7
2460,234.60000000000002,232.79,230.99,227.37,7.23,0.8,🟢 STABLE,Low,11,12
2461,236.39999999999998,234.04,231.67,226.94,9.46,1.0,🟢 STABLE,Low,11,12
2462,845.4000000000001,796.11,746.83,648.25,197.15,5.8,🟢 STABLE,Low,11,12
2463,1027.8000000000002,191.89,0.0,0.0,1027.8,81.3,🔴 CRITICAL DECAY,Critical,1,1
2464,925.8000000000001,37.03,0.0,0.0,925.8,96.0,🔴 CRITICAL DECAY,Critical,1,1
2465,423.0,105.28,0.0,0.0,423.0,75.1,🔴 CRITICAL DECAY,Critical,1,1
2466,246.60000000000002,244.65,242.7,238.81,7.79,0.8,🟢 STABLE,Low,11,12
2467,1175.4,948.67,721.93,268.46,906.94,19.3,🟡 DECLINING,Medium,7,8
2468,582.5999999999999,159.75,0.0,0.0,582.6,72.6,🔴 CRITICAL DECAY,Critical,1,1
2469,240.0,233.11,226.22,212.45,27.55,2.9,🟢 STABLE,Low,11,12
2470,303.0,300.73,298.46,293.91,9.09,0.7,🟢 STABLE,Low,11,12
2471,1180.8000000000002,370.65,0.0,0.0,1180.8,68.6,🔴 CRITICAL DECAY,Critical,1,1
2472,850.8000000000001,839.14,827.49,804.18,46.62,1.4,🟢 STABLE,Low,11,12
2473,238.20000000000002,121.62,5.05,0.0,238.2,48.9,🟠 RAPID DECLINE,High,3,4
2474,1276.1999999999998,531.92,0.0,0.0,1276.2,58.3,🟠 RAPID DECLINE,High,1,1
2475,1194.0,1183.02,1172.03,1150.06,43.94,0.9,🟢 STABLE,Low,11,12
2476,1016.4000000000001,1008.78,1001.15,985.91,30.49,0.7,🟢 STABLE,Low,11,12
2477,1032.6,529.93,27.26,0.0,1032.6,48.7,🟠 RAPID DECLINE,High,1,2
2478,534.5999999999999,267.94,1.28,0.0,534.6,49.9,🟠 RAPID DECLINE,High,1,2
2479,910.1999999999999,903.37,896.55,882.89,27.31,0.8,🟢 STABLE,Low,11,12
2480,1126.1999999999998,772.8,419.4,0.0,1126.2,31.4,🟡 DECLINING,Medium,1,1
2481,300.0,298.59,297.18,294.36,5.64,0.5,🟢 STABLE,Low,11,12
2482,540.0,313.63,87.26,0.0,540.0,41.9,🟠 RAPID DECLINE,High,1,2
2483,1208.4,874.88,541.36,0.0,1208.4,27.6,🟡 DECLINING,Medium,1,1
2484,246.0,196.26,146.52,47.04,198.96,20.2,🟡 DECLINING,Medium,7,8
2485,965.4000000000001,239.23,0.0,0.0,965.4,75.2,🔴 CRITICAL DECAY,Critical,1,1
2486,1085.4,892.09,698.78,312.16,773.24,17.8,🟡 DECLINING,Medium,8,9
2487,725.4000000000001,690.0,654.6,583.8,141.6,4.9,🟢 STABLE,Low,11,12
2488,663.0,584.63,506.27,349.53,313.47,11.8,🟢 STABLE,Low,11,12
2489,941.4000000000001,892.82,844.25,747.1,194.3,5.2,🟢 STABLE,Low,11,12
2490,1206.6,1194.9,1183.19,1159.78,46.82,1.0,🟢 STABLE,Low,11,12
2491,244.20000000000002,195.19,146.18,48.16,196.04,20.1,🟡 DECLINING,Medium,7,8
2492,653.4000000000001,337.87,22.35,0.0,653.4,48.3,🟠 RAPID DECLINE,High,1,1
2493,1089.0,87.45,0.0,0.0,1089.0,92.0,🔴 CRITICAL DECAY,Critical,1,1
2494,904.1999999999999,727.88,551.56,198.92,705.28,19.5,🟡 DECLINING,Medium,7,8
2495,243.0,231.53,220.06,197.12,45.88,4.7,🟢 STABLE,Low,11,12
2496,240.60000000000002,239.71,238.82,237.04,3.56,0.4,🟢 STABLE,Low,11,12
2497,235.20000000000002,105.16,0.0,0.0,235.2,55.3,🟠 RAPID DECLINE,High,2,3
2498,645.5999999999999,497.5,349.4,53.2,592.4,22.9,🟡 DECLINING,Medium,6,7
2499,842.4000000000001,822.52,802.64,762.88,79.52,2.4,🟢 STABLE,Low,11,12
2500,906.0,816.4,726.79,547.59,358.41,9.9,🟢 STABLE,Low,11,12
2501,244.20000000000002,243.57,242.93,241.66,2.54,0.3,🟢 STABLE,Low,11,12
2502,312.6,308.66,304.72,296.84,15.76,1.3,🟢 STABLE,Low,11,12
2503,247.20000000000002,240.75,234.3,221.39,25.81,2.6,🟢 STABLE,Low,11,12
2504,908.4000000000001,265.89,0.0,0.0,908.4,70.7,🔴 CRITICAL DECAY,Critical,1,1
2505,241.20000000000002,233.05,224.89,208.59,32.61,3.4,🟢 STABLE,Low,11,12
2506,291.6,290.87,290.14,288.68,2.92,0.3,🟢 STABLE,Low,11,12
2507,294.0,292.5,291.0,288.0,6.0,0.5,🟢 STABLE,Low,11,12
2508,1326.0,1297.62,1269.25,1212.49,113.51,2.1,🟢 STABLE,Low,11,12
2509,303.0,301.82,300.64,298.27,4.73,0.4,🟢 STABLE,Low,11,12
2510,891.0,99.7,0.0,0.0,891.0,88.8,🔴 CRITICAL DECAY,Critical,1,1
2511,1081.1999999999998,1060.22,1039.25,997.3,83.9,1.9,🟢 STABLE,Low,11,12
2512,825.0,781.36,737.71,650.43,174.57,5.3,🟢 STABLE,Low,11,12
2513,230.39999999999998,228.4,226.39,222.38,8.02,0.9,🟢 STABLE,Low,11,12
2514,1076.4,226.69,0.0,0.0,1076.4,78.9,🔴 CRITICAL DECAY,Critical,1,1
2515,1381.1999999999998,1357.03,1332.86,1284.52,96.68,1.7,🟢 STABLE,Low,11,12
2516,1156.8000000000002,141.71,0.0,0.0,1156.8,87.7,🔴 CRITICAL DECAY,Critical,1,1
2517,834.0,212.92,0.0,0.0,834.0,74.5,🔴 CRITICAL DECAY,Critical,1,1
2518,1195.8000000000002,462.3,0.0,0.0,1195.8,61.3,🔴 CRITICAL DECAY,Critical,1,1
2519,1097.4,122.25,0.0,0.0,1097.4,88.9,🔴 CRITICAL DECAY,Critical,1,1
2520,1017.0,1003.47,989.95,962.9,54.1,1.3,🟢 STABLE,Low,11,12
2521,1023.0,576.36,129.72,0.0,1023.0,43.7,🟠 RAPID DECLINE,High,1,1
2522,945.0,845.4,745.79,546.59,398.41,10.5,🟢 STABLE,Low,11,12
2523,243.0,241.59,240.18,237.36,5.64,0.6,🟢 STABLE,Low,11,12
2524,238.79999999999998,238.61,238.42,238.04,0.76,0.1,🟢 STABLE,Low,11,12
2525,1173.0,1168.31,1163.62,1154.23,18.77,0.4,🟢 STABLE,Low,11,12
2526,232.79999999999998,136.09,39.39,0.0,232.8,41.5,🟠 RAPID DECLINE,High,1,2
2527,999.5999999999999,97.46,0.0,0.0,999.6,90.3,🔴 CRITICAL DECAY,Critical,1,1
2528,961.1999999999999,172.73,0.0,0.0,961.2,82.0,🔴 CRITICAL DECAY,Critical,1,1
2529,752.4000000000001,703.19,653.99,555.57,196.83,6.5,🟢 STABLE,Low,11,12
2530,1204.8000000000002,109.15,0.0,0.0,1204.8,90.9,🔴 CRITICAL DECAY,Critical,1,1
2531,293.4,292.29,291.17,288.94,4.46,0.4,🟢 STABLE,Low,11,12
2532,1213.1999999999998,975.05,736.9,260.6,952.6,19.6,🟡 DECLINING,Medium,7,8
2533,610.8,605.79,600.78,590.77,20.03,0.8,🟢 STABLE,Low,11,12
2534,1286.4,990.01,693.63,100.85,1185.55,23.0,🟡 DECLINING,Medium,6,7
2535,1106.4,1102.86,1099.32,1092.24,14.16,0.3,🟢 STABLE,Low,11,12
2536,303.6,290.55,277.49,251.38,52.22,4.3,🟢 STABLE,Low,11,12
2537,1360.8000000000002,1354.0,1347.19,1333.58,27.22,0.5,🟢 STABLE,Low,11,12
2538,486.59999999999997,477.4,468.21,449.81,36.79,1.9,🟢 STABLE,Low,11,12
2539,312.0,310.19,308.38,304.76,7.24,0.6,🟢 STABLE,Low,11,12
2540,1343.4,1330.91,1318.41,1293.43,49.97,0.9,🟢 STABLE,Low,11,12
2541,645.5999999999999,643.34,641.08,636.56,9.04,0.4,🟢 STABLE,Low,11,12
2542,865.1999999999999,811.21,757.22,649.25,215.95,6.2,🟢 STABLE,Low,11,12
2543,1177.8000000000002,877.58,577.36,0.0,1177.8,25.5,🟡 DECLINING,Medium,1,1
2544,946.1999999999999,848.65,751.09,555.99,390.21,10.3,🟢 STABLE,Low,11,12
2545,849.0,837.71,826.42,803.83,45.17,1.3,🟢 STABLE,Low,11,12
2546,913.8000000000001,807.89,701.98,490.16,423.64,11.6,🟢 STABLE,Low,11,12
2547,469.20000000000005,463.43,457.66,446.12,23.08,1.2,🟢 STABLE,Low,11,12
2548,839.4000000000001,383.52,0.0,0.0,839.4,54.3,🟠 RAPID DECLINE,High,1,2
2549,240.60000000000002,138.75,36.91,0.0,240.6,42.3,🟠 RAPID DECLINE,High,1,2
2550,240.60000000000002,238.05,235.5,230.4,10.2,1.1,🟢 STABLE,Low,11,12
2551,233.39999999999998,139.39,45.37,0.0,233.4,40.3,🟠 RAPID DECLINE,High,1,2
2552,322.79999999999995,306.3,289.81,256.82,65.98,5.1,🟢 STABLE,Low,11,12
2553,230.39999999999998,105.25,0.0,0.0,230.4,54.3,🟠 RAPID DECLINE,High,1,2
2554,600.0,503.7,407.4,214.8,385.2,16.1,🟡 DECLINING,Medium,9,10
2555,720.0,507.6,295.2,0.0,720.0,29.5,🟡 DECLINING,Medium,1,2
2556,1014.5999999999999,837.04,659.49,304.38,710.22,17.5,🟡 DECLINING,Medium,8,9
2557,545.4000000000001,236.27,0.0,0.0,545.4,56.7,🟠 RAPID DECLINE,High,1,1
2558,240.60000000000002,234.37,228.14,215.67,24.93,2.6,🟢 STABLE,Low,11,12
2559,1386.6,1377.45,1368.3,1349.99,36.61,0.7,🟢 STABLE,Low,11,12
2560,1124.4,702.97,281.55,0.0,1124.4,37.5,🟠 RAPID DECLINE,High,4,5
2561,1188.0,1184.79,1181.58,1175.17,12.83,0.3,🟢 STABLE,Low,11,12
2562,606.5999999999999,602.11,597.62,588.64,17.96,0.7,🟢 STABLE,Low,11,12
2563,1271.4,786.87,302.34,0.0,1271.4,38.1,🟠 RAPID DECLINE,High,1,1
2564,984.0,870.54,757.09,530.18,453.82,11.5,🟢 STABLE,Low,11,12
2565,300.0,285.51,271.02,242.04,57.96,4.8,🟢 STABLE,Low,11,12
2566,1098.6,1094.43,1090.25,1081.9,16.7,0.4,🟢 STABLE,Low,11,12
2567,1149.0,366.19,0.0,0.0,1149.0,68.1,🔴 CRITICAL DECAY,Critical,1,1
2568,232.20000000000002,230.76,229.32,226.44,5.76,0.6,🟢 STABLE,Low,11,12
2569,298.20000000000005,297.31,296.41,294.62,3.58,0.3,🟢 STABLE,Low,11,12
2570,1128.6,581.79,34.99,0.0,1128.6,48.5,🟠 RAPID DECLINE,High,1,1
2571,1204.8000000000002,1171.19,1137.57,1070.34,134.46,2.8,🟢 STABLE,Low,11,12
2572,300.0,299.01,298.02,296.04,3.96,0.3,🟢 STABLE,Low,11,12
2573,657.0,226.21,0.0,0.0,657.0,65.6,🔴 CRITICAL DECAY,Critical,1,1
2574,1147.8000000000002,617.29,86.77,0.0,1147.8,46.2,🟠 RAPID DECLINE,High,1,1
2575,231.0,190.55,150.1,69.21,161.79,17.5,🟡 DECLINING,Medium,8,9
2576,1299.0,1097.65,896.31,493.62,805.38,15.5,🟡 DECLINING,Medium,9,10
2577,1135.1999999999998,30.76,0.0,0.0,1135.2,97.3,🔴 CRITICAL DECAY,Critical,1,1
2578,1186.8000000000002,690.36,193.92,0.0,1186.8,41.8,🟠 RAPID DECLINE,High,3,4
2579,241.79999999999998,240.74,239.67,237.54,4.26,0.4,🟢 STABLE,Low,11,12
2580,1215.6,680.13,144.66,0.0,1215.6,44.0,🟠 RAPID DECLINE,High,3,4
2581,240.0,208.06,176.11,112.22,127.78,13.3,🟢 STABLE,Low,11,12
2582,1263.6,534.38,0.0,0.0,1263.6,57.7,🟠 RAPID DECLINE,High,1,2
2583,838.1999999999999,834.76,831.33,824.45,13.75,0.4,🟢 STABLE,Low,11,12
2584,783.0,739.78,696.56,610.11,172.89,5.5,🟢 STABLE,Low,11,12
2585,237.60000000000002,236.03,234.46,231.33,6.27,0.7,🟢 STABLE,Low,11,12
2586,235.20000000000002,195.29,155.37,75.55,159.65,17.0,🟡 DECLINING,Medium,8,9
2587,240.60000000000002,237.98,235.35,230.11,10.49,1.1,🟢 STABLE,Low,11,12
2588,592.8,381.05,169.3,0.0,592.8,35.7,🟠 RAPID DECLINE,High,4,5
2589,912.5999999999999,95.28,0.0,0.0,912.6,89.6,🔴 CRITICAL DECAY,Critical,1,1
2590,1060.8000000000002,941.35,821.91,583.02,477.78,11.3,🟢 STABLE,Low,11,12
2591,1207.1999999999998,748.1,289.0,0.0,1207.2,38.0,🟠 RAPID DECLINE,High,1,2
2592,233.39999999999998,180.58,127.76,22.13,211.27,22.6,🟡 DECLINING,Medium,6,7
2593,243.60000000000002,242.36,241.12,238.63,4.97,0.5,🟢 STABLE,Low,11,12
2594,1291.8000000000002,1262.22,1232.64,1173.47,118.33,2.3,🟢 STABLE,Low,11,12
2595,965.4000000000001,961.63,957.87,950.34,15.06,0.4,🟢 STABLE,Low,11,12
2596,706.2,631.84,557.47,408.75,297.45,10.5,🟢 STABLE,Low,11,12
2597,1315.1999999999998,1103.19,891.18,467.16,848.04,16.1,🟡 DECLINING,Medium,9,10
2598,901.8000000000001,226.62,0.0,0.0,901.8,74.9,🔴 CRITICAL DECAY,Critical,1,1
2599,876.0,872.67,869.34,862.68,13.32,0.4,🟢 STABLE,Low,11,12
2600,841.1999999999999,87.91,0.0,0.0,841.2,89.5,🔴 CRITICAL DECAY,Critical,1,1
2601,1183.8000000000002,1179.89,1175.99,1168.17,15.63,0.3,🟢 STABLE,Low,11,12
2602,1337.4,1232.01,1126.63,915.85,421.55,7.9,🟢 STABLE,Low,11,12
2603,1378.8000000000002,1371.77,1364.74,1350.67,28.13,0.5,🟢 STABLE,Low,11,12
2604,1206.6,774.03,341.47,0.0,1206.6,35.9,🟠 RAPID DECLINE,High,4,5
2605,244.79999999999998,242.25,239.71,234.62,10.18,1.0,🟢 STABLE,Low,11,12
2606,1252.1999999999998,933.89,615.58,0.0,1252.2,25.4,🟡 DECLINING,Medium,5,6
2607,837.0,56.0,0.0,0.0,837.0,93.3,🔴 CRITICAL DECAY,Critical,1,1
2608,414.0,258.05,102.09,0.0,414.0,37.7,🟠 RAPID DECLINE,High,3,4
2609,1266.6,308.04,0.0,0.0,1266.6,75.7,🔴 CRITICAL DECAY,Critical,1,1
2610,361.20000000000005,336.53,311.86,262.52,98.68,6.8,🟢 STABLE,Low,11,12
2611,843.5999999999999,236.21,0.0,0.0,843.6,72.0,🔴 CRITICAL DECAY,Critical,1,1
2612,965.4000000000001,785.74,606.08,246.76,718.64,18.6,🟡 DECLINING,Medium,8,9
2613,962.4000000000001,86.33,0.0,0.0,962.4,91.0,🔴 CRITICAL DECAY,Critical,1,1
2614,1132.1999999999998,887.76,643.32,154.43,977.77,21.6,🟡 DECLINING,Medium,1,1
2615,1096.1999999999998,1094.67,1093.13,1090.06,6.14,0.1,🟢 STABLE,Low,11,12
2616,535.2,446.89,358.58,181.97,353.23,16.5,🟡 DECLINING,Medium,1,2
2617,235.20000000000002,77.19,0.0,0.0,235.2,67.2,🔴 CRITICAL DECAY,Critical,1,1
2618,238.79999999999998,231.3,223.8,208.81,29.99,3.1,🟢 STABLE,Low,11,12
2619,1325.4,571.65,0.0,0.0,1325.4,56.9,🟠 RAPID DECLINE,High,2,3
2620,820.1999999999999,684.78,549.37,278.54,541.66,16.5,🟡 DECLINING,Medium,9,10
2621,949.1999999999999,943.98,938.76,928.32,20.88,0.5,🟢 STABLE,Low,11,12
2622,612.0,590.21,568.43,524.85,87.15,3.6,🟢 STABLE,Low,11,12
2623,966.5999999999999,588.56,210.53,0.0,966.6,39.1,🟠 RAPID DECLINE,High,3,4
2624,800.4000000000001,724.36,648.32,496.25,304.15,9.5,🟢 STABLE,Low,11,12
2625,1036.8000000000002,776.67,516.53,0.0,1036.8,25.1,🟡 DECLINING,Medium,5,6
2626,600.5999999999999,557.72,514.83,429.07,171.53,7.1,🟢 STABLE,Low,11,12
2627,308.4,305.35,302.29,296.19,12.21,1.0,🟢 STABLE,Low,11,12
2628,1000.8000000000001,313.15,0.0,0.0,1000.8,68.7,🔴 CRITICAL DECAY,Critical,2,3
2629,848.4000000000001,401.46,0.0,0.0,848.4,52.7,🟠 RAPID DECLINE,High,1,2
2630,1015.8000000000001,1003.51,991.22,966.64,49.16,1.2,🟢 STABLE,Low,11,12
2631,1191.0,85.51,0.0,0.0,1191.0,92.8,🔴 CRITICAL DECAY,Critical,1,1
2632,777.0,768.3,759.6,742.19,34.81,1.1,🟢 STABLE,Low,11,12
2633,1201.8000000000002,1130.53,1059.27,916.73,285.07,5.9,🟢 STABLE,Low,11,12
2634,1017.5999999999999,92.19,0.0,0.0,1017.6,90.9,🔴 CRITICAL DECAY,Critical,1,1
2635,303.0,301.33,299.67,296.33,6.67,0.6,🟢 STABLE,Low,11,12
2636,1356.0,1347.19,1338.37,1320.74,35.26,0.6,🟢 STABLE,Low,11,12
2637,487.79999999999995,484.09,480.39,472.97,14.83,0.8,🟢 STABLE,Low,11,12
2638,1260.0,786.11,312.23,0.0,1260.0,37.6,🟠 RAPID DECLINE,High,1,1
2639,653.4000000000001,468.81,284.23,0.0,653.4,28.3,🟡 DECLINING,Medium,1,1
2640,1139.4,896.48,653.56,167.72,971.68,21.3,🟡 DECLINING,Medium,7,8
2641,718.8,511.28,303.76,0.0,718.8,28.9,🟡 DECLINING,Medium,5,6
2642,1023.5999999999999,750.61,477.61,0.0,1023.6,26.7,🟡 DECLINING,Medium,1,1
2643,1000.1999999999999,289.26,0.0,0.0,1000.2,71.1,🔴 CRITICAL DECAY,Critical,1,1
2644,402.0,243.81,85.63,0.0,402.0,39.4,🟠 RAPID DECLINE,High,3,4
2645,237.60000000000002,170.03,102.45,0.0,237.6,28.4,🟡 DECLINING,Medium,5,6
2646,981.5999999999999,971.78,961.97,942.34,39.26,1.0,🟢 STABLE,Low,11,12
2647,240.0,98.38,0.0,0.0,240.0,59.0,🟠 RAPID DECLINE,High,1,2
2648,715.2,653.26,591.33,467.45,247.75,8.7,🟢 STABLE,Low,11,12
2649,300.0,298.02,296.04,292.08,7.92,0.7,🟢 STABLE,Low,11,12
2650,1012.1999999999999,376.64,0.0,0.0,1012.2,62.8,🔴 CRITICAL DECAY,Critical,2,3
2651,1084.1999999999998,349.55,0.0,0.0,1084.2,67.8,🔴 CRITICAL DECAY,Critical,1,1
2652,666.5999999999999,279.91,0.0,0.0,666.6,58.0,🟠 RAPID DECLINE,High,1,1
2653,904.1999999999999,898.23,892.26,880.33,23.87,0.7,🟢 STABLE,Low,11,12
2654,1089.0,87.45,0.0,0.0,1089.0,92.0,🔴 CRITICAL DECAY,Critical,1,1
2655,1075.1999999999998,452.98,0.0,0.0,1075.2,57.9,🟠 RAPID DECLINE,High,1,1
2656,711.5999999999999,629.48,547.36,383.13,328.47,11.5,🟢 STABLE,Low,11,12
2657,793.1999999999999,706.27,619.33,445.46,347.74,11.0,🟢 STABLE,Low,11,12
2658,225.60000000000002,223.28,220.95,216.31,9.29,1.0,🟢 STABLE,Low,11,12
2659,1037.4,1030.03,1022.67,1007.94,29.46,0.7,🟢 STABLE,Low,11,12
2660,625.2,569.18,513.16,401.13,224.07,9.0,🟢 STABLE,Low,11,12
2661,568.8,565.33,561.86,554.92,13.88,0.6,🟢 STABLE,Low,11,12
2662,591.0,80.55,0.0,0.0,591.0,86.4,🔴 CRITICAL DECAY,Critical,1,1
2663,1309.8000000000002,787.84,265.89,0.0,1309.8,39.9,🟠 RAPID DECLINE,High,3,4
2664,1139.4,1078.56,1017.71,896.02,243.38,5.3,🟢 STABLE,Low,11,12
2665,1122.6,894.26,665.93,209.25,913.35,20.3,🟡 DECLINING,Medium,7,8
2666,954.0,949.33,944.65,935.3,18.7,0.5,🟢 STABLE,Low,11,12
2667,1380.6,1374.66,1368.73,1356.85,23.75,0.4,🟢 STABLE,Low,11,12
2668,237.0,175.17,113.33,0.0,237.0,26.1,🟡 DECLINING,Medium,1,1
2669,1141.8000000000002,300.64,0.0,0.0,1141.8,73.7,🔴 CRITICAL DECAY,Critical,1,1
2670,1141.8000000000002,1082.31,1022.82,903.85,237.95,5.2,🟢 STABLE,Low,11,12
2671,1264.8000000000002,723.21,181.63,0.0,1264.8,42.8,🟠 RAPID DECLINE,High,3,4
2672,241.20000000000002,235.82,230.44,219.68,21.52,2.2,🟢 STABLE,Low,11,12
2673,1216.1999999999998,633.76,51.32,0.0,1216.2,47.9,🟠 RAPID DECLINE,High,1,1
2674,240.60000000000002,101.39,0.0,0.0,240.6,57.9,🟠 RAPID DECLINE,High,1,2
2675,248.39999999999998,246.81,245.22,242.04,6.36,0.6,🟢 STABLE,Low,11,12
2676,244.20000000000002,236.31,228.42,212.65,31.55,3.2,🟢 STABLE,Low,11,12
2677,840.5999999999999,180.06,0.0,0.0,840.6,78.6,🔴 CRITICAL DECAY,Critical,1,1
2678,236.39999999999998,229.99,223.59,210.77,25.63,2.7,🟢 STABLE,Low,11,12
2679,895.8000000000001,149.33,0.0,0.0,895.8,83.3,🔴 CRITICAL DECAY,Critical,1,1
2680,1025.4,1023.45,1021.5,1017.61,7.79,0.2,🟢 STABLE,Low,11,12
2681,484.79999999999995,480.87,476.95,469.09,15.71,0.8,🟢 STABLE,Low,11,12
2682,604.8,317.7,30.6,0.0,604.8,47.5,🟠 RAPID DECLINE,High,1,1
2683,955.8000000000001,582.46,209.13,0.0,955.8,39.1,🟠 RAPID DECLINE,High,3,4
2684,1262.4,704.17,145.93,0.0,1262.4,44.2,🟠 RAPID DECLINE,High,1,1
2685,1207.8000000000002,1205.26,1202.73,1197.65,10.15,0.2,🟢 STABLE,Low,11,12
2686,958.1999999999999,308.83,0.0,0.0,958.2,67.8,🔴 CRITICAL DECAY,Critical,1,1
2687,1092.0,760.91,429.81,0.0,1092.0,30.3,🟡 DECLINING,Medium,4,5
2688,945.0,93.84,0.0,0.0,945.0,90.1,🔴 CRITICAL DECAY,Critical,1,1
2689,1401.0,1395.4,1389.79,1378.58,22.42,0.4,🟢 STABLE,Low,11,12
2690,965.4000000000001,631.18,296.96,0.0,965.4,34.6,🟡 DECLINING,Medium,1,1
2691,709.2,582.82,456.44,203.68,505.52,17.8,🟡 DECLINING,Medium,8,9
2692,597.5999999999999,464.81,332.03,66.45,531.15,22.2,🟡 DECLINING,Medium,6,7
2693,231.60000000000002,231.16,230.72,229.84,1.76,0.2,🟢 STABLE,Low,11,12
2694,235.79999999999998,192.67,149.54,63.29,172.51,18.3,🟡 DECLINING,Medium,8,9
2695,976.8000000000001,908.52,840.24,703.69,273.11,7.0,🟢 STABLE,Low,11,12
2696,466.79999999999995,463.11,459.42,452.05,14.75,0.8,🟢 STABLE,Low,11,12
2697,1055.4,1053.5,1051.6,1047.8,7.6,0.2,🟢 STABLE,Low,11,12
2698,238.20000000000002,137.37,36.54,0.0,238.2,42.3,🟠 RAPID DECLINE,High,1,2
2699,1156.1999999999998,446.76,0.0,0.0,1156.2,61.4,🔴 CRITICAL DECAY,Critical,1,1
2700,289.79999999999995,231.29,172.78,55.76,234.04,20.2,🟡 DECLINING,Medium,7,8
2701,229.20000000000002,224.78,220.35,211.51,17.69,1.9,🟢 STABLE,Low,11,12
2702,528.0,141.56,0.0,0.0,528.0,73.2,🔴 CRITICAL DECAY,Critical,1,2
2703,601.2,220.82,0.0,0.0,601.2,63.3,🔴 CRITICAL DECAY,Critical,1,2
2704,727.2,690.33,653.46,579.72,147.48,5.1,🟢 STABLE,Low,11,12
2705,307.79999999999995,306.78,305.77,303.74,4.06,0.3,🟢 STABLE,Low,11,12
2706,916.8000000000001,260.74,0.0,0.0,916.8,71.6,🔴 CRITICAL DECAY,Critical,1,1
2707,1184.4,128.15,0.0,0.0,1184.4,89.2,🔴 CRITICAL DECAY,Critical,1,1
2708,1209.6,158.94,0.0,0.0,1209.6,86.9,🔴 CRITICAL DECAY,Critical,1,1
2709,647.4000000000001,256.24,0.0,0.0,647.4,60.4,🔴 CRITICAL DECAY,Critical,1,1
2710,244.79999999999998,232.98,221.15,197.5,47.3,4.8,🟢 STABLE,Low,11,12
2711,1081.1999999999998,893.29,705.37,329.55,751.65,17.4,🟡 DECLINING,Medium,8,9
2712,352.20000000000005,281.72,211.25,70.3,281.9,20.0,🟡 DECLINING,Medium,7,8
2713,245.39999999999998,89.96,0.0,0.0,245.4,63.3,🔴 CRITICAL DECAY,Critical,1,1
2714,1141.1999999999998,1122.6,1104.0,1066.79,74.41,1.6,🟢 STABLE,Low,11,12
2715,303.0,253.1,203.19,103.38,199.62,16.5,🟡 DECLINING,Medium,9,10
2716,538.8,491.01,443.22,347.63,191.17,8.9,🟢 STABLE,Low,11,12
2717,1111.8000000000002,1110.8,1109.8,1107.8,4.0,0.1,🟢 STABLE,Low,11,12
2718,524.4000000000001,522.25,520.1,515.8,8.6,0.4,🟢 STABLE,Low,11,12
2719,871.1999999999999,850.12,829.03,786.87,84.33,2.4,🟢 STABLE,Low,11,12
2720,618.5999999999999,416.94,215.27,0.0,618.6,32.6,🟡 DECLINING,Medium,1,1
2721,951.0,244.31,0.0,0.0,951.0,74.3,🔴 CRITICAL DECAY,Critical,1,1
2722,227.39999999999998,226.26,225.13,222.85,4.55,0.5,🟢 STABLE,Low,11,12
2723,246.0,223.15,200.29,154.59,91.41,9.3,🟢 STABLE,Low,11,12
2724,239.39999999999998,234.11,228.82,218.24,21.16,2.2,🟢 STABLE,Low,11,12
2725,294.0,158.52,23.05,0.0,294.0,46.1,🟠 RAPID DECLINE,High,1,2
2726,247.20000000000002,246.19,245.17,243.15,4.05,0.4,🟢 STABLE,Low,11,12
2727,1138.1999999999998,131.58,0.0,0.0,1138.2,88.4,🔴 CRITICAL DECAY,Critical,1,1
2728,732.5999999999999,671.06,609.52,486.45,246.15,8.4,🟢 STABLE,Low,11,12
2729,1028.4,68.39,0.0,0.0,1028.4,93.3,🔴 CRITICAL DECAY,Critical,1,1
2730,1279.8000000000002,830.72,381.64,0.0,1279.8,35.1,🟠 RAPID DECLINE,High,4,5
2731,1299.0,1179.62,1060.24,821.49,477.51,9.2,🟢 STABLE,Low,11,12
2732,244.79999999999998,168.77,92.73,0.0,244.8,31.1,🟡 DECLINING,Medium,4,5
2733,663.5999999999999,314.48,0.0,0.0,663.6,52.6,🟠 RAPID DECLINE,High,1,2
2734,243.0,194.35,145.7,48.41,194.59,20.0,🟡 DECLINING,Medium,7,8
2735,875.4000000000001,685.09,494.78,114.15,761.25,21.7,🟡 DECLINING,Medium,6,7
2736,1073.4,733.99,394.58,0.0,1073.4,31.6,🟡 DECLINING,Medium,4,5
2737,1255.8000000000002,666.08,76.35,0.0,1255.8,47.0,🟠 RAPID DECLINE,High,3,4
2738,902.4000000000001,893.38,884.35,866.3,36.1,1.0,🟢 STABLE,Low,11,12
2739,1213.8000000000002,1042.17,870.54,527.27,686.53,14.1,🟢 STABLE,Low,10,11
2740,532.8,284.14,35.48,0.0,532.8,46.7,🟠 RAPID DECLINE,High,1,1
2741,1074.0,136.08,0.0,0.0,1074.0,87.3,🔴 CRITICAL DECAY,Critical,1,1
2742,825.0,821.95,818.89,812.79,12.21,0.4,🟢 STABLE,Low,11,12
2743,1332.6,1301.82,1271.03,1209.47,123.13,2.3,🟢 STABLE,Low,11,12
2744,1188.0,1154.02,1120.05,1052.09,135.91,2.9,🟢 STABLE,Low,11,12
2745,1032.6,48.84,0.0,0.0,1032.6,95.3,🔴 CRITICAL DECAY,Critical,1,1
2746,252.0,249.25,246.51,241.01,10.99,1.1,🟢 STABLE,Low,11,12
2747,232.79999999999998,156.58,80.36,0.0,232.8,32.7,🟡 DECLINING,Medium,4,5
2748,534.5999999999999,79.98,0.0,0.0,534.6,85.0,🔴 CRITICAL DECAY,Critical,1,1
2749,926.4000000000001,897.13,867.85,809.3,117.1,3.2,🟢 STABLE,Low,11,12
2750,233.39999999999998,218.04,202.68,171.97,61.43,6.6,🟢 STABLE,Low,11,12
2751,298.20000000000005,268.56,238.92,179.64,118.56,9.9,🟢 STABLE,Low,11,12
2752,424.79999999999995,382.66,340.52,256.24,168.56,9.9,🟢 STABLE,Low,11,12
2753,1147.8000000000002,93.32,0.0,0.0,1147.8,91.9,🔴 CRITICAL DECAY,Critical,1,1
2754,496.20000000000005,402.91,309.63,123.06,373.14,18.8,🟡 DECLINING,Medium,7,8
2755,235.20000000000002,183.55,131.9,28.6,206.6,22.0,🟡 DECLINING,Medium,6,7
2756,251.39999999999998,130.88,10.36,0.0,251.4,47.9,🟠 RAPID DECLINE,High,1,1
2757,1013.4000000000001,990.9,968.41,923.41,89.99,2.2,🟢 STABLE,Low,11,12
2758,243.0,152.12,61.24,0.0,243.0,37.4,🟠 RAPID DECLINE,High,4,5
2759,235.79999999999998,178.01,120.21,4.62,231.18,24.5,🟡 DECLINING,Medium,6,7
2760,247.79999999999998,241.38,234.96,222.13,25.67,2.6,🟢 STABLE,Low,11,12
2761,416.40000000000003,119.38,0.0,0.0,416.4,71.3,🔴 CRITICAL DECAY,Critical,1,1
2762,1191.6,1158.59,1125.59,1059.57,132.03,2.8,🟢 STABLE,Low,11,12
2763,972.5999999999999,899.27,825.93,679.26,293.34,7.5,🟢 STABLE,Low,11,12
2764,811.1999999999999,763.58,715.97,620.73,190.47,5.9,🟢 STABLE,Low,11,12
2765,841.8000000000001,255.4,0.0,0.0,841.8,69.7,🔴 CRITICAL DECAY,Critical,1,1
2766,1380.0,1086.75,793.5,207.0,1173.0,21.2,🟡 DECLINING,Medium,7,8
2767,1017.5999999999999,919.2,820.8,623.99,393.61,9.7,🟢 STABLE,Low,11,12
2768,236.39999999999998,230.37,224.34,212.29,24.11,2.6,🟢 STABLE,Low,11,12
2769,237.0,145.21,53.42,0.0,237.0,38.7,🟠 RAPID DECLINE,High,1,1
2770,1110.6,457.79,0.0,0.0,1110.6,58.8,🟠 RAPID DECLINE,High,1,1
2771,757.8,669.06,580.32,402.85,354.95,11.7,🟢 STABLE,Low,11,12
2772,888.0,878.5,869.0,849.99,38.01,1.1,🟢 STABLE,Low,11,12
2773,349.20000000000005,204.7,60.2,0.0,349.2,41.4,🟠 RAPID DECLINE,High,3,4
2774,600.5999999999999,378.38,156.16,0.0,600.6,37.0,🟠 RAPID DECLINE,High,4,5
2775,720.5999999999999,660.79,600.98,481.36,239.24,8.3,🟢 STABLE,Low,11,12
2776,891.5999999999999,441.25,0.0,0.0,891.6,50.5,🟠 RAPID DECLINE,High,1,1
2777,240.0,175.9,111.79,0.0,240.0,26.7,🟡 DECLINING,Medium,5,6
2778,895.8000000000001,756.5,617.21,338.61,557.19,15.6,🟡 DECLINING,Medium,9,10
2779,1024.1999999999998,101.6,0.0,0.0,1024.2,90.1,🔴 CRITICAL DECAY,Critical,1,1
2780,891.5999999999999,864.14,836.68,781.75,109.85,3.1,🟢 STABLE,Low,11,12
2781,532.8,215.57,0.0,0.0,532.8,59.5,🟠 RAPID DECLINE,High,2,3
2782,1024.8000000000002,1019.57,1014.35,1003.89,20.91,0.5,🟢 STABLE,Low,11,12
2783,1129.1999999999998,653.92,178.64,0.0,1129.2,42.1,🟠 RAPID DECLINE,High,3,4
2784,1177.1999999999998,174.11,0.0,0.0,1177.2,85.2,🔴 CRITICAL DECAY,Critical,1,1
2785,1306.8000000000002,1226.95,1147.11,987.42,319.38,6.1,🟢 STABLE,Low,11,12
2786,674.4000000000001,663.0,651.61,628.81,45.59,1.7,🟢 STABLE,Low,11,12
2787,313.20000000000005,312.14,311.07,308.94,4.26,0.3,🟢 STABLE,Low,11,12
2788,1025.4,1014.74,1004.07,982.74,42.66,1.0,🟢 STABLE,Low,11,12
2789,1067.4,536.05,4.7,0.0,1067.4,49.8,🟠 RAPID DECLINE,High,1,1
2790,1315.8000000000002,1219.75,1123.69,931.59,384.21,7.3,🟢 STABLE,Low,1,1
2791,892.1999999999999,877.92,863.65,835.1,57.1,1.6,🟢 STABLE,Low,11,12
2792,586.2,486.14,386.07,185.94,400.26,17.1,🟡 DECLINING,Medium,8,9
2793,961.1999999999999,343.63,0.0,0.0,961.2,64.2,🔴 CRITICAL DECAY,Critical,1,1
2794,672.5999999999999,569.62,466.65,260.7,411.9,15.3,🟡 DECLINING,Medium,9,10
2795,894.5999999999999,158.88,0.0,0.0,894.6,82.2,🔴 CRITICAL DECAY,Critical,1,1
2796,1077.6,899.69,721.78,365.95,711.65,16.5,🟡 DECLINING,Medium,9,10
2797,1211.4,67.35,0.0,0.0,1211.4,94.4,🔴 CRITICAL DECAY,Critical,1,1
2798,1138.8000000000002,265.11,0.0,0.0,1138.8,76.7,🔴 CRITICAL DECAY,Critical,1,1
2799,229.20000000000002,223.38,217.56,205.91,23.29,2.5,🟢 STABLE,Low,11,12
2800,244.20000000000002,182.61,121.03,0.0,244.2,25.2,🟡 DECLINING,Medium,5,6
2801,1272.6,1199.3,1126.0,979.39,293.21,5.8,🟢 STABLE,Low,11,12
2802,1258.8000000000002,343.02,0.0,0.0,1258.8,72.8,🔴 CRITICAL DECAY,Critical,1,1
2803,235.79999999999998,234.03,232.26,228.73,7.07,0.8,🟢 STABLE,Low,11,12
2804,289.20000000000005,255.02,220.83,152.47,136.73,11.8,🟢 STABLE,Low,1,1
2805,718.2,712.31,706.42,694.64,23.56,0.8,🟢 STABLE,Low,11,12
2806,1033.1999999999998,1021.52,1009.85,986.5,46.7,1.1,🟢 STABLE,Low,11,12
2807,233.39999999999998,228.76,224.11,214.82,18.58,2.0,🟢 STABLE,Low,11,12
2808,1165.1999999999998,461.07,0.0,0.0,1165.2,60.4,🔴 CRITICAL DECAY,Critical,1,2
2809,439.79999999999995,291.02,142.23,0.0,439.8,33.8,🟡 DECLINING,Medium,4,5
2810,1246.8000000000002,1179.47,1112.15,977.49,269.31,5.4,🟢 STABLE,Low,11,12
2811,237.0,235.1,233.21,229.42,7.58,0.8,🟢 STABLE,Low,11,12
2812,1248.6,659.39,70.17,0.0,1248.6,47.2,🟠 RAPID DECLINE,High,1,1
2813,294.6,292.92,291.24,287.88,6.72,0.6,🟢 STABLE,Low,11,12
2814,584.4000000000001,581.65,578.91,573.41,10.99,0.5,🟢 STABLE,Low,11,12
2815,1060.1999999999998,194.44,0.0,0.0,1060.2,81.7,🔴 CRITICAL DECAY,Critical,1,1
2816,1314.6,1307.37,1300.14,1285.68,28.92,0.5,🟢 STABLE,Low,11,12
2817,247.79999999999998,245.82,243.84,239.87,7.93,0.8,🟢 STABLE,Low,11,12
2818,1135.8000000000002,712.83,289.86,0.0,1135.8,37.2,🟠 RAPID DECLINE,High,1,1
2819,662.4000000000001,404.46,146.52,0.0,662.4,38.9,🟠 RAPID DECLINE,High,3,4
2820,288.6,279.62,270.65,252.7,35.9,3.1,🟢 STABLE,Low,11,12
2821,892.8000000000001,62.14,0.0,0.0,892.8,93.0,🔴 CRITICAL DECAY,Critical,1,1
2822,958.8000000000001,823.99,689.19,419.57,539.23,14.1,🟢 STABLE,Low,1,1
2823,245.39999999999998,243.73,242.06,238.73,6.67,0.7,🟢 STABLE,Low,11,12
2824,231.0,229.22,227.44,223.89,7.11,0.8,🟢 STABLE,Low,11,12
2825,316.20000000000005,195.66,75.13,0.0,316.2,38.1,🟠 RAPID DECLINE,High,3,4
2826,525.5999999999999,490.33,455.06,384.53,141.07,6.7,🟢 STABLE,Low,11,12
2827,601.8,176.99,0.0,0.0,601.8,70.6,🔴 CRITICAL DECAY,Critical,1,1
2828,245.39999999999998,243.58,241.77,238.14,7.26,0.7,🟢 STABLE,Low,11,12
2829,836.4000000000001,172.97,0.0,0.0,836.4,79.3,🔴 CRITICAL DECAY,Critical,1,1
2830,736.8,725.75,714.7,692.59,44.21,1.5,🟢 STABLE,Low,11,12
2831,1177.1999999999998,161.28,0.0,0.0,1177.2,86.3,🔴 CRITICAL DECAY,Critical,1,1
2832,849.0,811.56,774.12,699.24,149.76,4.4,🟢 STABLE,Low,11,12
2833,733.8,729.47,725.14,716.48,17.32,0.6,🟢 STABLE,Low,11,12
2834,243.0,235.27,227.55,212.09,30.91,3.2,🟢 STABLE,Low,11,12
2835,766.2,733.1,700.0,633.8,132.4,4.3,🟢 STABLE,Low,11,12
2836,1184.4,584.74,0.0,0.0,1184.4,50.6,🟠 RAPID DECLINE,High,1,2
2837,246.0,128.07,10.14,0.0,246.0,47.9,🟠 RAPID DECLINE,High,1,1
2838,240.0,238.42,236.83,233.66,6.34,0.7,🟢 STABLE,Low,11,12
2839,231.60000000000002,229.91,228.22,224.84,6.76,0.7,🟢 STABLE,Low,11,12
2840,1012.8000000000001,762.74,512.68,12.56,1000.24,24.7,🟡 DECLINING,Medium,6,7
2841,301.20000000000005,97.44,0.0,0.0,301.2,67.6,🔴 CRITICAL DECAY,Critical,1,1
2842,579.0,464.94,350.87,122.75,456.25,19.7,🟡 DECLINING,Medium,7,8
2843,238.20000000000002,235.65,233.1,228.01,10.19,1.1,🟢 STABLE,Low,11,12
2844,1195.1999999999998,110.91,0.0,0.0,1195.2,90.7,🔴 CRITICAL DECAY,Critical,1,1
2845,1130.4,344.43,0.0,0.0,1130.4,69.5,🔴 CRITICAL DECAY,Critical,1,2
2846,745.8,495.58,245.37,0.0,745.8,33.6,🟡 DECLINING,Medium,4,5
2847,951.5999999999999,706.85,462.1,0.0,951.6,25.7,🟡 DECLINING,Medium,5,6
2848,675.0,634.03,593.06,511.11,163.89,6.1,🟢 STABLE,Low,11,12
2849,243.60000000000002,191.49,139.39,35.18,208.42,21.4,🟡 DECLINING,Medium,7,8
2850,1188.0,606.59,25.19,0.0,1188.0,48.9,🟠 RAPID DECLINE,High,1,1
2851,1087.1999999999998,1081.98,1076.76,1066.33,20.87,0.5,🟢 STABLE,Low,11,12
2852,1030.8000000000002,1023.58,1016.37,1001.94,28.86,0.7,🟢 STABLE,Low,11,12
2853,950.4000000000001,932.25,914.09,877.79,72.61,1.9,🟢 STABLE,Low,11,12
2854,844.1999999999999,823.43,802.67,761.13,83.07,2.5,🟢 STABLE,Low,11,12
2855,232.20000000000002,230.9,229.6,227.0,5.2,0.6,🟢 STABLE,Low,11,12
2856,601.8,62.77,0.0,0.0,601.8,89.6,🔴 CRITICAL DECAY,Critical,1,1
2857,765.5999999999999,760.16,754.73,743.86,21.74,0.7,🟢 STABLE,Low,11,12
2858,246.60000000000002,148.08,49.57,0.0,246.6,40.0,🟠 RAPID DECLINE,High,3,4
2859,1062.6,1058.56,1054.52,1046.45,16.15,0.4,🟢 STABLE,Low,11,12
2860,1216.8000000000002,733.61,250.42,0.0,1216.8,39.7,🟠 RAPID DECLINE,High,1,1
2861,983.4000000000001,48.09,0.0,0.0,983.4,95.1,🔴 CRITICAL DECAY,Critical,1,1
2862,832.1999999999999,199.64,0.0,0.0,832.2,76.0,🔴 CRITICAL DECAY,Critical,1,1
2863,535.2,209.0,0.0,0.0,535.2,60.9,🔴 CRITICAL DECAY,Critical,1,2
2864,765.0,656.91,548.81,332.62,432.38,14.1,🟢 STABLE,Low,10,11
2865,1311.0,1305.89,1300.77,1290.55,20.45,0.4,🟢 STABLE,Low,11,12
2866,1015.1999999999999,206.39,0.0,0.0,1015.2,79.7,🔴 CRITICAL DECAY,Critical,1,1
2867,245.39999999999998,237.55,229.69,213.99,31.41,3.2,🟢 STABLE,Low,11,12
2868,1029.0,364.57,0.0,0.0,1029.0,64.6,🔴 CRITICAL DECAY,Critical,1,1
2869,1093.1999999999998,151.52,0.0,0.0,1093.2,86.1,🔴 CRITICAL DECAY,Critical,1,1
2870,1295.4,1207.18,1118.97,942.53,352.87,6.8,🟢 STABLE,Low,11,12
2871,1033.1999999999998,196.82,0.0,0.0,1033.2,81.0,🔴 CRITICAL DECAY,Critical,1,1
2872,275.4,271.02,266.64,257.88,17.52,1.6,🟢 STABLE,Low,11,12
2873,1136.4,591.61,46.82,0.0,1136.4,47.9,🟠 RAPID DECLINE,High,1,1
2874,233.39999999999998,232.35,231.3,229.2,4.2,0.4,🟢 STABLE,Low,11,12
2875,1021.1999999999999,291.76,0.0,0.0,1021.2,71.4,🔴 CRITICAL DECAY,Critical,1,1
2876,236.39999999999998,231.1,225.81,215.22,21.18,2.2,🟢 STABLE,Low,11,12
2877,1189.8000000000002,741.01,292.21,0.0,1189.8,37.7,🟠 RAPID DECLINE,High,1,2
2878,1044.0,782.58,521.16,0.0,1044.0,25.0,🟡 DECLINING,Medium,5,6
2879,1235.4,447.21,0.0,0.0,1235.4,63.8,🔴 CRITICAL DECAY,Critical,1,1
2880,959.4000000000001,416.57,0.0,0.0,959.4,56.6,🟠 RAPID DECLINE,High,1,1
2881,768.0,684.67,601.34,434.69,333.31,10.9,🟢 STABLE,Low,11,12
2882,778.8000000000001,547.81,316.82,0.0,778.8,29.7,🟡 DECLINING,Medium,1,2
2883,309.0,307.3,305.6,302.2,6.8,0.6,🟢 STABLE,Low,11,12
2884,1081.8000000000002,1080.83,1079.85,1077.91,3.89,0.1,🟢 STABLE,Low,11,12
2885,1393.1999999999998,1382.75,1372.3,1351.4,41.8,0.8,🟢 STABLE,Low,11,12
2886,1259.4,1101.72,944.05,628.69,630.71,12.5,🟢 STABLE,Low,11,12
2887,540.5999999999999,148.18,0.0,0.0,540.6,72.6,🔴 CRITICAL DECAY,Critical,1,1
2888,852.0,145.1,0.0,0.0,852.0,83.0,🔴 CRITICAL DECAY,Critical,1,1
2889,600.0,581.1,562.2,524.4,75.6,3.1,🟢 STABLE,Low,11,12
2890,846.5999999999999,747.8,649.0,451.41,395.19,11.7,🟢 STABLE,Low,11,12
2891,956.4000000000001,46.77,0.0,0.0,956.4,95.1,🔴 CRITICAL DECAY,Critical,1,1
2892,245.39999999999998,145.2,45.01,0.0,245.4,40.8,🟠 RAPID DECLINE,High,1,1
2893,708.0,530.86,353.72,0.0,708.0,25.0,🟡 DECLINING,Medium,5,6
2894,724.2,689.08,653.95,583.71,140.49,4.8,🟢 STABLE,Low,11,12
2895,238.20000000000002,228.55,218.91,199.61,38.59,4.1,🟢 STABLE,Low,11,12
2896,239.39999999999998,231.28,223.17,206.94,32.46,3.4,🟢 STABLE,Low,11,12
2897,317.4,315.02,312.64,307.88,9.52,0.7,🟢 STABLE,Low,11,12
2898,760.8,746.88,732.95,705.11,55.69,1.8,🟢 STABLE,Low,11,12
2899,647.4000000000001,645.46,643.52,639.63,7.77,0.3,🟢 STABLE,Low,11,12
2900,831.0,219.88,0.0,0.0,831.0,73.5,🔴 CRITICAL DECAY,Critical,1,1
2901,1141.1999999999998,1139.03,1136.86,1132.53,8.67,0.2,🟢 STABLE,Low,11,12
2902,889.1999999999999,242.57,0.0,0.0,889.2,72.7,🔴 CRITICAL DECAY,Critical,1,1
2903,426.0,339.14,252.28,78.55,347.45,20.4,🟡 DECLINING,Medium,7,8
2904,851.4000000000001,680.78,510.16,168.92,682.48,20.0,🟡 DECLINING,Medium,7,8
2905,950.4000000000001,837.21,724.01,497.63,452.77,11.9,🟢 STABLE,Low,11,12
2906,585.5999999999999,434.16,282.73,0.0,585.6,25.9,🟡 DECLINING,Medium,5,6
2907,1068.0,445.14,0.0,0.0,1068.0,58.3,🟠 RAPID DECLINE,High,1,1
2908,1192.8000000000002,240.83,0.0,0.0,1192.8,79.8,🔴 CRITICAL DECAY,Critical,1,1
2909,665.4000000000001,582.36,499.32,333.23,332.17,12.5,🟢 STABLE,Low,11,12
2910,304.79999999999995,298.28,291.75,278.71,26.09,2.1,🟢 STABLE,Low,11,12
2911,882.0,167.05,0.0,0.0,882.0,81.1,🔴 CRITICAL DECAY,Critical,1,1
2912,1122.0,426.25,0.0,0.0,1122.0,62.0,🔴 CRITICAL DECAY,Critical,1,2
2913,766.8,761.05,755.3,743.8,23.0,0.7,🟢 STABLE,Low,11,12
2914,778.1999999999999,700.61,623.03,467.85,310.35,10.0,🟢 STABLE,Low,11,12
2915,765.5999999999999,763.84,762.08,758.56,7.04,0.2,🟢 STABLE,Low,11,12
2916,533.4000000000001,487.26,441.12,348.84,184.56,8.7,🟢 STABLE,Low,11,12
2917,239.39999999999998,238.68,237.96,236.53,2.87,0.3,🟢 STABLE,Low,11,12
2918,520.2,208.55,0.0,0.0,520.2,59.9,🟠 RAPID DECLINE,High,1,2
2919,595.8,583.11,570.42,545.04,50.76,2.1,🟢 STABLE,Low,11,12
2920,1021.1999999999999,1017.42,1013.64,1006.09,15.11,0.4,🟢 STABLE,Low,11,12
2921,1146.0,100.85,0.0,0.0,1146.0,91.2,🔴 CRITICAL DECAY,Critical,1,1
2922,1108.1999999999998,553.77,0.0,0.0,1108.2,50.0,🟠 RAPID DECLINE,High,2,3
2923,1077.6,830.29,582.98,88.36,989.24,23.0,🟡 DECLINING,Medium,6,7
2924,894.5999999999999,231.34,0.0,0.0,894.6,74.1,🔴 CRITICAL DECAY,Critical,1,1
2925,1236.6,1156.22,1075.84,915.08,321.52,6.5,🟢 STABLE,Low,11,12
2926,1392.0,1376.55,1361.1,1330.2,61.8,1.1,🟢 STABLE,Low,11,12
2927,838.8000000000001,56.95,0.0,0.0,838.8,93.2,🔴 CRITICAL DECAY,Critical,1,1
2928,1141.1999999999998,1135.61,1130.02,1118.83,22.37,0.5,🟢 STABLE,Low,11,12
2929,483.0,476.77,470.54,458.08,24.92,1.3,🟢 STABLE,Low,11,12
2930,309.0,306.44,303.87,298.74,10.26,0.8,🟢 STABLE,Low,11,12
2931,1264.1999999999998,866.61,469.02,0.0,1264.2,31.4,🟡 DECLINING,Medium,4,5
2932,1363.1999999999998,1306.22,1249.24,1135.27,227.93,4.2,🟢 STABLE,Low,11,12
2933,288.0,286.56,285.12,282.24,5.76,0.5,🟢 STABLE,Low,11,12
2934,232.79999999999998,128.27,23.75,0.0,232.8,44.9,🟠 RAPID DECLINE,High,1,2
2935,1033.1999999999998,1030.2,1027.21,1021.21,11.99,0.3,🟢 STABLE,Low,11,12
2936,1231.8000000000002,371.26,0.0,0.0,1231.8,69.9,🔴 CRITICAL DECAY,Critical,1,1
2937,1114.1999999999998,1033.2,952.2,790.19,324.01,7.3,🟢 STABLE,Low,11,12
2938,1173.0,1067.08,961.16,749.31,423.69,9.0,🟢 STABLE,Low,11,12
2939,1005.5999999999999,266.79,0.0,0.0,1005.6,73.5,🔴 CRITICAL DECAY,Critical,1,1
2940,653.4000000000001,200.2,0.0,0.0,653.4,69.4,🔴 CRITICAL DECAY,Critical,1,1
2941,1175.4,1170.82,1166.23,1157.06,18.34,0.4,🟢 STABLE,Low,11,12
2942,239.39999999999998,237.48,235.57,231.74,7.66,0.8,🟢 STABLE,Low,11,12
2943,295.20000000000005,291.39,287.58,279.97,15.23,1.3,🟢 STABLE,Low,11,12
2944,611.4000000000001,500.8,390.2,168.99,442.41,18.1,🟡 DECLINING,Medium,8,9
2945,907.1999999999999,487.71,68.22,0.0,907.2,46.2,🟠 RAPID DECLINE,High,3,4
2946,969.0,683.92,398.84,0.0,969.0,29.4,🟡 DECLINING,Medium,5,6
2947,1084.8000000000002,980.55,876.3,667.8,417.0,9.6,🟢 STABLE,Low,11,12
2948,1197.6,188.86,0.0,0.0,1197.6,84.2,🔴 CRITICAL DECAY,Critical,1,1
2949,723.0,700.88,678.75,634.5,88.5,3.1,🟢 STABLE,Low,11,12
2950,242.39999999999998,108.45,0.0,0.0,242.4,55.3,🟠 RAPID DECLINE,High,2,3
2951,769.8000000000001,703.37,636.93,504.07,265.73,8.6,🟢 STABLE,Low,11,12
2952,243.0,177.2,111.39,0.0,243.0,27.1,🟡 DECLINING,Medium,5,6
2953,1270.1999999999998,532.59,0.0,0.0,1270.2,58.1,🟠 RAPID DECLINE,High,1,1
2954,905.4000000000001,346.22,0.0,0.0,905.4,61.8,🔴 CRITICAL DECAY,Critical,2,3
2955,1126.1999999999998,89.2,0.0,0.0,1126.2,92.1,🔴 CRITICAL DECAY,Critical,1,1
2956,1188.0,506.09,0.0,0.0,1188.0,57.4,🟠 RAPID DECLINE,High,1,2
2957,963.5999999999999,133.36,0.0,0.0,963.6,86.2,🔴 CRITICAL DECAY,Critical,1,1
2958,234.60000000000002,166.45,98.3,0.0,234.6,29.0,🟡 DECLINING,Medium,5,6
2959,1209.0,982.07,755.14,301.28,907.72,18.8,🟡 DECLINING,Medium,7,8
2960,1209.0,315.55,0.0,0.0,1209.0,73.9,🔴 CRITICAL DECAY,Critical,1,1
2961,645.0,433.63,222.27,0.0,645.0,32.8,🟡 DECLINING,Medium,4,5
2962,372.0,225.21,78.42,0.0,372.0,39.5,🟠 RAPID DECLINE,High,3,4
2963,307.20000000000005,279.61,252.03,196.85,110.35,9.0,🟢 STABLE,Low,11,12
2964,700.2,659.31,618.42,536.63,163.57,5.8,🟢 STABLE,Low,11,12
2965,960.0,743.62,527.23,94.46,865.54,22.5,🟡 DECLINING,Medium,6,7
2966,556.2,196.06,0.0,0.0,556.2,64.8,🔴 CRITICAL DECAY,Critical,1,1
2967,1365.0,1338.79,1312.58,1260.17,104.83,1.9,🟢 STABLE,Low,11,12
2968,1084.8000000000002,390.53,0.0,0.0,1084.8,64.0,🔴 CRITICAL DECAY,Critical,1,2
2969,1311.6,1293.37,1275.14,1238.68,72.92,1.4,🟢 STABLE,Low,11,12
2970,843.0,162.78,0.0,0.0,843.0,80.7,🔴 CRITICAL DECAY,Critical,1,1
2971,1083.6,1076.99,1070.38,1057.16,26.44,0.6,🟢 STABLE,Low,11,12
2972,783.0,781.67,780.34,777.68,5.32,0.2,🟢 STABLE,Low,11,12
2973,1201.8000000000002,963.72,725.65,249.49,952.31,19.8,🟡 DECLINING,Medium,7,8
2974,1134.0,673.48,212.97,0.0,1134.0,40.6,🟠 RAPID DECLINE,High,1,1
2975,727.8,615.14,502.47,277.15,450.65,15.5,🟡 DECLINING,Medium,9,10
2976,289.20000000000005,259.53,229.86,170.51,118.69,10.3,🟢 STABLE,Low,11,12
2977,234.0,88.83,0.0,0.0,234.0,62.0,🔴 CRITICAL DECAY,Critical,1,1
2978,1031.4,533.54,35.69,0.0,1031.4,48.3,🟠 RAPID DECLINE,High,3,4
2979,642.0,585.05,528.11,414.22,227.78,8.9,🟢 STABLE,Low,11,12
2980,305.4,304.82,304.24,303.08,2.32,0.2,🟢 STABLE,Low,11,12
2981,246.0,244.94,243.88,241.77,4.23,0.4,🟢 STABLE,Low,11,12
2982,250.20000000000002,244.3,238.39,226.58,23.62,2.4,🟢 STABLE,Low,11,12
2983,1078.8000000000002,1076.75,1074.7,1070.6,8.2,0.2,🟢 STABLE,Low,11,12
2984,312.0,296.06,280.11,248.23,63.77,5.1,🟢 STABLE,Low,11,12
2985,1358.4,1317.92,1277.44,1196.48,161.92,3.0,🟢 STABLE,Low,11,12
2986,828.5999999999999,820.73,812.86,797.11,31.49,0.9,🟢 STABLE,Low,11,12
2987,241.20000000000002,239.1,237.0,232.81,8.39,0.9,🟢 STABLE,Low,11,12
2988,1315.8000000000002,1306.85,1297.91,1280.01,35.79,0.7,🟢 STABLE,Low,11,12
2989,230.39999999999998,144.62,58.84,0.0,230.4,37.2,🟠 RAPID DECLINE,High,4,5
2990,406.79999999999995,174.07,0.0,0.0,406.8,57.2,🟠 RAPID DECLINE,High,1,1
2991,1080.0,576.4,72.79,0.0,1080.0,46.6,🟠 RAPID DECLINE,High,3,4
2992,408.0,278.75,149.49,0.0,408.0,31.7,🟡 DECLINING,Medium,4,5
2993,244.79999999999998,234.49,224.19,203.58,41.22,4.2,🟢 STABLE,Low,11,12
2994,463.20000000000005,460.84,458.48,453.75,9.45,0.5,🟢 STABLE,Low,11,12
2995,303.0,122.75,0.0,0.0,303.0,59.5,🟠 RAPID DECLINE,High,1,2
2996,727.2,673.39,619.57,511.95,215.25,7.4,🟢 STABLE,Low,11,12
2997,1079.4,393.77,0.0,0.0,1079.4,63.5,🔴 CRITICAL DECAY,Critical,1,1
2998,897.0,127.64,0.0,0.0,897.0,85.8,🔴 CRITICAL DECAY,Critical,1,1
2999,247.20000000000002,210.71,174.23,101.25,145.95,14.8,🟢 STABLE,Low,10,11
3000,1013.4000000000001,123.63,0.0,0.0,1013.4,87.8,🔴 CRITICAL DECAY,Critical,1,1
3001,244.79999999999998,192.51,140.22,35.64,209.16,21.4,🟡 DECLINING,Medium,7,8
3002,980.4000000000001,847.75,715.1,449.81,530.59,13.5,🟢 STABLE,Low,11,12
3003,954.0,483.68,13.36,0.0,954.0,49.3,🟠 RAPID DECLINE,High,1,1
3004,1069.8000000000002,183.68,0.0,0.0,1069.8,82.8,🔴 CRITICAL DECAY,Critical,1,1
3005,243.60000000000002,184.11,124.63,5.65,237.95,24.4,🟡 DECLINING,Medium,6,7
3006,899.4000000000001,221.7,0.0,0.0,899.4,75.4,🔴 CRITICAL DECAY,Critical,1,1
3007,892.8000000000001,278.46,0.0,0.0,892.8,68.8,🔴 CRITICAL DECAY,Critical,1,1
3008,240.0,233.42,226.85,213.7,26.3,2.7,🟢 STABLE,Low,11,12
3009,300.0,148.53,0.0,0.0,300.0,50.5,🟠 RAPID DECLINE,High,2,3
3010,965.4000000000001,832.27,699.14,432.89,532.51,13.8,🟢 STABLE,Low,10,11
3011,237.0,234.27,231.55,226.1,10.9,1.2,🟢 STABLE,Low,11,12
3012,787.8000000000001,784.49,781.18,774.56,13.24,0.4,🟢 STABLE,Low,11,12
3013,852.0,790.4,728.8,605.6,246.4,7.2,🟢 STABLE,Low,11,12
3014,1070.4,383.95,0.0,0.0,1070.4,64.1,🔴 CRITICAL DECAY,Critical,1,2
3015,1041.0,1033.61,1026.22,1011.44,29.56,0.7,🟢 STABLE,Low,11,12
3016,663.5999999999999,229.94,0.0,0.0,663.6,65.3,🔴 CRITICAL DECAY,Critical,1,1
3017,738.0,672.69,607.37,476.75,261.25,8.8,🟢 STABLE,Low,11,12
3018,301.20000000000005,300.0,298.79,296.38,4.82,0.4,🟢 STABLE,Low,11,12
3019,661.8,498.67,335.53,9.27,652.53,24.6,🟡 DECLINING,Medium,1,1
3020,408.59999999999997,403.45,398.3,388.01,20.59,1.3,🟢 STABLE,Low,11,12
3021,239.39999999999998,152.31,65.21,0.0,239.4,36.4,🟠 RAPID DECLINE,High,4,5
3022,239.39999999999998,120.68,1.96,0.0,239.4,49.6,🟠 RAPID DECLINE,High,1,2
3023,1076.4,1074.57,1072.74,1069.08,7.32,0.2,🟢 STABLE,Low,11,12
3024,244.79999999999998,216.23,187.66,130.53,114.27,11.7,🟢 STABLE,Low,11,12
3025,315.6,313.86,312.13,308.66,6.94,0.6,🟢 STABLE,Low,11,12
3026,1019.4000000000001,196.95,0.0,0.0,1019.4,80.7,🔴 CRITICAL DECAY,Critical,1,1
3027,248.39999999999998,154.53,60.66,0.0,248.4,37.8,🟠 RAPID DECLINE,High,3,4
3028,519.0,366.93,214.87,0.0,519.0,29.3,🟡 DECLINING,Medium,1,1
3029,580.2,545.68,511.16,442.11,138.09,5.9,🟢 STABLE,Low,11,12
3030,954.5999999999999,56.13,0.0,0.0,954.6,94.1,🔴 CRITICAL DECAY,Critical,1,1
3031,852.5999999999999,459.3,65.99,0.0,852.6,46.1,🟠 RAPID DECLINE,High,3,4
3032,233.39999999999998,232.58,231.77,230.13,3.27,0.4,🟢 STABLE,Low,11,12
3033,1329.6,1314.71,1299.82,1270.03,59.57,1.1,🟢 STABLE,Low,11,12
3034,1014.0,62.46,0.0,0.0,1014.0,93.8,🔴 CRITICAL DECAY,Critical,1,1
3035,831.5999999999999,272.93,0.0,0.0,831.6,67.2,🔴 CRITICAL DECAY,Critical,1,1
3036,592.2,584.21,576.21,560.22,31.98,1.3,🟢 STABLE,Low,11,12
3037,244.20000000000002,239.36,234.53,224.86,19.34,2.0,🟢 STABLE,Low,11,12
3038,1267.1999999999998,1174.31,1081.43,895.66,371.54,7.3,🟢 STABLE,Low,11,12
3039,773.4000000000001,770.77,768.14,762.88,10.52,0.3,🟢 STABLE,Low,11,12
3040,1303.1999999999998,1279.48,1255.76,1208.33,94.87,1.8,🟢 STABLE,Low,1,1
3041,598.8,215.15,0.0,0.0,598.8,64.1,🔴 CRITICAL DECAY,Critical,1,1
3042,363.6,277.9,192.2,20.8,342.8,23.6,🟡 DECLINING,Medium,1,1
3043,364.79999999999995,92.04,0.0,0.0,364.8,74.8,🔴 CRITICAL DECAY,Critical,1,1
3044,544.8,208.55,0.0,0.0,544.8,61.7,🔴 CRITICAL DECAY,Critical,1,1
3045,787.8000000000001,698.86,609.91,432.03,355.77,11.3,🟢 STABLE,Low,11,12
3046,1239.6,880.24,520.88,0.0,1239.6,29.0,🟡 DECLINING,Medium,5,6
3047,1009.8000000000001,715.54,421.29,0.0,1009.8,29.1,🟡 DECLINING,Medium,5,6
3048,533.4000000000001,285.21,37.02,0.0,533.4,46.5,🟠 RAPID DECLINE,High,1,2
3049,237.0,117.6,0.0,0.0,237.0,50.4,🟠 RAPID DECLINE,High,1,2
3050,1024.8000000000002,177.19,0.0,0.0,1024.8,82.7,🔴 CRITICAL DECAY,Critical,1,1
3051,1078.8000000000002,1077.18,1075.56,1072.33,6.47,0.2,🟢 STABLE,Low,11,12
3052,660.5999999999999,627.7,594.8,529.01,131.59,5.0,🟢 STABLE,Low,11,12
3053,1249.1999999999998,1206.1,1163.01,1076.81,172.39,3.5,🟢 STABLE,Low,11,12
3054,1279.1999999999998,1227.9,1176.61,1074.02,205.18,4.0,🟢 STABLE,Low,11,12
3055,902.4000000000001,778.05,653.7,405.0,497.4,13.8,🟢 STABLE,Low,10,11
3056,846.0,841.01,836.02,826.03,19.97,0.6,🟢 STABLE,Low,11,12
3057,235.20000000000002,227.96,220.71,206.22,28.98,3.1,🟢 STABLE,Low,11,12
3058,670.2,636.56,602.91,535.62,134.58,5.0,🟢 STABLE,Low,11,12
3059,288.6,286.44,284.27,279.94,8.66,0.7,🟢 STABLE,Low,11,12
3060,457.20000000000005,422.45,387.71,318.21,138.99,7.6,🟢 STABLE,Low,11,12
3061,1276.8000000000002,329.54,0.0,0.0,1276.8,74.2,🔴 CRITICAL DECAY,Critical,1,1
3062,411.0,309.77,208.54,6.08,404.92,24.6,🟡 DECLINING,Medium,6,7
3063,1200.6,418.05,0.0,0.0,1200.6,65.2,🔴 CRITICAL DECAY,Critical,1,1
3064,823.8000000000001,251.18,0.0,0.0,823.8,69.5,🔴 CRITICAL DECAY,Critical,1,1
3065,549.5999999999999,150.65,0.0,0.0,549.6,72.6,🔴 CRITICAL DECAY,Critical,1,1
3066,909.0,242.34,0.0,0.0,909.0,73.3,🔴 CRITICAL DECAY,Critical,1,1
3067,1012.8000000000001,181.39,0.0,0.0,1012.8,82.1,🔴 CRITICAL DECAY,Critical,1,1
3068,1156.8000000000002,860.54,564.29,0.0,1156.8,25.6,🟡 DECLINING,Medium,5,6
3069,246.60000000000002,160.68,74.77,0.0,246.6,34.8,🟡 DECLINING,Medium,4,5
3070,611.4000000000001,482.03,352.66,93.91,517.49,21.2,🟡 DECLINING,Medium,7,8
3071,1086.0,1080.35,1074.71,1063.41,22.59,0.5,🟢 STABLE,Low,11,12
3072,952.8000000000001,916.4,880.01,807.21,145.59,3.8,🟢 STABLE,Low,11,12
3073,705.0,698.65,692.31,679.62,25.38,0.9,🟢 STABLE,Low,11,12
3074,713.4000000000001,635.43,557.45,401.5,311.9,10.9,🟢 STABLE,Low,11,12
3075,1268.4,902.09,535.77,0.0,1268.4,28.9,🟡 DECLINING,Medium,5,6
3076,675.0,449.35,223.69,0.0,675.0,33.4,🟡 DECLINING,Medium,4,5
3077,639.5999999999999,628.73,617.85,596.11,43.49,1.7,🟢 STABLE,Low,11,12
3078,1026.6,89.21,0.0,0.0,1026.6,91.3,🔴 CRITICAL DECAY,Critical,1,1
3079,823.8000000000001,662.75,501.69,179.59,644.21,19.5,🟡 DECLINING,Medium,1,1
3080,291.6,150.47,9.33,0.0,291.6,48.4,🟠 RAPID DECLINE,High,1,1
3081,934.1999999999999,171.61,0.0,0.0,934.2,81.6,🔴 CRITICAL DECAY,Critical,1,1
3082,718.8,703.27,687.75,656.7,62.1,2.2,🟢 STABLE,Low,11,12
3083,287.4,279.67,271.94,256.48,30.92,2.7,🟢 STABLE,Low,11,12
3084,241.79999999999998,230.34,218.88,195.95,45.85,4.7,🟢 STABLE,Low,11,12
3085,1264.1999999999998,137.29,0.0,0.0,1264.2,89.1,🔴 CRITICAL DECAY,Critical,1,1
3086,1147.8000000000002,801.74,455.68,0.0,1147.8,30.1,🟡 DECLINING,Medium,4,5
3087,1044.6,107.28,0.0,0.0,1044.6,89.7,🔴 CRITICAL DECAY,Critical,1,1
3088,972.0,959.17,946.34,920.68,51.32,1.3,🟢 STABLE,Low,11,12
3089,989.4000000000001,983.17,976.93,964.47,24.93,0.6,🟢 STABLE,Low,11,12
3090,642.0,161.27,0.0,0.0,642.0,74.9,🔴 CRITICAL DECAY,Critical,1,1
3091,246.0,226.07,206.15,166.3,79.7,8.1,🟢 STABLE,Low,11,12
3092,301.20000000000005,106.84,0.0,0.0,301.2,64.5,🔴 CRITICAL DECAY,Critical,1,1
3093,652.8,602.08,551.35,449.91,202.89,7.8,🟢 STABLE,Low,11,12
3094,703.2,648.63,594.06,484.93,218.27,7.8,🟢 STABLE,Low,11,12
3095,1017.5999999999999,466.16,0.0,0.0,1017.6,54.2,🟠 RAPID DECLINE,High,1,2
3096,736.8,732.75,728.7,720.59,16.21,0.5,🟢 STABLE,Low,11,12
3097,244.79999999999998,182.84,120.88,0.0,244.8,25.3,🟡 DECLINING,Medium,1,2
3098,955.8000000000001,539.26,122.72,0.0,955.8,43.6,🟠 RAPID DECLINE,High,1,1
3099,241.79999999999998,233.17,224.54,207.27,34.53,3.6,🟢 STABLE,Low,11,12
3100,1133.4,827.5,521.59,0.0,1133.4,27.0,🟡 DECLINING,Medium,5,6
3101,957.5999999999999,899.47,841.35,725.09,232.51,6.1,🟢 STABLE,Low,11,12
3102,650.4000000000001,383.28,116.16,0.0,650.4,41.1,🟠 RAPID DECLINE,High,1,1
3103,233.39999999999998,60.24,0.0,0.0,233.4,74.2,🔴 CRITICAL DECAY,Critical,1,1
3104,888.5999999999999,138.53,0.0,0.0,888.6,84.4,🔴 CRITICAL DECAY,Critical,1,1
3105,589.8,541.91,494.02,398.23,191.57,8.1,🟢 STABLE,Low,11,12
3106,232.79999999999998,231.64,230.47,228.14,4.66,0.5,🟢 STABLE,Low,11,12
3107,1363.8000000000002,1357.25,1350.71,1337.62,26.18,0.5,🟢 STABLE,Low,11,12
3108,1272.0,1196.44,1120.89,969.77,302.23,5.9,🟢 STABLE,Low,11,12
3109,311.4,308.16,304.92,298.45,12.95,1.0,🟢 STABLE,Low,11,12
3110,229.20000000000002,117.63,6.05,0.0,229.2,48.7,🟠 RAPID DECLINE,High,1,2
3111,1240.8000000000002,1221.82,1202.83,1164.86,75.94,1.5,🟢 STABLE,Low,11,12
3112,1206.6,1202.26,1197.91,1189.22,17.38,0.4,🟢 STABLE,Low,11,12
3113,1144.8000000000002,400.79,0.0,0.0,1144.8,65.0,🔴 CRITICAL DECAY,Critical,1,1
3114,901.8000000000001,783.48,665.17,428.54,473.26,13.1,🟢 STABLE,Low,11,12
3115,1013.4000000000001,187.28,0.0,0.0,1013.4,81.5,🔴 CRITICAL DECAY,Critical,1,1
3116,1069.8000000000002,1042.84,1015.88,961.96,107.84,2.5,🟢 STABLE,Low,11,12
3117,1294.8000000000002,1239.38,1183.97,1073.13,221.67,4.3,🟢 STABLE,Low,11,12
3118,234.0,229.11,224.22,214.44,19.56,2.1,🟢 STABLE,Low,11,12
3119,1031.4,460.42,0.0,0.0,1031.4,55.4,🟠 RAPID DECLINE,High,1,1
3120,299.4,297.15,294.91,290.42,8.98,0.8,🟢 STABLE,Low,11,12
3121,712.8,504.73,296.67,0.0,712.8,29.2,🟡 DECLINING,Medium,1,1
3122,234.0,230.84,227.68,221.36,12.64,1.4,🟢 STABLE,Low,11,12
3123,839.4000000000001,486.43,133.46,0.0,839.4,42.1,🟠 RAPID DECLINE,High,3,4
3124,994.1999999999999,988.43,982.67,971.13,23.07,0.6,🟢 STABLE,Low,11,12
3125,228.0,142.04,56.09,0.0,228.0,37.7,🟠 RAPID DECLINE,High,3,4
3126,466.20000000000005,375.15,284.1,102.0,364.2,19.5,🟡 DECLINING,Medium,7,8
3127,367.20000000000005,175.15,0.0,0.0,367.2,52.3,🟠 RAPID DECLINE,High,1,1
3128,244.20000000000002,206.96,169.72,95.24,148.96,15.2,🟡 DECLINING,Medium,9,10
3129,1140.0,1015.74,891.48,642.96,497.04,10.9,🟢 STABLE,Low,11,12
3130,892.8000000000001,805.84,718.88,544.97,347.83,9.7,🟢 STABLE,Low,11,12
3131,941.4000000000001,940.46,939.52,937.63,3.77,0.1,🟢 STABLE,Low,11,12
3132,891.5999999999999,148.09,0.0,0.0,891.6,83.4,🔴 CRITICAL DECAY,Critical,1,2
3133,612.5999999999999,575.17,537.74,462.88,149.72,6.1,🟢 STABLE,Low,11,12
3134,230.39999999999998,187.25,144.09,57.78,172.62,18.7,🟡 DECLINING,Medium,8,9
3135,1194.6,332.7,0.0,0.0,1194.6,72.1,🔴 CRITICAL DECAY,Critical,1,1
3136,840.0,229.82,0.0,0.0,840.0,72.6,🔴 CRITICAL DECAY,Critical,1,1
3137,1309.1999999999998,948.38,587.57,0.0,1309.2,27.6,🟡 DECLINING,Medium,5,6
3138,543.5999999999999,121.55,0.0,0.0,543.6,77.6,🔴 CRITICAL DECAY,Critical,1,1
3139,358.20000000000005,226.24,94.28,0.0,358.2,36.8,🟠 RAPID DECLINE,High,1,1
3140,917.4000000000001,525.3,133.21,0.0,917.4,42.7,🟠 RAPID DECLINE,High,1,2
3141,1141.1999999999998,418.48,0.0,0.0,1141.2,63.3,🔴 CRITICAL DECAY,Critical,1,1
3142,237.60000000000002,140.59,43.58,0.0,237.6,40.8,🟠 RAPID DECLINE,High,1,1
3143,873.5999999999999,742.56,611.52,349.44,524.16,15.0,🟢 STABLE,Low,10,11
3144,227.39999999999998,146.63,65.86,0.0,227.4,35.5,🟠 RAPID DECLINE,High,4,5
3145,919.8000000000001,236.02,0.0,0.0,919.8,74.3,🔴 CRITICAL DECAY,Critical,1,1
3146,1189.8000000000002,320.29,0.0,0.0,1189.8,73.1,🔴 CRITICAL DECAY,Critical,1,1
3147,1221.0,334.68,0.0,0.0,1221.0,72.6,🔴 CRITICAL DECAY,Critical,1,2
3148,905.4000000000001,673.89,442.38,0.0,905.4,25.6,🟡 DECLINING,Medium,5,6
3149,769.1999999999999,679.59,589.98,410.75,358.45,11.6,🟢 STABLE,Low,11,12
3150,307.79999999999995,163.07,18.34,0.0,307.8,47.0,🟠 RAPID DECLINE,High,3,4
3151,901.1999999999999,790.98,680.77,460.33,440.87,12.2,🟢 STABLE,Low,11,12
3152,1150.1999999999998,924.65,699.09,247.98,902.22,19.6,🟡 DECLINING,Medium,7,8
3153,652.8,560.49,468.19,283.58,369.22,14.1,🟢 STABLE,Low,10,11
3154,873.0,228.03,0.0,0.0,873.0,73.9,🔴 CRITICAL DECAY,Critical,1,2
3155,238.20000000000002,234.58,230.96,223.72,14.48,1.5,🟢 STABLE,Low,11,12
3156,228.60000000000002,193.69,158.79,88.97,139.63,15.3,🟡 DECLINING,Medium,9,10
3157,539.4000000000001,408.76,278.11,16.83,522.57,24.2,🟡 DECLINING,Medium,1,1
3158,594.5999999999999,482.52,370.44,146.27,448.33,18.8,🟡 DECLINING,Medium,7,8
3159,1138.1999999999998,53.38,0.0,0.0,1138.2,95.3,🔴 CRITICAL DECAY,Critical,1,1
3160,555.0,553.06,551.12,547.23,7.77,0.3,🟢 STABLE,Low,11,12
3161,232.20000000000002,225.58,218.96,205.73,26.47,2.9,🟢 STABLE,Low,11,12
3162,835.1999999999999,749.84,664.49,493.77,341.43,10.2,🟢 STABLE,Low,11,12
3163,1088.4,604.93,121.47,0.0,1088.4,44.4,🟠 RAPID DECLINE,High,3,4
3164,1216.8000000000002,444.25,0.0,0.0,1216.8,63.5,🔴 CRITICAL DECAY,Critical,1,2
3165,243.0,235.39,227.79,212.58,30.42,3.1,🟢 STABLE,Low,11,12
3166,585.5999999999999,497.12,408.63,231.66,353.94,15.1,🟡 DECLINING,Medium,9,10
3167,892.1999999999999,884.26,876.32,860.44,31.76,0.9,🟢 STABLE,Low,11,12
3168,232.20000000000002,226.4,220.59,208.98,23.22,2.5,🟢 STABLE,Low,11,12
3169,825.0,794.06,763.12,701.25,123.75,3.8,🟢 STABLE,Low,11,12
3170,1202.4,985.01,767.61,332.82,869.58,18.1,🟡 DECLINING,Medium,8,9
3171,250.20000000000002,247.87,245.55,240.89,9.31,0.9,🟢 STABLE,Low,11,12
3172,1150.8000000000002,654.58,158.35,0.0,1150.8,43.1,🟠 RAPID DECLINE,High,1,1
3173,232.20000000000002,221.59,210.98,189.75,42.45,4.6,🟢 STABLE,Low,11,12
3174,540.0,446.58,353.16,166.32,373.68,17.3,🟡 DECLINING,Medium,8,9
3175,978.0,694.58,411.15,0.0,978.0,29.0,🟡 DECLINING,Medium,5,6
3176,306.0,302.27,298.53,291.07,14.93,1.2,🟢 STABLE,Low,11,12
3177,586.8,584.34,581.87,576.94,9.86,0.4,🟢 STABLE,Low,11,12
3178,1009.1999999999999,594.22,179.23,0.0,1009.2,41.1,🟠 RAPID DECLINE,High,1,1
3179,235.20000000000002,233.25,231.3,227.39,7.81,0.8,🟢 STABLE,Low,11,12
3180,240.0,130.78,21.55,0.0,240.0,45.5,🟠 RAPID DECLINE,High,1,2
3181,975.5999999999999,970.72,965.84,956.09,19.51,0.5,🟢 STABLE,Low,11,12
3182,1142.4,1108.58,1074.77,1007.14,135.26,3.0,🟢 STABLE,Low,11,12
3183,437.40000000000003,101.21,0.0,0.0,437.4,76.9,🔴 CRITICAL DECAY,Critical,1,1
3184,999.5999999999999,996.1,992.6,985.61,13.99,0.4,🟢 STABLE,Low,11,12
3185,300.6,88.86,0.0,0.0,300.6,70.4,🔴 CRITICAL DECAY,Critical,1,1
3186,243.60000000000002,242.02,240.43,237.27,6.33,0.6,🟢 STABLE,Low,11,12
3187,1078.1999999999998,789.03,499.85,0.0,1078.2,26.8,🟡 DECLINING,Medium,5,6
3188,598.2,347.49,96.79,0.0,598.2,41.9,🟠 RAPID DECLINE,High,1,2
3189,237.60000000000002,157.58,77.55,0.0,237.6,33.7,🟡 DECLINING,Medium,4,5
3190,655.8,653.11,650.42,645.04,10.76,0.4,🟢 STABLE,Low,11,12
3191,352.20000000000005,191.07,29.94,0.0,352.2,45.7,🟠 RAPID DECLINE,High,3,4
3192,229.79999999999998,228.05,226.31,222.81,6.99,0.8,🟢 STABLE,Low,11,12
3193,229.20000000000002,226.01,222.83,216.46,12.74,1.4,🟢 STABLE,Low,11,12
3194,666.5999999999999,448.22,229.84,0.0,666.6,32.8,🟡 DECLINING,Medium,1,1
3195,966.5999999999999,444.64,0.0,0.0,966.6,54.0,🟠 RAPID DECLINE,High,1,2
3196,243.0,231.87,220.74,198.48,44.52,4.6,🟢 STABLE,Low,11,12
3197,834.0,755.52,677.04,520.08,313.92,9.4,🟢 STABLE,Low,11,12
3198,1272.0,678.99,85.99,0.0,1272.0,46.6,🟠 RAPID DECLINE,High,3,4
3199,306.0,304.62,303.25,300.49,5.51,0.5,🟢 STABLE,Low,11,12
3200,1251.6,252.82,0.0,0.0,1251.6,79.8,🔴 CRITICAL DECAY,Critical,1,1
3201,955.1999999999999,943.26,931.32,907.44,47.76,1.2,🟢 STABLE,Low,11,12
3202,663.0,75.05,0.0,0.0,663.0,88.7,🔴 CRITICAL DECAY,Critical,1,1
3203,1056.6,1054.91,1053.22,1049.84,6.76,0.2,🟢 STABLE,Low,11,12
3204,244.79999999999998,240.54,236.28,227.76,17.04,1.7,🟢 STABLE,Low,11,12
3205,1411.1999999999998,1406.83,1402.45,1393.7,17.5,0.3,🟢 STABLE,Low,11,12
3206,240.0,144.98,49.97,0.0,240.0,39.6,🟠 RAPID DECLINE,High,3,4
3207,235.79999999999998,131.81,27.82,0.0,235.8,44.1,🟠 RAPID DECLINE,High,3,4
3208,846.5999999999999,764.06,681.51,516.43,330.17,9.7,🟢 STABLE,Low,11,12
3209,1126.1999999999998,27.03,0.0,0.0,1126.2,97.6,🔴 CRITICAL DECAY,Critical,1,1
3210,789.5999999999999,772.86,756.12,722.64,66.96,2.1,🟢 STABLE,Low,11,12
3211,240.60000000000002,233.24,225.88,211.15,29.45,3.1,🟢 STABLE,Low,11,12
3212,960.0,488.54,17.09,0.0,960.0,49.1,🟠 RAPID DECLINE,High,1,2
3213,424.79999999999995,410.23,395.66,366.52,58.28,3.4,🟢 STABLE,Low,11,12
3214,955.1999999999999,934.47,913.74,872.29,82.91,2.2,🟢 STABLE,Low,11,12
3215,963.0,390.11,0.0,0.0,963.0,59.5,🟠 RAPID DECLINE,High,1,1
3216,605.4000000000001,355.55,105.7,0.0,605.4,41.3,🟠 RAPID DECLINE,High,1,1
3217,245.39999999999998,95.04,0.0,0.0,245.4,61.3,🔴 CRITICAL DECAY,Critical,1,2
3218,955.1999999999999,918.71,882.22,809.25,145.95,3.8,🟢 STABLE,Low,11,12
3219,296.4,291.81,287.21,278.02,18.38,1.5,🟢 STABLE,Low,11,12
3220,927.5999999999999,921.66,915.73,903.85,23.75,0.6,🟢 STABLE,Low,11,12
3221,357.0,96.25,0.0,0.0,357.0,73.0,🔴 CRITICAL DECAY,Critical,1,1
3222,538.8,382.71,226.62,0.0,538.8,29.0,🟡 DECLINING,Medium,1,2
3223,357.6,224.07,90.54,0.0,357.6,37.3,🟠 RAPID DECLINE,High,4,5
3224,895.8000000000001,466.35,36.91,0.0,895.8,47.9,🟠 RAPID DECLINE,High,1,1
3225,863.4000000000001,647.46,431.53,0.0,863.4,25.0,🟡 DECLINING,Medium,5,6
3226,249.0,169.74,90.49,0.0,249.0,31.8,🟡 DECLINING,Medium,4,5
3227,675.5999999999999,583.04,490.49,305.37,370.23,13.7,🟢 STABLE,Low,10,11
3228,1263.0,952.18,641.35,19.7,1243.3,24.6,🟡 DECLINING,Medium,6,7
3229,1130.4,103.21,0.0,0.0,1130.4,90.9,🔴 CRITICAL DECAY,Critical,1,1
3230,234.60000000000002,233.26,231.93,229.25,5.35,0.6,🟢 STABLE,Low,11,12
3231,1013.4000000000001,856.93,700.46,387.52,625.88,15.4,🟡 DECLINING,Medium,9,10
3232,643.8,621.98,600.15,556.5,87.3,3.4,🟢 STABLE,Low,11,12
3233,358.79999999999995,90.24,0.0,0.0,358.8,74.8,🔴 CRITICAL DECAY,Critical,1,1
3234,236.39999999999998,233.99,231.58,226.75,9.65,1.0,🟢 STABLE,Low,11,12
3235,524.4000000000001,519.47,514.54,504.68,19.72,0.9,🟢 STABLE,Low,11,12
3236,663.5999999999999,430.34,197.09,0.0,663.6,35.2,🟠 RAPID DECLINE,High,4,5
3237,238.20000000000002,237.34,236.48,234.77,3.43,0.4,🟢 STABLE,Low,11,12
3238,235.79999999999998,234.01,232.22,228.63,7.17,0.8,🟢 STABLE,Low,11,12
3239,593.4000000000001,406.84,220.27,0.0,593.4,31.4,🟡 DECLINING,Medium,4,5
3240,1278.6,1101.51,924.43,570.26,708.34,13.9,🟢 STABLE,Low,10,11
3241,241.20000000000002,142.72,44.24,0.0,241.2,40.8,🟠 RAPID DECLINE,High,1,1
3242,245.39999999999998,243.8,242.21,239.02,6.38,0.7,🟢 STABLE,Low,11,12
3243,476.40000000000003,191.66,0.0,0.0,476.4,59.8,🟠 RAPID DECLINE,High,1,1
3244,654.0,431.31,208.63,0.0,654.0,34.1,🟡 DECLINING,Medium,4,5
3245,1005.5999999999999,656.25,306.91,0.0,1005.6,34.7,🟡 DECLINING,Medium,1,1
3246,661.8,282.79,0.0,0.0,661.8,57.3,🟠 RAPID DECLINE,High,1,1
3247,1339.1999999999998,1324.87,1310.54,1281.88,57.32,1.1,🟢 STABLE,Low,11,12
3248,1039.8000000000002,106.16,0.0,0.0,1039.8,89.8,🔴 CRITICAL DECAY,Critical,1,1
3249,666.5999999999999,539.08,411.56,156.52,510.08,19.1,🟡 DECLINING,Medium,7,8
3250,246.60000000000002,230.79,214.99,183.37,63.23,6.4,🟢 STABLE,Low,11,12
3251,1281.0,1032.74,784.48,287.97,993.03,19.4,🟡 DECLINING,Medium,7,8
3252,745.2,722.77,700.34,655.48,89.72,3.0,🟢 STABLE,Low,11,12
3253,1254.0,838.42,422.85,0.0,1254.0,33.1,🟡 DECLINING,Medium,4,5
3254,1221.6,308.7,0.0,0.0,1221.6,74.7,🔴 CRITICAL DECAY,Critical,1,2
3255,1327.1999999999998,1273.85,1220.49,1113.79,213.41,4.0,🟢 STABLE,Low,11,12
3256,1018.8000000000001,966.33,913.86,808.93,209.87,5.2,🟢 STABLE,Low,11,12
3257,1118.4,498.02,0.0,0.0,1118.4,55.5,🟠 RAPID DECLINE,High,1,1
3258,292.79999999999995,46.35,0.0,0.0,292.8,84.2,🔴 CRITICAL DECAY,Critical,1,1
3259,846.5999999999999,274.47,0.0,0.0,846.6,67.6,🔴 CRITICAL DECAY,Critical,2,3
3260,941.4000000000001,366.3,0.0,0.0,941.4,61.1,🔴 CRITICAL DECAY,Critical,1,1
3261,1020.0,1013.68,1007.35,994.7,25.3,0.6,🟢 STABLE,Low,11,12
3262,1049.4,540.02,30.64,0.0,1049.4,48.5,🟠 RAPID DECLINE,High,1,1
3263,1029.6,1004.48,979.36,929.11,100.49,2.4,🟢 STABLE,Low,11,12
3264,1093.1999999999998,440.01,0.0,0.0,1093.2,59.8,🟠 RAPID DECLINE,High,1,1
3265,849.0,553.63,258.27,0.0,849.0,34.8,🟡 DECLINING,Medium,1,1
3266,241.20000000000002,240.69,240.19,239.17,2.03,0.2,🟢 STABLE,Low,11,12
3267,240.60000000000002,233.24,225.88,211.15,29.45,3.1,🟢 STABLE,Low,11,12
3268,897.5999999999999,877.85,858.11,818.61,78.99,2.2,🟢 STABLE,Low,11,12
3269,297.6,291.02,284.45,271.29,26.31,2.2,🟢 STABLE,Low,11,12
3270,1210.1999999999998,99.6,0.0,0.0,1210.2,91.8,🔴 CRITICAL DECAY,Critical,1,1
3271,1216.1999999999998,135.12,0.0,0.0,1216.2,88.9,🔴 CRITICAL DECAY,Critical,1,1
3272,980.4000000000001,175.39,0.0,0.0,980.4,82.1,🔴 CRITICAL DECAY,Critical,1,1
3273,819.0,493.12,167.24,0.0,819.0,39.8,🟠 RAPID DECLINE,High,1,1
3274,1261.1999999999998,642.96,24.72,0.0,1261.2,49.0,🟠 RAPID DECLINE,High,3,4
3275,244.79999999999998,241.98,239.17,233.54,11.26,1.2,🟢 STABLE,Low,11,12
3276,949.8000000000001,129.17,0.0,0.0,949.8,86.4,🔴 CRITICAL DECAY,Critical,1,1
3277,240.0,232.25,224.5,208.99,31.01,3.2,🟢 STABLE,Low,11,12
3278,952.8000000000001,947.37,941.94,931.08,21.72,0.6,🟢 STABLE,Low,11,12
3279,686.4000000000001,652.08,617.76,549.12,137.28,5.0,🟢 STABLE,Low,11,12
3280,703.2,681.89,660.59,617.97,85.23,3.0,🟢 STABLE,Low,11,12
3281,1137.6,1105.18,1072.76,1007.91,129.69,2.8,🟢 STABLE,Low,11,12
3282,1230.0,887.69,545.38,0.0,1230.0,27.8,🟡 DECLINING,Medium,5,6
3283,244.20000000000002,239.34,234.48,224.76,19.44,2.0,🟢 STABLE,Low,11,12
3284,1018.8000000000001,397.94,0.0,0.0,1018.8,60.9,🔴 CRITICAL DECAY,Critical,1,1
3285,830.4000000000001,818.19,805.99,781.57,48.83,1.5,🟢 STABLE,Low,11,12
3286,1145.4,298.72,0.0,0.0,1145.4,73.9,🔴 CRITICAL DECAY,Critical,1,1
3287,1211.4,872.57,533.74,0.0,1211.4,28.0,🟡 DECLINING,Medium,5,6
3288,250.20000000000002,246.87,243.54,236.89,13.31,1.3,🟢 STABLE,Low,11,12
3289,1062.0,924.26,786.52,511.03,550.97,13.0,🟢 STABLE,Low,11,12
3290,420.0,343.85,267.71,115.42,304.58,18.1,🟡 DECLINING,Medium,8,9
3291,661.8,521.9,381.99,102.18,559.62,21.1,🟡 DECLINING,Medium,7,8
3292,611.4000000000001,350.03,88.65,0.0,611.4,42.7,🟠 RAPID DECLINE,High,1,2
3293,768.0,438.3,108.6,0.0,768.0,42.9,🟠 RAPID DECLINE,High,1,2
3294,829.1999999999999,179.6,0.0,0.0,829.2,78.3,🔴 CRITICAL DECAY,Critical,1,1
3295,962.4000000000001,960.38,958.36,954.32,8.08,0.2,🟢 STABLE,Low,11,12
3296,591.5999999999999,506.41,421.22,250.84,340.76,14.4,🟢 STABLE,Low,10,11
3297,1012.1999999999999,996.21,980.21,948.23,63.97,1.6,🟢 STABLE,Low,11,12
3298,240.60000000000002,137.29,33.97,0.0,240.6,42.9,🟠 RAPID DECLINE,High,3,4
3299,1406.4,1042.42,678.45,0.0,1406.4,25.9,🟡 DECLINING,Medium,5,6
3300,241.20000000000002,231.02,220.84,200.49,40.71,4.2,🟢 STABLE,Low,11,12
3301,835.1999999999999,43.26,0.0,0.0,835.2,94.8,🔴 CRITICAL DECAY,Critical,1,1
3302,1241.4,825.53,409.66,0.0,1241.4,33.5,🟡 DECLINING,Medium,1,1
3303,935.4000000000001,297.55,0.0,0.0,935.4,68.2,🔴 CRITICAL DECAY,Critical,1,1
3304,1319.4,1281.67,1243.93,1168.46,150.94,2.9,🟢 STABLE,Low,11,12
3305,1137.0,412.84,0.0,0.0,1137.0,63.7,🔴 CRITICAL DECAY,Critical,1,1
3306,960.0,302.02,0.0,0.0,960.0,68.5,🔴 CRITICAL DECAY,Critical,1,1
3307,955.8000000000001,946.62,937.45,919.1,36.7,1.0,🟢 STABLE,Low,11,12
3308,302.4,297.23,292.06,281.72,20.68,1.7,🟢 STABLE,Low,11,12
3309,238.79999999999998,232.38,225.95,213.11,25.69,2.7,🟢 STABLE,Low,11,12
3310,941.4000000000001,59.87,0.0,0.0,941.4,93.6,🔴 CRITICAL DECAY,Critical,1,1
3311,537.5999999999999,463.2,388.79,239.98,297.62,13.8,🟢 STABLE,Low,10,11
3312,243.60000000000002,144.14,44.68,0.0,243.6,40.8,🟠 RAPID DECLINE,High,1,1
3313,230.39999999999998,143.65,56.91,0.0,230.4,37.7,🟠 RAPID DECLINE,High,1,2
3314,960.5999999999999,882.02,803.45,646.29,314.31,8.2,🟢 STABLE,Low,11,12
3315,1288.1999999999998,934.46,580.72,0.0,1288.2,27.5,🟡 DECLINING,Medium,5,6
3316,574.2,536.7,499.21,424.22,149.98,6.5,🟢 STABLE,Low,11,12
3317,849.5999999999999,816.89,784.18,718.76,130.84,3.9,🟢 STABLE,Low,11,12
3318,354.0,246.21,138.41,0.0,354.0,30.4,🟡 DECLINING,Medium,4,5
3319,849.0,453.45,57.9,0.0,849.0,46.6,🟠 RAPID DECLINE,High,1,1
3320,709.2,542.18,375.17,41.13,668.07,23.6,🟡 DECLINING,Medium,6,7
3321,306.6,304.64,302.68,298.75,7.85,0.6,🟢 STABLE,Low,11,12
3322,1013.4000000000001,93.54,0.0,0.0,1013.4,90.8,🔴 CRITICAL DECAY,Critical,1,1
3323,243.0,216.73,190.46,137.93,105.07,10.8,🟢 STABLE,Low,11,12
3324,906.5999999999999,94.47,0.0,0.0,906.6,89.6,🔴 CRITICAL DECAY,Critical,1,1
3325,1027.8000000000002,85.92,0.0,0.0,1027.8,91.6,🔴 CRITICAL DECAY,Critical,1,1
3326,841.8000000000001,808.97,776.14,710.48,131.32,3.9,🟢 STABLE,Low,11,12
3327,1143.6,795.37,447.15,0.0,1143.6,30.5,🟡 DECLINING,Medium,4,5
3328,843.0,45.27,0.0,0.0,843.0,94.6,🔴 CRITICAL DECAY,Critical,1,1
3329,603.5999999999999,499.24,394.88,186.15,417.45,17.3,🟡 DECLINING,Medium,8,9
3330,1173.6,266.29,0.0,0.0,1173.6,77.3,🔴 CRITICAL DECAY,Critical,1,1
3331,238.20000000000002,235.32,232.44,226.67,11.53,1.2,🟢 STABLE,Low,11,12
3332,555.5999999999999,216.96,0.0,0.0,555.6,61.0,🔴 CRITICAL DECAY,Critical,1,1
3333,232.20000000000002,230.88,229.55,226.91,5.29,0.6,🟢 STABLE,Low,11,12
3334,1275.6,413.17,0.0,0.0,1275.6,67.6,🔴 CRITICAL DECAY,Critical,1,1
3335,300.0,216.69,133.38,0.0,300.0,27.8,🟡 DECLINING,Medium,5,6
3336,243.60000000000002,240.77,237.95,232.3,11.3,1.2,🟢 STABLE,Low,11,12
3337,904.1999999999999,123.69,0.0,0.0,904.2,86.3,🔴 CRITICAL DECAY,Critical,1,1
3338,1072.8000000000002,345.44,0.0,0.0,1072.8,67.8,🔴 CRITICAL DECAY,Critical,1,1
3339,1056.0,1049.03,1042.06,1028.12,27.88,0.7,🟢 STABLE,Low,11,12
3340,997.8000000000001,86.51,0.0,0.0,997.8,91.3,🔴 CRITICAL DECAY,Critical,1,1
3341,525.5999999999999,479.19,432.78,339.96,185.64,8.8,🟢 STABLE,Low,11,12
3342,744.5999999999999,677.21,609.83,475.05,269.55,9.1,🟢 STABLE,Low,11,12
3343,241.20000000000002,227.77,214.33,187.46,53.74,5.6,🟢 STABLE,Low,11,12
3344,889.8000000000001,272.99,0.0,0.0,889.8,69.3,🔴 CRITICAL DECAY,Critical,1,1
3345,1216.1999999999998,1127.05,1037.91,859.61,356.59,7.3,🟢 STABLE,Low,11,12
3346,1008.5999999999999,54.77,0.0,0.0,1008.6,94.6,🔴 CRITICAL DECAY,Critical,1,1
3347,250.79999999999998,249.22,247.64,244.48,6.32,0.6,🟢 STABLE,Low,11,12
3348,1270.8000000000002,1218.57,1166.34,1061.88,208.92,4.1,🟢 STABLE,Low,11,12
3349,1194.0,82.98,0.0,0.0,1194.0,93.1,🔴 CRITICAL DECAY,Critical,1,1
3350,529.8,145.22,0.0,0.0,529.8,72.6,🔴 CRITICAL DECAY,Critical,1,1
3351,646.8,483.35,319.91,0.0,646.8,25.3,🟡 DECLINING,Medium,1,1
3352,1025.4,62.04,0.0,0.0,1025.4,93.9,🔴 CRITICAL DECAY,Critical,1,1
3353,1020.5999999999999,415.49,0.0,0.0,1020.6,59.3,🟠 RAPID DECLINE,High,1,2
3354,529.2,518.4,507.61,486.02,43.18,2.0,🟢 STABLE,Low,11,12
3355,1082.4,1066.16,1049.93,1017.46,64.94,1.5,🟢 STABLE,Low,11,12
3356,610.2,402.98,195.75,0.0,610.2,34.0,🟡 DECLINING,Medium,4,5
3357,710.4000000000001,400.1,89.79,0.0,710.4,43.7,🟠 RAPID DECLINE,High,1,1
3358,641.4000000000001,600.99,560.58,479.77,161.63,6.3,🟢 STABLE,Low,11,12
3359,239.39999999999998,190.16,140.91,42.42,196.98,20.6,🟡 DECLINING,Medium,7,8
3360,998.4000000000001,285.84,0.0,0.0,998.4,71.4,🔴 CRITICAL DECAY,Critical,1,1
3361,895.8000000000001,858.98,822.17,748.53,147.27,4.1,🟢 STABLE,Low,11,12
3362,658.8,203.17,0.0,0.0,658.8,69.2,🔴 CRITICAL DECAY,Critical,1,1
3363,690.0,683.17,676.34,662.68,27.32,1.0,🟢 STABLE,Low,11,12
3364,1246.8000000000002,248.24,0.0,0.0,1246.8,80.1,🔴 CRITICAL DECAY,Critical,1,1
3365,235.79999999999998,234.39,232.97,230.14,5.66,0.6,🟢 STABLE,Low,11,12
3366,1125.6,757.75,389.91,0.0,1125.6,32.7,🟡 DECLINING,Medium,4,5
3367,1071.0,1065.22,1059.43,1047.87,23.13,0.5,🟢 STABLE,Low,11,12
3368,1129.8000000000002,976.71,823.62,517.45,612.35,13.6,🟢 STABLE,Low,11,12
3369,667.2,454.16,241.13,0.0,667.2,31.9,🟡 DECLINING,Medium,4,5
3370,584.4000000000001,553.54,522.69,460.97,123.43,5.3,🟢 STABLE,Low,11,12
3371,231.0,129.78,28.55,0.0,231.0,43.8,🟠 RAPID DECLINE,High,3,4
3372,1258.8000000000002,1039.27,819.73,380.66,878.14,17.4,🟡 DECLINING,Medium,8,9
3373,905.4000000000001,108.56,0.0,0.0,905.4,88.0,🔴 CRITICAL DECAY,Critical,1,1
3374,658.2,389.46,120.71,0.0,658.2,40.8,🟠 RAPID DECLINE,High,1,1
3375,238.79999999999998,238.35,237.89,236.99,1.81,0.2,🟢 STABLE,Low,11,12
3376,232.79999999999998,78.73,0.0,0.0,232.8,66.2,🔴 CRITICAL DECAY,Critical,1,1
3377,300.6,298.92,297.23,293.87,6.73,0.6,🟢 STABLE,Low,11,12
3378,1013.4000000000001,1008.64,1003.87,994.35,19.05,0.5,🟢 STABLE,Low,11,12
3379,231.60000000000002,115.04,0.0,0.0,231.6,50.3,🟠 RAPID DECLINE,High,1,2
3380,1141.1999999999998,48.62,0.0,0.0,1141.2,95.7,🔴 CRITICAL DECAY,Critical,1,1
3381,958.1999999999999,900.52,842.83,727.47,230.73,6.0,🟢 STABLE,Low,11,12
3382,306.6,305.99,305.37,304.15,2.45,0.2,🟢 STABLE,Low,11,12
3383,906.0,141.15,0.0,0.0,906.0,84.4,🔴 CRITICAL DECAY,Critical,1,1
3384,885.0,354.09,0.0,0.0,885.0,60.0,🟠 RAPID DECLINE,High,1,1
3385,1152.6,115.38,0.0,0.0,1152.6,90.0,🔴 CRITICAL DECAY,Critical,1,1
3386,820.8000000000001,778.36,735.93,651.06,169.74,5.2,🟢 STABLE,Low,11,12
3387,247.79999999999998,157.75,67.7,0.0,247.8,36.3,🟠 RAPID DECLINE,High,4,5
3388,661.8,647.24,632.68,603.56,58.24,2.2,🟢 STABLE,Low,11,12
3389,847.1999999999999,87.85,0.0,0.0,847.2,89.6,🔴 CRITICAL DECAY,Critical,1,1
3390,239.39999999999998,231.86,224.32,209.24,30.16,3.1,🟢 STABLE,Low,11,12
3391,228.0,142.04,56.09,0.0,228.0,37.7,🟠 RAPID DECLINE,High,3,4
3392,529.2,519.99,510.78,492.37,36.83,1.7,🟢 STABLE,Low,11,12
3393,1291.1999999999998,1147.23,1003.26,715.32,575.88,11.2,🟢 STABLE,Low,11,12
3394,738.5999999999999,705.22,671.83,605.06,133.54,4.5,🟢 STABLE,Low,11,12
3395,1088.4,1057.6,1026.8,965.19,123.21,2.8,🟢 STABLE,Low,11,12
3396,1191.0,1061.3,931.6,672.2,518.8,10.9,🟢 STABLE,Low,11,12
3397,1100.4,1091.71,1083.01,1065.63,34.77,0.8,🟢 STABLE,Low,11,12
3398,1208.4,1087.92,967.45,726.49,481.91,10.0,🟢 STABLE,Low,11,12
3399,941.4000000000001,925.11,908.83,876.26,65.14,1.7,🟢 STABLE,Low,11,12
3400,1011.5999999999999,731.18,450.77,0.0,1011.6,27.7,🟡 DECLINING,Medium,5,6
3401,234.60000000000002,231.17,227.75,220.9,13.7,1.5,🟢 STABLE,Low,11,12
3402,1067.4,71.41,0.0,0.0,1067.4,93.3,🔴 CRITICAL DECAY,Critical,1,1
3403,245.39999999999998,153.82,62.23,0.0,245.4,37.3,🟠 RAPID DECLINE,High,4,5
3404,667.2,651.59,635.98,604.75,62.45,2.3,🟢 STABLE,Low,11,12
3405,1041.6,1001.81,962.02,882.44,159.16,3.8,🟢 STABLE,Low,11,12
3406,251.39999999999998,243.28,235.16,218.92,32.48,3.2,🟢 STABLE,Low,11,12
3407,240.60000000000002,239.16,237.71,234.83,5.77,0.6,🟢 STABLE,Low,11,12
3408,608.4000000000001,416.27,224.13,0.0,608.4,31.6,🟡 DECLINING,Medium,4,5
3409,1363.8000000000002,1356.57,1349.34,1334.89,28.91,0.5,🟢 STABLE,Low,11,12
3410,640.8,410.95,181.09,0.0,640.8,35.9,🟠 RAPID DECLINE,High,1,1
3411,1222.8000000000002,282.96,0.0,0.0,1222.8,76.9,🔴 CRITICAL DECAY,Critical,1,1
3412,714.0,702.22,690.44,666.88,47.12,1.6,🟢 STABLE,Low,11,12
3413,1053.6,559.57,65.53,0.0,1053.6,46.9,🟠 RAPID DECLINE,High,1,2
3414,502.79999999999995,496.87,490.93,479.07,23.73,1.2,🟢 STABLE,Low,11,12
3415,996.0,865.82,735.65,475.29,520.71,13.1,🟢 STABLE,Low,11,12
3416,838.1999999999999,786.65,735.1,632.0,206.2,6.2,🟢 STABLE,Low,11,12
3417,675.5999999999999,530.01,384.42,93.23,582.37,21.5,🟡 DECLINING,Medium,6,7
3418,1314.6,824.25,333.91,0.0,1314.6,37.3,🟠 RAPID DECLINE,High,4,5
3419,1105.8000000000002,1097.17,1088.55,1071.3,34.5,0.8,🟢 STABLE,Low,11,12
3420,834.0,800.89,767.78,701.56,132.44,4.0,🟢 STABLE,Low,11,12
3421,1164.0,1159.93,1155.85,1147.7,16.3,0.3,🟢 STABLE,Low,11,12
3422,700.2,696.28,692.36,684.52,15.68,0.6,🟢 STABLE,Low,11,12
3423,607.2,453.7,300.2,0.0,607.2,25.3,🟡 DECLINING,Medium,5,6
3424,1074.0,235.1,0.0,0.0,1074.0,78.1,🔴 CRITICAL DECAY,Critical,1,1
3425,844.8000000000001,798.0,751.2,657.59,187.21,5.5,🟢 STABLE,Low,11,12
3426,837.5999999999999,56.87,0.0,0.0,837.6,93.2,🔴 CRITICAL DECAY,Critical,1,1
3427,1131.6,244.99,0.0,0.0,1131.6,78.4,🔴 CRITICAL DECAY,Critical,1,1
3428,1125.6,888.55,651.5,177.39,948.21,21.1,🟡 DECLINING,Medium,1,1
3429,234.60000000000002,227.12,219.63,204.67,29.93,3.2,🟢 STABLE,Low,11,12
3430,1151.4,1132.86,1114.32,1077.25,74.15,1.6,🟢 STABLE,Low,11,12
3431,1212.6,261.19,0.0,0.0,1212.6,78.5,🔴 CRITICAL DECAY,Critical,1,1
3432,1137.6,1134.19,1130.77,1123.95,13.65,0.3,🟢 STABLE,Low,11,12
3433,1293.0,925.79,558.58,0.0,1293.0,28.4,🟡 DECLINING,Medium,5,6
3434,655.2,617.72,580.25,505.29,149.91,5.7,🟢 STABLE,Low,11,12
3435,855.5999999999999,362.69,0.0,0.0,855.6,57.6,🟠 RAPID DECLINE,High,1,2
3436,234.0,228.83,223.66,213.31,20.69,2.2,🟢 STABLE,Low,11,12
3437,675.5999999999999,611.22,546.83,418.06,257.54,9.5,🟢 STABLE,Low,11,12
3438,1136.4,289.55,0.0,0.0,1136.4,74.5,🔴 CRITICAL DECAY,Critical,1,1
3439,1249.8000000000002,1238.55,1227.3,1204.81,44.99,0.9,🟢 STABLE,Low,11,12
3440,1086.6,1084.21,1081.82,1077.04,9.56,0.2,🟢 STABLE,Low,11,12
3441,729.5999999999999,697.42,665.25,600.9,128.7,4.4,🟢 STABLE,Low,11,12
3442,1185.6,682.43,179.26,0.0,1185.6,42.4,🟠 RAPID DECLINE,High,3,4
3443,1177.8000000000002,1060.37,942.95,708.09,469.71,10.0,🟢 STABLE,Low,11,12
3444,424.20000000000005,408.97,393.74,363.28,60.92,3.6,🟢 STABLE,Low,11,12
3445,1237.8000000000002,814.72,391.64,0.0,1237.8,34.2,🟡 DECLINING,Medium,4,5
3446,1293.0,897.86,502.72,0.0,1293.0,30.6,🟡 DECLINING,Medium,4,5
3447,976.8000000000001,944.66,912.53,848.25,128.55,3.3,🟢 STABLE,Low,11,12
3448,737.4000000000001,647.58,557.77,378.14,359.26,12.2,🟢 STABLE,Low,11,12
3449,1148.4,1101.43,1054.46,960.52,187.88,4.1,🟢 STABLE,Low,11,12
3450,1257.6,894.15,530.71,0.0,1257.6,28.9,🟡 DECLINING,Medium,5,6
3451,851.4000000000001,837.61,823.81,796.23,55.17,1.6,🟢 STABLE,Low,11,12
3452,539.4000000000001,147.85,0.0,0.0,539.4,72.6,🔴 CRITICAL DECAY,Critical,1,1
3453,1171.8000000000002,1026.85,881.9,591.99,579.81,12.4,🟢 STABLE,Low,11,12
3454,427.79999999999995,357.17,286.54,145.28,282.52,16.5,🟡 DECLINING,Medium,9,10
3455,1086.6,58.89,0.0,0.0,1086.6,94.6,🔴 CRITICAL DECAY,Critical,1,1
3456,1023.0,1017.07,1011.13,999.27,23.73,0.6,🟢 STABLE,Low,11,12
3457,234.0,76.8,0.0,0.0,234.0,67.2,🔴 CRITICAL DECAY,Critical,1,1
3458,1065.6,477.92,0.0,0.0,1065.6,55.2,🟠 RAPID DECLINE,High,1,1
3459,301.20000000000005,292.28,283.37,265.54,35.66,3.0,🟢 STABLE,Low,11,12
3460,1200.6,844.86,489.12,0.0,1200.6,29.6,🟡 DECLINING,Medium,5,6
3461,668.4000000000001,612.72,557.04,445.69,222.71,8.3,🟢 STABLE,Low,11,12
3462,1022.4000000000001,184.13,0.0,0.0,1022.4,82.0,🔴 CRITICAL DECAY,Critical,1,1
3463,1093.8000000000002,765.0,436.21,0.0,1093.8,30.1,🟡 DECLINING,Medium,4,5
3464,1006.1999999999999,479.76,0.0,0.0,1006.2,52.3,🟠 RAPID DECLINE,High,1,1
3465,550.8,155.6,0.0,0.0,550.8,71.8,🔴 CRITICAL DECAY,Critical,1,1
3466,301.20000000000005,300.57,299.93,298.67,2.53,0.2,🟢 STABLE,Low,11,12
3467,1096.8000000000002,135.35,0.0,0.0,1096.8,87.7,🔴 CRITICAL DECAY,Critical,1,1
3468,236.39999999999998,140.87,45.34,0.0,236.4,40.4,🟠 RAPID DECLINE,High,1,1
3469,1098.0,223.88,0.0,0.0,1098.0,79.6,🔴 CRITICAL DECAY,Critical,1,1
3470,615.5999999999999,530.52,445.45,275.3,340.3,13.8,🟢 STABLE,Low,10,11
3471,253.20000000000002,246.11,239.02,224.84,28.36,2.8,🟢 STABLE,Low,11,12
3472,1257.0,918.99,580.99,0.0,1257.0,26.9,🟡 DECLINING,Medium,5,6
3473,1273.8000000000002,391.69,0.0,0.0,1273.8,69.3,🔴 CRITICAL DECAY,Critical,1,1
3474,1029.0,915.3,801.59,574.18,454.82,11.0,🟢 STABLE,Low,11,12
3475,243.60000000000002,227.79,211.98,180.36,63.24,6.5,🟢 STABLE,Low,11,12
3476,1209.0,792.86,376.72,0.0,1209.0,34.4,🟡 DECLINING,Medium,4,5
3477,889.8000000000001,228.5,0.0,0.0,889.8,74.3,🔴 CRITICAL DECAY,Critical,1,1
3478,942.5999999999999,890.29,837.97,733.34,209.26,5.5,🟢 STABLE,Low,11,12
3479,543.5999999999999,311.97,80.34,0.0,543.6,42.6,🟠 RAPID DECLINE,High,1,1
3480,238.20000000000002,237.65,237.1,236.01,2.19,0.2,🟢 STABLE,Low,11,12
3481,608.4000000000001,305.42,2.43,0.0,608.4,49.8,🟠 RAPID DECLINE,High,1,1
3482,540.0,440.32,340.63,141.26,398.74,18.5,🟡 DECLINING,Medium,8,9
3483,933.5999999999999,554.47,175.33,0.0,933.6,40.6,🟠 RAPID DECLINE,High,3,4
3484,1001.4000000000001,385.44,0.0,0.0,1001.4,61.5,🔴 CRITICAL DECAY,Critical,1,1
3485,879.0,218.96,0.0,0.0,879.0,75.1,🔴 CRITICAL DECAY,Critical,1,1
3486,1137.6,1113.14,1088.68,1039.77,97.83,2.2,🟢 STABLE,Low,11,12
3487,241.20000000000002,238.72,236.23,231.26,9.94,1.0,🟢 STABLE,Low,11,12
3488,718.8,593.15,467.51,216.22,502.58,17.5,🟡 DECLINING,Medium,8,9
3489,1081.1999999999998,962.7,844.2,607.2,474.0,11.0,🟢 STABLE,Low,11,12
3490,612.5999999999999,475.81,339.01,65.43,547.17,22.3,🟡 DECLINING,Medium,1,1
3491,851.4000000000001,777.16,702.92,554.43,296.97,8.7,🟢 STABLE,Low,11,12
3492,350.4,194.37,38.33,0.0,350.4,44.5,🟠 RAPID DECLINE,High,3,4
3493,559.2,333.56,107.93,0.0,559.2,40.4,🟠 RAPID DECLINE,High,1,1
3494,1024.1999999999998,242.43,0.0,0.0,1024.2,76.3,🔴 CRITICAL DECAY,Critical,1,1
3495,904.1999999999999,38.34,0.0,0.0,904.2,95.8,🔴 CRITICAL DECAY,Critical,1,1
3496,891.5999999999999,770.16,648.73,405.86,485.74,13.6,🟢 STABLE,Low,11,12
3497,831.5999999999999,191.02,0.0,0.0,831.6,77.0,🔴 CRITICAL DECAY,Critical,1,1
3498,902.4000000000001,530.61,158.82,0.0,902.4,41.2,🟠 RAPID DECLINE,High,3,4
3499,250.79999999999998,130.57,10.33,0.0,250.8,47.9,🟠 RAPID DECLINE,High,1,1
3500,1131.6,879.25,626.91,122.21,1009.39,22.3,🟡 DECLINING,Medium,6,7
3501,917.4000000000001,912.81,908.23,899.05,18.35,0.5,🟢 STABLE,Low,11,12
3502,648.0,562.98,477.96,307.93,340.07,13.1,🟢 STABLE,Low,11,12
3503,1251.0,593.35,0.0,0.0,1251.0,52.6,🟠 RAPID DECLINE,High,1,2
3504,239.39999999999998,238.59,237.77,236.14,3.26,0.3,🟢 STABLE,Low,11,12
3505,299.4,104.55,0.0,0.0,299.4,65.1,🔴 CRITICAL DECAY,Critical,1,1
3506,1017.0,510.33,3.66,0.0,1017.0,49.8,🟠 RAPID DECLINE,High,1,2
3507,237.0,144.88,52.76,0.0,237.0,38.9,🟠 RAPID DECLINE,High,3,4
3508,1363.8000000000002,1352.21,1340.62,1317.43,46.37,0.8,🟢 STABLE,Low,11,12
3509,538.8,147.69,0.0,0.0,538.8,72.6,🔴 CRITICAL DECAY,Critical,1,1
3510,903.0,123.53,0.0,0.0,903.0,86.3,🔴 CRITICAL DECAY,Critical,1,1
3511,295.20000000000005,292.19,289.18,283.16,12.04,1.0,🟢 STABLE,Low,11,12
3512,300.0,294.18,288.36,276.72,23.28,1.9,🟢 STABLE,Low,11,12
3513,251.39999999999998,193.65,135.91,20.41,230.99,23.0,🟡 DECLINING,Medium,6,7
3514,1327.1999999999998,1279.42,1231.64,1136.08,191.12,3.6,🟢 STABLE,Low,11,12
3515,666.0,502.03,338.06,10.12,655.88,24.6,🟡 DECLINING,Medium,6,7
3516,519.5999999999999,125.8,0.0,0.0,519.6,75.8,🔴 CRITICAL DECAY,Critical,1,1
3517,1314.0,1027.15,740.31,166.62,1147.38,21.8,🟡 DECLINING,Medium,1,1
3518,233.39999999999998,136.45,39.49,0.0,233.4,41.5,🟠 RAPID DECLINE,High,1,2
3519,1018.1999999999999,358.41,0.0,0.0,1018.2,64.8,🔴 CRITICAL DECAY,Critical,1,1
3520,235.20000000000002,161.09,86.98,0.0,235.2,31.5,🟡 DECLINING,Medium,4,5
3521,641.4000000000001,616.71,592.01,542.62,98.78,3.8,🟢 STABLE,Low,11,12
3522,237.60000000000002,233.8,230.0,222.39,15.21,1.6,🟢 STABLE,Low,11,12
3523,1345.1999999999998,1339.95,1334.71,1324.21,20.99,0.4,🟢 STABLE,Low,11,12
3524,1017.5999999999999,97.08,0.0,0.0,1017.6,90.5,🔴 CRITICAL DECAY,Critical,1,1
3525,1140.6,659.95,179.3,0.0,1140.6,42.1,🟠 RAPID DECLINE,High,1,2
3526,604.2,255.64,0.0,0.0,604.2,57.7,🟠 RAPID DECLINE,High,1,1
3527,895.1999999999999,166.15,0.0,0.0,895.2,81.4,🔴 CRITICAL DECAY,Critical,1,1
3528,236.39999999999998,177.47,118.53,0.66,235.74,24.9,🟡 DECLINING,Medium,6,7
3529,890.4000000000001,224.92,0.0,0.0,890.4,74.7,🔴 CRITICAL DECAY,Critical,1,2
3530,828.0,730.88,633.75,439.5,388.5,11.7,🟢 STABLE,Low,11,12
3531,232.20000000000002,225.54,218.87,205.54,26.66,2.9,🟢 STABLE,Low,11,12
3532,713.4000000000001,509.08,304.76,0.0,713.4,28.6,🟡 DECLINING,Medium,5,6
3533,237.60000000000002,229.21,220.83,204.05,33.55,3.5,🟢 STABLE,Low,11,12
3534,1262.4,1199.53,1136.66,1010.93,251.47,5.0,🟢 STABLE,Low,11,12
3535,1310.4,1292.05,1273.71,1237.02,73.38,1.4,🟢 STABLE,Low,11,12
3536,949.8000000000001,85.2,0.0,0.0,949.8,91.0,🔴 CRITICAL DECAY,Critical,1,1
3537,643.8,579.48,515.17,386.54,257.26,10.0,🟢 STABLE,Low,11,12
3538,1202.4,1200.12,1197.83,1193.26,9.14,0.2,🟢 STABLE,Low,11,12
3539,541.8,334.13,126.46,0.0,541.8,38.3,🟠 RAPID DECLINE,High,1,1
3540,1303.8000000000002,1300.28,1296.76,1289.72,14.08,0.3,🟢 STABLE,Low,11,12
3541,487.79999999999995,420.29,352.78,217.75,270.05,13.8,🟢 STABLE,Low,10,11
3542,664.2,627.07,589.94,515.68,148.52,5.6,🟢 STABLE,Low,11,12
3543,1267.1999999999998,1264.03,1260.86,1254.53,12.67,0.3,🟢 STABLE,Low,11,12
3544,1125.6,746.5,367.4,0.0,1125.6,33.7,🟡 DECLINING,Medium,4,5
3545,1148.4,463.03,0.0,0.0,1148.4,59.7,🟠 RAPID DECLINE,High,1,1
3546,998.4000000000001,994.61,990.81,983.22,15.18,0.4,🟢 STABLE,Low,11,12
3547,1080.6,1077.03,1073.47,1066.34,14.26,0.3,🟢 STABLE,Low,11,12
3548,1171.8000000000002,1091.06,1010.33,848.85,322.95,6.9,🟢 STABLE,Low,11,12
3549,816.5999999999999,813.91,811.21,805.82,10.78,0.3,🟢 STABLE,Low,11,12
3550,1154.4,527.21,0.0,0.0,1154.4,54.3,🟠 RAPID DECLINE,High,1,2
3551,955.1999999999999,118.73,0.0,0.0,955.2,87.6,🔴 CRITICAL DECAY,Critical,1,1
3552,1225.1999999999998,1212.58,1199.96,1174.72,50.48,1.0,🟢 STABLE,Low,11,12
3553,280.79999999999995,279.34,277.88,274.96,5.84,0.5,🟢 STABLE,Low,11,12
3554,852.5999999999999,322.54,0.0,0.0,852.6,62.2,🔴 CRITICAL DECAY,Critical,1,1
3555,1023.0,268.64,0.0,0.0,1023.0,73.7,🔴 CRITICAL DECAY,Critical,1,1
3556,233.39999999999998,225.53,217.67,201.94,31.46,3.4,🟢 STABLE,Low,11,12
3557,713.4000000000001,596.33,479.26,245.12,468.28,16.4,🟡 DECLINING,Medium,9,10
3558,1106.4,1044.99,983.59,860.78,245.62,5.6,🟢 STABLE,Low,11,12
3559,238.20000000000002,237.39,236.58,234.96,3.24,0.3,🟢 STABLE,Low,11,12
3560,526.8,289.95,53.1,0.0,526.8,45.0,🟠 RAPID DECLINE,High,3,4
3561,966.0,303.71,0.0,0.0,966.0,68.6,🔴 CRITICAL DECAY,Critical,1,1
3562,1077.6,85.35,0.0,0.0,1077.6,92.1,🔴 CRITICAL DECAY,Critical,1,1
3563,1086.0,578.19,70.37,0.0,1086.0,46.8,🟠 RAPID DECLINE,High,3,4
3564,1085.4,1007.14,928.89,772.37,313.03,7.2,🟢 STABLE,Low,11,12
3565,609.0,133.37,0.0,0.0,609.0,78.1,🔴 CRITICAL DECAY,Critical,1,1
3566,1015.1999999999999,985.66,956.12,897.03,118.17,2.9,🟢 STABLE,Low,11,12
3567,1075.8000000000002,406.01,0.0,0.0,1075.8,62.3,🔴 CRITICAL DECAY,Critical,1,1
3568,1189.8000000000002,319.94,0.0,0.0,1189.8,73.1,🔴 CRITICAL DECAY,Critical,1,1
3569,239.39999999999998,232.12,224.84,210.29,29.11,3.0,🟢 STABLE,Low,11,12
3570,246.0,244.08,242.16,238.32,7.68,0.8,🟢 STABLE,Low,11,12
3571,745.2,669.64,594.07,442.95,302.25,10.1,🟢 STABLE,Low,11,12
3572,954.0,327.22,0.0,0.0,954.0,65.7,🔴 CRITICAL DECAY,Critical,1,1
3573,234.60000000000002,165.74,96.89,0.0,234.6,29.4,🟡 DECLINING,Medium,5,6
3574,244.20000000000002,77.19,0.0,0.0,244.2,68.4,🔴 CRITICAL DECAY,Critical,1,1
3575,620.4000000000001,472.12,323.85,27.3,593.1,23.9,🟡 DECLINING,Medium,6,7
3576,279.6,275.43,271.27,262.94,16.66,1.5,🟢 STABLE,Low,11,12
3577,784.8000000000001,680.97,577.14,369.48,415.32,13.2,🟢 STABLE,Low,1,1
3578,781.1999999999999,743.39,705.58,629.96,151.24,4.8,🟢 STABLE,Low,11,12
3579,974.4000000000001,555.51,136.61,0.0,974.4,43.0,🟠 RAPID DECLINE,High,1,1
3580,874.8000000000001,768.42,662.05,449.3,425.5,12.2,🟢 STABLE,Low,11,12
3581,894.0,888.81,883.63,873.26,20.74,0.6,🟢 STABLE,Low,11,12
3582,966.0,144.42,0.0,0.0,966.0,85.0,🔴 CRITICAL DECAY,Critical,1,1
3583,723.5999999999999,657.54,591.47,459.34,264.26,9.1,🟢 STABLE,Low,11,12
3584,900.0,563.94,227.88,0.0,900.0,37.3,🟠 RAPID DECLINE,High,4,5
3585,1081.8000000000002,1002.83,923.86,765.91,315.89,7.3,🟢 STABLE,Low,11,12
3586,480.0,397.63,315.26,150.53,329.47,17.2,🟡 DECLINING,Medium,8,9
3587,1193.4,118.62,0.0,0.0,1193.4,90.1,🔴 CRITICAL DECAY,Critical,1,1
3588,828.5999999999999,675.31,522.02,215.44,613.16,18.5,🟡 DECLINING,Medium,8,9
3589,716.4000000000001,685.16,653.93,591.46,124.94,4.4,🟢 STABLE,Low,11,12
3590,238.20000000000002,229.46,220.72,203.23,34.97,3.7,🟢 STABLE,Low,11,12
3591,1035.0,212.49,0.0,0.0,1035.0,79.5,🔴 CRITICAL DECAY,Critical,1,1
3592,547.8,122.49,0.0,0.0,547.8,77.6,🔴 CRITICAL DECAY,Critical,1,1
3593,841.1999999999999,270.7,0.0,0.0,841.2,67.8,🔴 CRITICAL DECAY,Critical,1,1
3594,489.0,297.17,105.33,0.0,489.0,39.2,🟠 RAPID DECLINE,High,3,4
3595,842.4000000000001,267.13,0.0,0.0,842.4,68.3,🔴 CRITICAL DECAY,Critical,1,1
3596,664.2,383.38,102.55,0.0,664.2,42.3,🟠 RAPID DECLINE,High,3,4
3597,1148.4,787.46,426.52,0.0,1148.4,31.4,🟡 DECLINING,Medium,4,5
3598,555.5999999999999,105.12,0.0,0.0,555.6,81.1,🔴 CRITICAL DECAY,Critical,1,1
3599,975.5999999999999,919.5,863.41,751.21,224.39,5.8,🟢 STABLE,Low,11,12
3600,1010.4000000000001,694.75,379.1,0.0,1010.4,31.2,🟡 DECLINING,Medium,1,1
3601,240.0,211.2,182.4,124.8,115.2,12.0,🟢 STABLE,Low,11,12
3602,793.8000000000001,773.16,752.52,711.24,82.56,2.6,🟢 STABLE,Low,11,12
3603,550.2,265.91,0.0,0.0,550.2,51.7,🟠 RAPID DECLINE,High,1,1
3604,235.20000000000002,206.67,178.14,121.08,114.12,12.1,🟢 STABLE,Low,11,12
3605,597.5999999999999,431.59,265.57,0.0,597.6,27.8,🟡 DECLINING,Medium,5,6
3606,1221.0,1059.46,897.92,574.85,646.15,13.2,🟢 STABLE,Low,11,12
3607,661.8,632.68,603.56,545.32,116.48,4.4,🟢 STABLE,Low,11,12
3608,903.0,566.54,230.08,0.0,903.0,37.3,🟠 RAPID DECLINE,High,1,1
3609,1247.4,944.41,641.41,35.43,1211.97,24.3,🟡 DECLINING,Medium,6,7
3610,1201.8000000000002,106.36,0.0,0.0,1201.8,91.1,🔴 CRITICAL DECAY,Critical,1,1
3611,1195.8000000000002,1177.27,1158.73,1121.66,74.14,1.5,🟢 STABLE,Low,11,12
3612,884.4000000000001,254.88,0.0,0.0,884.4,71.2,🔴 CRITICAL DECAY,Critical,1,1
3613,600.5999999999999,536.16,471.71,342.82,257.78,10.7,🟢 STABLE,Low,11,12
3614,723.0,718.16,713.31,703.62,19.38,0.7,🟢 STABLE,Low,11,12
3615,1269.0,766.22,263.44,0.0,1269.0,39.6,🟠 RAPID DECLINE,High,1,1
3616,1047.6,967.88,888.16,728.71,318.89,7.6,🟢 STABLE,Low,11,12
3617,580.2,283.14,0.0,0.0,580.2,51.2,🟠 RAPID DECLINE,High,1,1
3618,651.0,587.14,523.27,395.55,255.45,9.8,🟢 STABLE,Low,11,12
3619,1023.5999999999999,1021.96,1020.32,1017.05,6.55,0.2,🟢 STABLE,Low,11,12
3620,600.0,469.92,339.84,79.68,520.32,21.7,🟡 DECLINING,Medium,6,7
3621,292.79999999999995,215.3,137.79,0.0,292.8,26.5,🟡 DECLINING,Medium,1,1
3622,1091.4,1088.56,1085.72,1080.05,11.35,0.3,🟢 STABLE,Low,11,12
3623,867.0,639.67,412.35,0.0,867.0,26.2,🟡 DECLINING,Medium,5,6
3624,1153.1999999999998,1051.6,950.01,746.81,406.39,8.8,🟢 STABLE,Low,11,12
3625,238.20000000000002,237.8,237.39,236.58,1.62,0.2,🟢 STABLE,Low,11,12
3626,663.5999999999999,621.4,579.19,494.78,168.82,6.4,🟢 STABLE,Low,11,12
3627,241.20000000000002,233.55,225.91,210.62,30.58,3.2,🟢 STABLE,Low,11,12
3628,834.0,722.74,611.49,388.98,445.02,13.3,🟢 STABLE,Low,11,12
3629,301.79999999999995,297.18,292.56,283.33,18.47,1.5,🟢 STABLE,Low,11,12
3630,251.39999999999998,121.83,0.0,0.0,251.4,51.5,🟠 RAPID DECLINE,High,2,3
3631,594.5999999999999,237.36,0.0,0.0,594.6,60.1,🔴 CRITICAL DECAY,Critical,1,1
3632,955.8000000000001,631.4,307.0,0.0,955.8,33.9,🟡 DECLINING,Medium,4,5
3633,855.0,44.29,0.0,0.0,855.0,94.8,🔴 CRITICAL DECAY,Critical,1,1
3634,1365.6,1362.05,1358.5,1351.4,14.2,0.3,🟢 STABLE,Low,11,12
3635,294.6,293.42,292.24,289.89,4.71,0.4,🟢 STABLE,Low,11,12
3636,236.39999999999998,189.85,143.31,50.21,186.19,19.7,🟡 DECLINING,Medium,7,8
3637,243.0,191.1,139.19,35.38,207.62,21.4,🟡 DECLINING,Medium,7,8
3638,601.8,404.89,207.98,0.0,601.8,32.7,🟡 DECLINING,Medium,4,5
3639,1206.0,951.17,696.34,186.69,1019.31,21.1,🟡 DECLINING,Medium,7,8
3640,1150.8000000000002,457.44,0.0,0.0,1150.8,60.3,🔴 CRITICAL DECAY,Critical,1,1
3641,893.4000000000001,883.57,873.75,854.09,39.31,1.1,🟢 STABLE,Low,11,12
3642,1249.1999999999998,427.48,0.0,0.0,1249.2,65.8,🔴 CRITICAL DECAY,Critical,1,1
3643,228.60000000000002,221.88,215.16,201.72,26.88,2.9,🟢 STABLE,Low,11,12
3644,300.0,298.32,296.64,293.28,6.72,0.6,🟢 STABLE,Low,11,12
3645,228.60000000000002,167.98,107.35,0.0,228.6,26.5,🟡 DECLINING,Medium,5,6
3646,982.8000000000001,898.77,814.74,646.68,336.12,8.6,🟢 STABLE,Low,11,12
3647,836.4000000000001,172.97,0.0,0.0,836.4,79.3,🔴 CRITICAL DECAY,Critical,1,1
3648,1081.8000000000002,990.71,899.62,717.45,364.35,8.4,🟢 STABLE,Low,11,12
3649,304.20000000000005,303.53,302.86,301.52,2.68,0.2,🟢 STABLE,Low,11,12
3650,295.79999999999995,294.32,292.84,289.88,5.92,0.5,🟢 STABLE,Low,11,12
3651,234.60000000000002,233.69,232.77,230.94,3.66,0.4,🟢 STABLE,Low,11,12
3652,303.0,72.99,0.0,0.0,303.0,75.9,🔴 CRITICAL DECAY,Critical,1,1
3653,720.0,715.68,711.36,702.72,17.28,0.6,🟢 STABLE,Low,11,12
3654,1078.8000000000002,781.16,483.52,0.0,1078.8,27.6,🟡 DECLINING,Medium,5,6
3655,232.79999999999998,174.39,115.98,0.0,232.8,25.1,🟡 DECLINING,Medium,5,6
3656,597.5999999999999,584.27,570.95,544.29,53.31,2.2,🟢 STABLE,Low,11,12
3657,289.20000000000005,283.88,278.56,267.91,21.29,1.8,🟢 STABLE,Low,11,12
3658,651.0,522.95,394.9,138.79,512.21,19.7,🟡 DECLINING,Medium,7,8
3659,1318.8000000000002,1050.42,782.05,245.3,1073.5,20.4,🟡 DECLINING,Medium,7,8
3660,426.0,393.88,361.76,297.52,128.48,7.5,🟢 STABLE,Low,11,12
3661,1050.6,966.13,881.66,712.73,337.87,8.0,🟢 STABLE,Low,11,12
3662,541.8,404.4,267.0,0.0,541.8,25.4,🟡 DECLINING,Medium,1,1
3663,1060.8000000000002,236.98,0.0,0.0,1060.8,77.7,🔴 CRITICAL DECAY,Critical,1,1
3664,609.5999999999999,317.36,25.12,0.0,609.6,47.9,🟠 RAPID DECLINE,High,3,4
3665,1188.0,1179.68,1171.37,1154.74,33.26,0.7,🟢 STABLE,Low,11,12
3666,1012.8000000000001,818.04,623.28,233.75,779.05,19.2,🟡 DECLINING,Medium,1,1
3667,1158.6,1142.96,1127.32,1096.04,62.56,1.3,🟢 STABLE,Low,11,12
3668,717.0,686.03,655.05,593.1,123.9,4.3,🟢 STABLE,Low,11,12
3669,1338.0,680.24,22.48,0.0,1338.0,49.2,🟠 RAPID DECLINE,High,3,4
3670,291.0,238.5,186.01,81.01,209.99,18.0,🟡 DECLINING,Medium,8,9
3671,901.1999999999999,37.94,0.0,0.0,901.2,95.8,🔴 CRITICAL DECAY,Critical,1,1
3672,841.8000000000001,793.48,745.16,648.52,193.28,5.7,🟢 STABLE,Low,11,12
3673,1221.0,248.72,0.0,0.0,1221.0,79.6,🔴 CRITICAL DECAY,Critical,1,1
3674,549.5999999999999,210.39,0.0,0.0,549.6,61.7,🔴 CRITICAL DECAY,Critical,1,1
3675,246.0,128.07,10.14,0.0,246.0,47.9,🟠 RAPID DECLINE,High,1,1
3676,844.8000000000001,809.66,774.51,704.23,140.57,4.2,🟢 STABLE,Low,11,12
3677,366.6,221.76,76.91,0.0,366.6,39.5,🟠 RAPID DECLINE,High,3,4
3678,1018.8000000000001,833.58,648.36,277.93,740.87,18.2,🟡 DECLINING,Medium,8,9
3679,241.20000000000002,93.25,0.0,0.0,241.2,61.3,🔴 CRITICAL DECAY,Critical,1,1
3680,487.79999999999995,275.61,63.41,0.0,487.8,43.5,🟠 RAPID DECLINE,High,1,1
3681,1212.0,221.55,0.0,0.0,1212.0,81.7,🔴 CRITICAL DECAY,Critical,1,1
3682,829.1999999999999,56.3,0.0,0.0,829.2,93.2,🔴 CRITICAL DECAY,Critical,1,1
3683,654.0,651.58,649.16,644.32,9.68,0.4,🟢 STABLE,Low,11,12
3684,904.1999999999999,600.48,296.76,0.0,904.2,33.6,🟡 DECLINING,Medium,4,5
3685,533.4000000000001,521.77,510.14,486.89,46.51,2.2,🟢 STABLE,Low,11,12
3686,900.0,345.51,0.0,0.0,900.0,61.6,🔴 CRITICAL DECAY,Critical,1,1
3687,1200.0,1048.44,896.88,593.76,606.24,12.6,🟢 STABLE,Low,1,1
3688,1176.6,836.21,495.82,0.0,1176.6,28.9,🟡 DECLINING,Medium,5,6
3689,853.8000000000001,44.23,0.0,0.0,853.8,94.8,🔴 CRITICAL DECAY,Critical,1,1
3690,649.8,352.52,55.23,0.0,649.8,45.7,🟠 RAPID DECLINE,High,1,1
3691,766.8,746.48,726.16,685.52,81.28,2.6,🟢 STABLE,Low,11,12
3692,829.8000000000001,718.94,608.08,386.35,443.45,13.4,🟢 STABLE,Low,11,12
3693,775.8000000000001,768.66,761.53,747.25,28.55,0.9,🟢 STABLE,Low,11,12
3694,1305.0,1272.24,1239.49,1173.98,131.02,2.5,🟢 STABLE,Low,11,12
3695,1186.1999999999998,452.65,0.0,0.0,1186.2,61.8,🔴 CRITICAL DECAY,Critical,1,1
3696,589.8,308.23,26.66,0.0,589.8,47.7,🟠 RAPID DECLINE,High,1,1
3697,1075.1999999999998,745.87,416.53,0.0,1075.2,30.6,🟡 DECLINING,Medium,4,5
3698,999.0,689.41,379.82,0.0,999.0,31.0,🟡 DECLINING,Medium,4,5
3699,843.0,810.88,778.76,714.53,128.47,3.8,🟢 STABLE,Low,11,12
3700,232.79999999999998,203.96,175.11,117.42,115.38,12.4,🟢 STABLE,Low,11,12
3701,294.0,288.24,282.48,270.95,23.05,2.0,🟢 STABLE,Low,11,12
3702,949.8000000000001,393.79,0.0,0.0,949.8,58.5,🟠 RAPID DECLINE,High,1,1
3703,241.20000000000002,236.79,232.37,223.54,17.66,1.8,🟢 STABLE,Low,11,12
3704,876.0,856.29,836.58,797.16,78.84,2.3,🟢 STABLE,Low,11,12
3705,736.8,723.98,711.16,685.52,51.28,1.7,🟢 STABLE,Low,11,12
3706,1011.5999999999999,789.15,566.7,121.8,889.8,22.0,🟡 DECLINING,Medium,6,7
3707,238.79999999999998,237.99,237.18,235.55,3.25,0.3,🟢 STABLE,Low,11,12
3708,244.79999999999998,243.26,241.72,238.63,6.17,0.6,🟢 STABLE,Low,11,12
3709,609.0,227.77,0.0,0.0,609.0,62.6,🔴 CRITICAL DECAY,Critical,1,1
3710,245.39999999999998,237.33,229.25,213.11,32.29,3.3,🟢 STABLE,Low,11,12
3711,909.0,868.46,827.92,746.83,162.17,4.5,🟢 STABLE,Low,11,12
3712,784.8000000000001,750.19,715.58,646.36,138.44,4.4,🟢 STABLE,Low,11,12
3713,964.8000000000001,494.07,23.35,0.0,964.8,48.8,🟠 RAPID DECLINE,High,1,1
3714,717.0,711.98,706.96,696.92,20.08,0.7,🟢 STABLE,Low,11,12
3715,942.0,232.01,0.0,0.0,942.0,75.4,🔴 CRITICAL DECAY,Critical,1,2
3716,1224.0,95.72,0.0,0.0,1224.0,92.2,🔴 CRITICAL DECAY,Critical,1,1
3717,587.4000000000001,562.61,537.82,488.25,99.15,4.2,🟢 STABLE,Low,11,12
3718,1195.8000000000002,781.69,367.59,0.0,1195.8,34.6,🟡 DECLINING,Medium,4,5
3719,219.0,215.28,211.55,204.11,14.89,1.7,🟢 STABLE,Low,11,12
3720,654.5999999999999,599.09,543.58,432.56,222.04,8.5,🟢 STABLE,Low,11,12
3721,247.79999999999998,124.92,2.03,0.0,247.8,49.6,🟠 RAPID DECLINE,High,1,2
3722,487.79999999999995,482.43,477.07,466.34,21.46,1.1,🟢 STABLE,Low,11,12
3723,245.39999999999998,159.76,74.11,0.0,245.4,34.9,🟡 DECLINING,Medium,4,5
3724,297.6,289.06,280.52,263.44,34.16,2.9,🟢 STABLE,Low,11,12
3725,849.5999999999999,70.26,0.0,0.0,849.6,91.7,🔴 CRITICAL DECAY,Critical,1,1
3726,1068.6,343.77,0.0,0.0,1068.6,67.8,🔴 CRITICAL DECAY,Critical,2,3
3727,1159.1999999999998,57.84,0.0,0.0,1159.2,95.0,🔴 CRITICAL DECAY,Critical,1,1
3728,1065.6,983.55,901.5,737.4,328.2,7.7,🟢 STABLE,Low,11,12
3729,240.60000000000002,239.08,237.57,234.54,6.06,0.6,🟢 STABLE,Low,11,12
3730,1254.0,626.5,0.0,0.0,1254.0,50.0,🟠 RAPID DECLINE,High,1,1
3731,837.5999999999999,162.83,0.0,0.0,837.6,80.6,🔴 CRITICAL DECAY,Critical,1,1
3732,925.8000000000001,918.86,911.91,898.03,27.77,0.7,🟢 STABLE,Low,11,12
3733,420.59999999999997,417.7,414.8,408.99,11.61,0.7,🟢 STABLE,Low,11,12
3734,1297.1999999999998,1287.21,1277.22,1257.25,39.95,0.8,🟢 STABLE,Low,11,12
3735,1008.5999999999999,150.18,0.0,0.0,1008.6,85.1,🔴 CRITICAL DECAY,Critical,1,1
3736,242.39999999999998,225.02,207.64,172.88,69.52,7.2,🟢 STABLE,Low,11,12
3737,607.2,376.52,145.85,0.0,607.2,38.0,🟠 RAPID DECLINE,High,1,1
3738,590.4000000000001,352.23,114.07,0.0,590.4,40.3,🟠 RAPID DECLINE,High,3,4
3739,295.20000000000005,279.94,264.68,234.15,61.05,5.2,🟢 STABLE,Low,11,12
3740,859.8000000000001,349.08,0.0,0.0,859.8,59.4,🟠 RAPID DECLINE,High,1,1
3741,1258.8000000000002,1255.9,1253.01,1247.22,11.58,0.2,🟢 STABLE,Low,11,12
3742,1278.0,835.17,392.35,0.0,1278.0,34.7,🟡 DECLINING,Medium,4,5
3743,592.2,383.69,175.17,0.0,592.2,35.2,🟠 RAPID DECLINE,High,4,5
3744,906.0,882.35,858.71,811.41,94.59,2.6,🟢 STABLE,Low,11,12
3745,1131.0,189.56,0.0,0.0,1131.0,83.2,🔴 CRITICAL DECAY,Critical,1,1
3746,827.4000000000001,67.02,0.0,0.0,827.4,91.9,🔴 CRITICAL DECAY,Critical,1,1
3747,702.0,489.64,277.29,0.0,702.0,30.3,🟡 DECLINING,Medium,4,5
3748,946.8000000000001,936.01,925.21,903.63,43.17,1.1,🟢 STABLE,Low,11,12
3749,1126.1999999999998,60.7,0.0,0.0,1126.2,94.6,🔴 CRITICAL DECAY,Critical,1,1
3750,950.4000000000001,825.14,699.87,449.35,501.05,13.2,🟢 STABLE,Low,11,12
3751,1313.4,1128.74,944.07,574.74,738.66,14.1,🟢 STABLE,Low,10,11
3752,710.4000000000001,699.96,689.51,668.63,41.77,1.5,🟢 STABLE,Low,11,12
3753,349.79999999999995,199.07,48.34,0.0,349.8,43.1,🟠 RAPID DECLINE,High,3,4
3754,240.60000000000002,142.36,44.13,0.0,240.6,40.8,🟠 RAPID DECLINE,High,1,1
3755,912.5999999999999,115.08,0.0,0.0,912.6,87.4,🔴 CRITICAL DECAY,Critical,1,1
3756,293.4,88.58,0.0,0.0,293.4,69.8,🔴 CRITICAL DECAY,Critical,1,1
3757,798.0,777.33,756.66,715.33,82.67,2.6,🟢 STABLE,Low,11,12
3758,594.5999999999999,504.16,413.72,232.85,361.75,15.2,🟡 DECLINING,Medium,9,10
3759,1072.1999999999998,205.33,0.0,0.0,1072.2,80.8,🔴 CRITICAL DECAY,Critical,1,1
3760,883.1999999999999,365.11,0.0,0.0,883.2,58.7,🟠 RAPID DECLINE,High,1,2
3761,991.8000000000001,989.32,986.84,981.88,9.92,0.3,🟢 STABLE,Low,11,12
3762,588.0,274.48,0.0,0.0,588.0,53.3,🟠 RAPID DECLINE,High,1,1
3763,964.1999999999999,193.61,0.0,0.0,964.2,79.9,🔴 CRITICAL DECAY,Critical,1,1
3764,302.4,283.59,264.78,227.16,75.24,6.2,🟢 STABLE,Low,11,12
3765,305.4,209.9,114.4,0.0,305.4,31.3,🟡 DECLINING,Medium,4,5
3766,669.5999999999999,265.23,0.0,0.0,669.6,60.4,🔴 CRITICAL DECAY,Critical,1,1
3767,1330.8000000000002,1314.96,1299.13,1267.45,63.35,1.2,🟢 STABLE,Low,11,12
3768,933.0,482.92,32.84,0.0,933.0,48.2,🟠 RAPID DECLINE,High,3,4
3769,314.4,231.12,147.83,0.0,314.4,26.5,🟡 DECLINING,Medium,5,6
3770,238.79999999999998,235.72,232.64,226.48,12.32,1.3,🟢 STABLE,Low,11,12
3771,948.5999999999999,55.78,0.0,0.0,948.6,94.1,🔴 CRITICAL DECAY,Critical,1,1
3772,1140.0,158.0,0.0,0.0,1140.0,86.1,🔴 CRITICAL DECAY,Critical,1,1
3773,302.4,160.54,18.69,0.0,302.4,46.9,🟠 RAPID DECLINE,High,3,4
3774,970.1999999999999,892.1,814.0,657.8,312.4,8.0,🟢 STABLE,Low,11,12
3775,1180.8000000000002,187.63,0.0,0.0,1180.8,84.1,🔴 CRITICAL DECAY,Critical,1,1
3776,676.2,606.21,536.23,396.25,279.95,10.4,🟢 STABLE,Low,11,12
3777,231.60000000000002,230.12,228.64,225.67,5.93,0.6,🟢 STABLE,Low,11,12
3778,604.8,382.78,160.76,0.0,604.8,36.7,🟠 RAPID DECLINE,High,1,2
3779,952.8000000000001,947.85,942.89,932.98,19.82,0.5,🟢 STABLE,Low,1,1
3780,663.0,656.83,650.67,638.34,24.66,0.9,🟢 STABLE,Low,11,12
3781,229.20000000000002,222.99,216.78,204.35,24.85,2.7,🟢 STABLE,Low,11,12
3782,1008.5999999999999,365.42,0.0,0.0,1008.6,63.8,🔴 CRITICAL DECAY,Critical,1,1
3783,1262.4,702.4,142.4,0.0,1262.4,44.4,🟠 RAPID DECLINE,High,1,1
3784,1216.8000000000002,300.31,0.0,0.0,1216.8,75.3,🔴 CRITICAL DECAY,Critical,1,1
3785,1077.6,174.46,0.0,0.0,1077.6,83.8,🔴 CRITICAL DECAY,Critical,1,1
3786,909.0,704.84,500.68,92.35,816.65,22.5,🟡 DECLINING,Medium,6,7
3787,1143.6,935.92,728.24,312.89,830.71,18.2,🟡 DECLINING,Medium,8,9
3788,1317.0,1293.69,1270.38,1223.76,93.24,1.8,🟢 STABLE,Low,1,1
3789,238.20000000000002,187.32,136.44,34.68,203.52,21.4,🟡 DECLINING,Medium,7,8
3790,231.60000000000002,228.2,224.79,217.98,13.62,1.5,🟢 STABLE,Low,11,12
3791,829.1999999999999,176.29,0.0,0.0,829.2,78.7,🔴 CRITICAL DECAY,Critical,1,1
3792,1095.0,331.57,0.0,0.0,1095.0,69.7,🔴 CRITICAL DECAY,Critical,1,1
3793,243.0,182.42,121.84,0.68,242.32,24.9,🟡 DECLINING,Medium,6,7
3794,657.0,418.38,179.76,0.0,657.0,36.3,🟠 RAPID DECLINE,High,4,5
3795,977.4000000000001,223.63,0.0,0.0,977.4,77.1,🔴 CRITICAL DECAY,Critical,1,1
3796,589.2,364.54,139.88,0.0,589.2,38.1,🟠 RAPID DECLINE,High,1,1
3797,962.4000000000001,807.74,653.08,343.77,618.63,16.1,🟡 DECLINING,Medium,9,10
3798,1203.6,214.6,0.0,0.0,1203.6,82.2,🔴 CRITICAL DECAY,Critical,1,1
3799,783.0,735.47,687.94,592.89,190.11,6.1,🟢 STABLE,Low,11,12
3800,1091.4,1080.49,1069.57,1047.74,43.66,1.0,🟢 STABLE,Low,11,12
3801,1025.4,259.73,0.0,0.0,1025.4,74.7,🔴 CRITICAL DECAY,Critical,1,1
3802,240.0,142.01,44.02,0.0,240.0,40.8,🟠 RAPID DECLINE,High,1,1
3803,1129.1999999999998,1104.13,1079.06,1028.93,100.27,2.2,🟢 STABLE,Low,11,12
3804,958.1999999999999,327.13,0.0,0.0,958.2,65.9,🔴 CRITICAL DECAY,Critical,1,2
3805,859.8000000000001,57.52,0.0,0.0,859.8,93.3,🔴 CRITICAL DECAY,Critical,1,1
3806,882.5999999999999,229.48,0.0,0.0,882.6,74.0,🔴 CRITICAL DECAY,Critical,1,2
3807,1255.8000000000002,240.11,0.0,0.0,1255.8,80.9,🔴 CRITICAL DECAY,Critical,1,1
3808,231.60000000000002,105.22,0.0,0.0,231.6,54.6,🟠 RAPID DECLINE,High,1,2
3809,241.79999999999998,235.9,230.0,218.2,23.6,2.4,🟢 STABLE,Low,11,12
3810,534.5999999999999,256.61,0.0,0.0,534.6,52.0,🟠 RAPID DECLINE,High,1,1
3811,653.4000000000001,448.36,243.33,0.0,653.4,31.4,🟡 DECLINING,Medium,4,5
3812,235.79999999999998,229.46,223.11,210.43,25.37,2.7,🟢 STABLE,Low,11,12
3813,1260.0,1206.2,1152.4,1044.79,215.21,4.3,🟢 STABLE,Low,11,12
3814,1064.4,1062.38,1060.36,1056.31,8.09,0.2,🟢 STABLE,Low,11,12
3815,891.0,107.99,0.0,0.0,891.0,87.9,🔴 CRITICAL DECAY,Critical,1,1
3816,901.8000000000001,900.18,898.55,895.31,6.49,0.2,🟢 STABLE,Low,11,12
3817,243.0,240.25,237.51,232.02,10.98,1.1,🟢 STABLE,Low,11,12
3818,1309.1999999999998,1207.87,1106.54,903.87,405.33,7.7,🟢 STABLE,Low,11,12
3819,369.0,359.81,350.62,332.25,36.75,2.5,🟢 STABLE,Low,11,12
3820,1354.8000000000002,1281.91,1209.02,1063.25,291.55,5.4,🟢 STABLE,Low,11,12
3821,890.4000000000001,40.96,0.0,0.0,890.4,95.4,🔴 CRITICAL DECAY,Critical,1,1
3822,1128.6,251.0,0.0,0.0,1128.6,77.8,🔴 CRITICAL DECAY,Critical,1,1
3823,946.1999999999999,945.06,943.93,941.66,4.54,0.1,🟢 STABLE,Low,11,12
3824,663.5999999999999,283.29,0.0,0.0,663.6,57.3,🟠 RAPID DECLINE,High,1,2
3825,232.20000000000002,229.85,227.51,222.82,9.38,1.0,🟢 STABLE,Low,11,12
3826,304.20000000000005,300.85,297.51,290.82,13.38,1.1,🟢 STABLE,Low,11,12
3827,245.39999999999998,233.77,222.14,198.87,46.53,4.7,🟢 STABLE,Low,11,12
3828,232.20000000000002,231.41,230.62,229.04,3.16,0.3,🟢 STABLE,Low,11,12
3829,1212.0,228.22,0.0,0.0,1212.0,81.2,🔴 CRITICAL DECAY,Critical,1,1
3830,1202.4,93.31,0.0,0.0,1202.4,92.2,🔴 CRITICAL DECAY,Critical,1,1
3831,1068.6,808.5,548.41,28.21,1040.39,24.3,🟡 DECLINING,Medium,6,7
3832,943.8000000000001,864.43,785.05,626.31,317.49,8.4,🟢 STABLE,Low,11,12
3833,897.0,802.99,708.99,520.98,376.02,10.5,🟢 STABLE,Low,11,12
3834,841.1999999999999,794.18,747.15,653.11,188.09,5.6,🟢 STABLE,Low,11,12
3835,238.79999999999998,227.48,216.16,193.52,45.28,4.7,🟢 STABLE,Low,11,12
3836,700.2,689.84,679.47,658.75,41.45,1.5,🟢 STABLE,Low,11,12
3837,1267.8000000000002,545.41,0.0,0.0,1267.8,57.0,🟠 RAPID DECLINE,High,1,2
3838,1206.0,348.78,0.0,0.0,1206.0,71.1,🔴 CRITICAL DECAY,Critical,1,1
3839,240.60000000000002,159.11,77.62,0.0,240.6,33.9,🟡 DECLINING,Medium,4,5
3840,307.79999999999995,306.01,304.23,300.66,7.14,0.6,🟢 STABLE,Low,11,12
3841,1158.0,336.86,0.0,0.0,1158.0,70.9,🔴 CRITICAL DECAY,Critical,1,1
3842,1140.0,447.91,0.0,0.0,1140.0,60.7,🔴 CRITICAL DECAY,Critical,2,3
3843,850.1999999999999,125.06,0.0,0.0,850.2,85.3,🔴 CRITICAL DECAY,Critical,1,1
3844,1031.4,985.71,940.02,848.64,182.76,4.4,🟢 STABLE,Low,11,12
3845,886.8000000000001,187.74,0.0,0.0,886.8,78.8,🔴 CRITICAL DECAY,Critical,1,1
3846,545.4000000000001,449.79,354.18,162.97,382.43,17.5,🟡 DECLINING,Medium,8,9
3847,240.0,194.5,148.99,57.98,182.02,19.0,🟡 DECLINING,Medium,7,8
3848,590.4000000000001,378.51,166.61,0.0,590.4,35.9,🟠 RAPID DECLINE,High,4,5
3849,1313.4,1221.07,1128.74,944.07,369.33,7.0,🟢 STABLE,Low,1,1
3850,999.0,992.11,985.21,971.43,27.57,0.7,🟢 STABLE,Low,11,12
3851,231.0,228.6,226.2,221.39,9.61,1.0,🟢 STABLE,Low,11,12
3852,235.79999999999998,150.11,64.42,0.0,235.8,36.3,🟠 RAPID DECLINE,High,4,5
3853,873.5999999999999,745.36,617.11,360.62,512.98,14.7,🟢 STABLE,Low,10,11
3854,1315.8000000000002,959.09,602.37,0.0,1315.8,27.1,🟡 DECLINING,Medium,5,6
3855,780.0,750.36,720.72,661.44,118.56,3.8,🟢 STABLE,Low,11,12
3856,1369.1999999999998,588.21,0.0,0.0,1369.2,57.0,🟠 RAPID DECLINE,High,2,3
3857,247.79999999999998,166.84,85.89,0.0,247.8,32.7,🟡 DECLINING,Medium,4,5
3858,1043.4,991.44,939.48,835.55,207.85,5.0,🟢 STABLE,Low,11,12
3859,1137.0,1084.36,1031.71,926.43,210.57,4.6,🟢 STABLE,Low,11,12
3860,304.20000000000005,281.84,259.48,214.77,89.43,7.4,🟢 STABLE,Low,11,12
3861,1265.4,1226.93,1188.46,1111.53,153.87,3.0,🟢 STABLE,Low,11,12
3862,304.79999999999995,303.67,302.54,300.29,4.51,0.4,🟢 STABLE,Low,11,12
3863,1230.6,214.99,0.0,0.0,1230.6,82.5,🔴 CRITICAL DECAY,Critical,1,1
3864,1202.4,291.22,0.0,0.0,1202.4,75.8,🔴 CRITICAL DECAY,Critical,1,1
3865,288.0,219.25,150.51,13.02,274.98,23.9,🟡 DECLINING,Medium,6,7
3866,307.20000000000005,301.15,295.1,282.99,24.21,2.0,🟢 STABLE,Low,11,12
3867,882.0,871.42,860.83,839.66,42.34,1.2,🟢 STABLE,Low,11,12
3868,888.5999999999999,567.02,245.43,0.0,888.6,36.2,🟠 RAPID DECLINE,High,1,1
3869,1179.0,593.98,8.96,0.0,1179.0,49.6,🟠 RAPID DECLINE,High,1,2
3870,652.8,595.48,538.17,423.54,229.26,8.8,🟢 STABLE,Low,11,12
3871,1218.6,125.27,0.0,0.0,1218.6,89.7,🔴 CRITICAL DECAY,Critical,1,1
3872,1237.1999999999998,590.27,0.0,0.0,1237.2,52.3,🟠 RAPID DECLINE,High,1,2
3873,410.40000000000003,407.65,404.9,399.4,11.0,0.7,🟢 STABLE,Low,11,12
3874,525.0,333.48,141.96,0.0,525.0,36.5,🟠 RAPID DECLINE,High,1,1
3875,1343.4,1174.8,1006.21,669.01,674.39,12.6,🟢 STABLE,Low,11,12
3876,1207.8000000000002,232.86,0.0,0.0,1207.8,80.7,🔴 CRITICAL DECAY,Critical,1,1
3877,671.4000000000001,578.01,484.62,297.83,373.57,13.9,🟢 STABLE,Low,1,1
3878,1392.6,1386.61,1380.62,1368.65,23.95,0.4,🟢 STABLE,Low,11,12
3879,549.0,147.19,0.0,0.0,549.0,73.2,🔴 CRITICAL DECAY,Critical,1,1
3880,984.0,920.53,857.06,730.13,253.87,6.5,🟢 STABLE,Low,11,12
3881,781.8000000000001,780.63,779.45,777.11,4.69,0.1,🟢 STABLE,Low,11,12
3882,537.5999999999999,281.54,25.48,0.0,537.6,47.6,🟠 RAPID DECLINE,High,1,2
3883,957.5999999999999,313.52,0.0,0.0,957.6,67.3,🔴 CRITICAL DECAY,Critical,1,2
3884,1066.1999999999998,266.12,0.0,0.0,1066.2,75.0,🔴 CRITICAL DECAY,Critical,1,1
3885,899.4000000000001,124.48,0.0,0.0,899.4,86.2,🔴 CRITICAL DECAY,Critical,1,1
3886,1282.1999999999998,1265.15,1248.09,1213.99,68.21,1.3,🟢 STABLE,Low,11,12
3887,899.4000000000001,518.41,137.43,0.0,899.4,42.4,🟠 RAPID DECLINE,High,3,4
3888,961.8000000000001,93.01,0.0,0.0,961.8,90.3,🔴 CRITICAL DECAY,Critical,1,1
3889,231.60000000000002,227.69,223.77,215.94,15.66,1.7,🟢 STABLE,Low,11,12
3890,1311.0,972.24,633.48,0.0,1311.0,25.8,🟡 DECLINING,Medium,1,1
3891,673.2,644.86,616.52,559.83,113.37,4.2,🟢 STABLE,Low,11,12
3892,236.39999999999998,180.92,125.43,14.47,221.93,23.5,🟡 DECLINING,Medium,6,7
3893,615.5999999999999,375.64,135.68,0.0,615.6,39.0,🟠 RAPID DECLINE,High,3,4
3894,1423.1999999999998,1414.8,1406.41,1389.61,33.59,0.6,🟢 STABLE,Low,11,12
3895,289.79999999999995,287.05,284.29,278.79,11.01,0.9,🟢 STABLE,Low,11,12
3896,243.60000000000002,233.42,223.24,202.87,40.73,4.2,🟢 STABLE,Low,11,12
3897,1386.0,1381.56,1377.13,1368.26,17.74,0.3,🟢 STABLE,Low,11,12
3898,300.6,290.59,280.58,260.56,40.04,3.3,🟢 STABLE,Low,11,12
3899,1309.1999999999998,681.05,52.89,0.0,1309.2,48.0,🟠 RAPID DECLINE,High,3,4
3900,235.79999999999998,227.9,220.0,204.2,31.6,3.4,🟢 STABLE,Low,11,12
3901,1335.6,1269.09,1202.57,1069.55,266.05,5.0,🟢 STABLE,Low,11,12
3902,358.79999999999995,265.87,172.94,0.0,358.8,25.9,🟡 DECLINING,Medium,5,6
3903,967.1999999999999,794.07,620.94,274.68,692.52,17.9,🟡 DECLINING,Medium,8,9
3904,249.60000000000002,222.59,195.59,141.57,108.03,10.8,🟢 STABLE,Low,11,12
3905,422.40000000000003,244.49,66.57,0.0,422.4,42.1,🟠 RAPID DECLINE,High,3,4
3906,945.5999999999999,109.88,0.0,0.0,945.6,88.4,🔴 CRITICAL DECAY,Critical,1,1
3907,1079.4,700.53,321.66,0.0,1079.4,35.1,🟠 RAPID DECLINE,High,4,5
3908,1392.6,1377.56,1362.52,1332.44,60.16,1.1,🟢 STABLE,Low,11,12
3909,234.60000000000002,233.8,233.0,231.41,3.19,0.3,🟢 STABLE,Low,11,12
3910,1276.8000000000002,517.36,0.0,0.0,1276.8,59.5,🟠 RAPID DECLINE,High,1,1
3911,592.8,449.28,305.77,18.73,574.07,24.2,🟡 DECLINING,Medium,6,7
3912,1383.0,1370.14,1357.28,1331.55,51.45,0.9,🟢 STABLE,Low,11,12
3913,297.6,296.92,296.23,294.86,2.74,0.2,🟢 STABLE,Low,11,12
3914,238.79999999999998,231.28,223.76,208.71,30.09,3.1,🟢 STABLE,Low,11,12
3915,975.0,905.87,836.74,698.49,276.51,7.1,🟢 STABLE,Low,11,12
3916,839.4000000000001,370.01,0.0,0.0,839.4,55.9,🟠 RAPID DECLINE,High,1,2
3917,829.1999999999999,87.48,0.0,0.0,829.2,89.5,🔴 CRITICAL DECAY,Critical,1,1
3918,1082.4,430.69,0.0,0.0,1082.4,60.2,🔴 CRITICAL DECAY,Critical,1,1
3919,1122.6,70.84,0.0,0.0,1122.6,93.7,🔴 CRITICAL DECAY,Critical,1,1
3920,1036.8000000000002,1030.06,1023.32,1009.84,26.96,0.7,🟢 STABLE,Low,11,12
3921,795.5999999999999,759.32,723.04,650.48,145.12,4.6,🟢 STABLE,Low,11,12
3922,1135.8000000000002,577.55,19.31,0.0,1135.8,49.2,🟠 RAPID DECLINE,High,1,1
3923,970.1999999999999,94.89,0.0,0.0,970.2,90.2,🔴 CRITICAL DECAY,Critical,1,1
3924,984.5999999999999,850.2,715.8,447.01,537.59,13.7,🟢 STABLE,Low,10,11
3925,865.1999999999999,816.66,768.12,671.05,194.15,5.6,🟢 STABLE,Low,11,12
3926,416.40000000000003,282.32,148.24,0.0,416.4,32.2,🟡 DECLINING,Medium,4,5
3927,246.60000000000002,142.04,37.48,0.0,246.6,42.4,🟠 RAPID DECLINE,High,3,4
3928,1151.4,490.96,0.0,0.0,1151.4,57.4,🟠 RAPID DECLINE,High,2,3
3929,537.5999999999999,523.94,510.29,482.98,54.62,2.5,🟢 STABLE,Low,11,12
3930,1312.8000000000002,1222.74,1132.68,952.57,360.23,6.9,🟢 STABLE,Low,11,12
3931,852.5999999999999,776.55,700.5,548.39,304.21,8.9,🟢 STABLE,Low,11,12
3932,942.5999999999999,106.99,0.0,0.0,942.6,88.6,🔴 CRITICAL DECAY,Critical,1,1
3933,236.39999999999998,200.66,164.91,93.43,142.97,15.1,🟡 DECLINING,Medium,9,10
3934,483.0,472.66,462.33,441.66,41.34,2.1,🟢 STABLE,Low,11,12
3935,238.20000000000002,237.68,237.15,236.1,2.1,0.2,🟢 STABLE,Low,11,12
3936,819.0,757.41,695.82,572.64,246.36,7.5,🟢 STABLE,Low,11,12
3937,241.79999999999998,128.37,14.94,0.0,241.8,46.9,🟠 RAPID DECLINE,High,3,4
3938,611.4000000000001,458.67,305.94,0.49,610.91,25.0,🟡 DECLINING,Medium,6,7
3939,943.8000000000001,181.68,0.0,0.0,943.8,80.8,🔴 CRITICAL DECAY,Critical,1,1
3940,301.79999999999995,187.99,74.18,0.0,301.8,37.7,🟠 RAPID DECLINE,High,1,2
3941,243.0,181.33,119.65,0.0,243.0,25.4,🟡 DECLINING,Medium,5,6
3942,514.8,80.26,0.0,0.0,514.8,84.4,🔴 CRITICAL DECAY,Critical,1,1
3943,528.0,99.9,0.0,0.0,528.0,81.1,🔴 CRITICAL DECAY,Critical,1,1
3944,243.0,228.3,213.6,184.19,58.81,6.0,🟢 STABLE,Low,11,12
3945,411.0,302.5,193.99,0.0,411.0,26.4,🟡 DECLINING,Medium,5,6
3946,702.0,544.47,386.94,71.88,630.12,22.4,🟡 DECLINING,Medium,1,1
3947,669.5999999999999,526.71,383.81,98.03,571.57,21.3,🟡 DECLINING,Medium,7,8
3948,1066.8000000000002,1003.43,940.06,813.33,253.47,5.9,🟢 STABLE,Low,11,12
3949,691.8,669.04,646.28,600.76,91.04,3.3,🟢 STABLE,Low,11,12
3950,1154.4,246.46,0.0,0.0,1154.4,78.7,🔴 CRITICAL DECAY,Critical,1,1
3951,949.8000000000001,946.1,942.39,934.98,14.82,0.4,🟢 STABLE,Low,11,12
3952,1296.6,1285.84,1275.08,1253.55,43.05,0.8,🟢 STABLE,Low,11,12
3953,892.8000000000001,337.21,0.0,0.0,892.8,62.2,🔴 CRITICAL DECAY,Critical,1,1
3954,1137.6,212.5,0.0,0.0,1137.6,81.3,🔴 CRITICAL DECAY,Critical,1,1
3955,550.8,277.6,4.41,0.0,550.8,49.6,🟠 RAPID DECLINE,High,1,1
3956,1263.6,107.03,0.0,0.0,1263.6,91.5,🔴 CRITICAL DECAY,Critical,1,1
3957,1231.1999999999998,1179.49,1127.78,1024.36,206.84,4.2,🟢 STABLE,Low,11,12
3958,886.1999999999999,451.52,16.84,0.0,886.2,49.0,🟠 RAPID DECLINE,High,1,1
3959,736.2,700.35,664.49,592.79,143.41,4.9,🟢 STABLE,Low,11,12
3960,690.5999999999999,355.31,20.03,0.0,690.6,48.6,🟠 RAPID DECLINE,High,1,2
3961,351.0,181.85,12.71,0.0,351.0,48.2,🟠 RAPID DECLINE,High,3,4
3962,1014.5999999999999,81.17,0.0,0.0,1014.6,92.0,🔴 CRITICAL DECAY,Critical,1,1
3963,235.20000000000002,234.59,233.98,232.75,2.45,0.3,🟢 STABLE,Low,11,12
3964,1341.0,1328.66,1316.33,1291.65,49.35,0.9,🟢 STABLE,Low,11,12
3965,1278.0,902.27,526.54,0.0,1278.0,29.4,🟡 DECLINING,Medium,5,6
3966,1292.4,1287.75,1283.09,1273.79,18.61,0.4,🟢 STABLE,Low,11,12
3967,231.60000000000002,222.78,213.95,196.3,35.3,3.8,🟢 STABLE,Low,11,12
3968,240.60000000000002,240.07,239.54,238.48,2.12,0.2,🟢 STABLE,Low,11,12
3969,839.4000000000001,372.19,0.0,0.0,839.4,55.7,🟠 RAPID DECLINE,High,1,1
3970,764.4000000000001,702.18,639.96,515.51,248.89,8.1,🟢 STABLE,Low,11,12
3971,297.0,293.73,290.47,283.93,13.07,1.1,🟢 STABLE,Low,11,12
3972,610.8,578.92,547.03,483.26,127.54,5.2,🟢 STABLE,Low,11,12
3973,724.8,684.5,644.2,563.6,161.2,5.6,🟢 STABLE,Low,11,12
3974,951.0,899.84,848.67,746.34,204.66,5.4,🟢 STABLE,Low,11,12
3975,1029.6,243.81,0.0,0.0,1029.6,76.3,🔴 CRITICAL DECAY,Critical,1,1
3976,293.4,93.1,0.0,0.0,293.4,68.3,🔴 CRITICAL DECAY,Critical,1,1
3977,1321.1999999999998,1304.29,1287.38,1253.55,67.65,1.3,🟢 STABLE,Low,11,12
3978,1088.4,230.2,0.0,0.0,1088.4,78.8,🔴 CRITICAL DECAY,Critical,1,1
3979,303.6,302.23,300.87,298.14,5.46,0.5,🟢 STABLE,Low,11,12
3980,1268.4,303.53,0.0,0.0,1268.4,76.1,🔴 CRITICAL DECAY,Critical,1,1
3981,1022.4000000000001,126.57,0.0,0.0,1022.4,87.6,🔴 CRITICAL DECAY,Critical,1,1
3982,292.20000000000005,291.59,290.97,289.75,2.45,0.2,🟢 STABLE,Low,11,12
3983,291.0,46.07,0.0,0.0,291.0,84.2,🔴 CRITICAL DECAY,Critical,1,1
3984,301.20000000000005,300.24,299.27,297.34,3.86,0.3,🟢 STABLE,Low,11,12
3985,654.5999999999999,595.95,537.3,419.99,234.61,9.0,🟢 STABLE,Low,11,12
3986,1159.1999999999998,1149.93,1140.65,1122.11,37.09,0.8,🟢 STABLE,Low,11,12
3987,918.0,138.53,0.0,0.0,918.0,84.9,🔴 CRITICAL DECAY,Critical,1,1
3988,973.8000000000001,951.6,929.39,884.99,88.81,2.3,🟢 STABLE,Low,11,12
3989,462.0,363.18,264.36,66.71,395.29,21.4,🟡 DECLINING,Medium,7,8
3990,1114.8000000000002,254.73,0.0,0.0,1114.8,77.2,🔴 CRITICAL DECAY,Critical,1,1
3991,1122.0,92.56,0.0,0.0,1122.0,91.8,🔴 CRITICAL DECAY,Critical,1,1
3992,1016.4000000000001,1014.67,1012.94,1009.49,6.91,0.2,🟢 STABLE,Low,11,12
3993,792.0,788.83,785.66,779.33,12.67,0.4,🟢 STABLE,Low,11,12
3994,1218.0,865.02,512.05,0.0,1218.0,29.0,🟡 DECLINING,Medium,5,6
3995,898.8000000000001,793.1,687.4,476.0,422.8,11.8,🟢 STABLE,Low,11,12
3996,249.0,247.46,245.91,242.82,6.18,0.6,🟢 STABLE,Low,11,12
3997,737.4000000000001,723.24,709.08,680.77,56.63,1.9,🟢 STABLE,Low,11,12
3998,654.0,615.81,577.61,501.23,152.77,5.8,🟢 STABLE,Low,11,12
3999,835.1999999999999,133.21,0.0,0.0,835.2,84.1,🔴 CRITICAL DECAY,Critical,1,1
4000,1197.0,458.93,0.0,0.0,1197.0,61.7,🔴 CRITICAL DECAY,Critical,1,1
4001,1317.0,1267.61,1218.22,1119.45,197.55,3.8,🟢 STABLE,Low,11,12
4002,970.1999999999999,968.84,967.48,964.77,5.43,0.1,🟢 STABLE,Low,11,12
4003,243.60000000000002,241.82,240.04,236.49,7.11,0.7,🟢 STABLE,Low,11,12
4004,813.5999999999999,812.05,810.51,807.42,6.18,0.2,🟢 STABLE,Low,11,12
4005,288.6,138.64,0.0,0.0,288.6,52.0,🟠 RAPID DECLINE,High,2,3
4006,237.60000000000002,237.34,237.08,236.55,1.05,0.1,🟢 STABLE,Low,11,12
4007,308.4,305.01,301.62,294.83,13.57,1.1,🟢 STABLE,Low,11,12
4008,673.8,630.68,587.55,501.31,172.49,6.4,🟢 STABLE,Low,11,12
4009,1040.4,1032.91,1025.42,1010.44,29.96,0.7,🟢 STABLE,Low,11,12
4010,244.79999999999998,127.44,10.09,0.0,244.8,47.9,🟠 RAPID DECLINE,High,1,1
4011,235.79999999999998,232.92,230.05,224.29,11.51,1.2,🟢 STABLE,Low,11,12
4012,606.5999999999999,330.84,55.08,0.0,606.6,45.5,🟠 RAPID DECLINE,High,1,2
4013,652.2,346.71,41.22,0.0,652.2,46.8,🟠 RAPID DECLINE,High,3,4
4014,1297.1999999999998,1022.71,748.22,199.25,1097.95,21.2,🟡 DECLINING,Medium,7,8
4015,653.4000000000001,647.72,642.03,630.66,22.74,0.9,🟢 STABLE,Low,11,12
4016,544.2,290.22,36.24,0.0,544.2,46.7,🟠 RAPID DECLINE,High,1,2
4017,708.0,699.08,690.16,672.32,35.68,1.3,🟢 STABLE,Low,11,12
4018,833.4000000000001,780.9,728.39,623.38,210.02,6.3,🟢 STABLE,Low,11,12
4019,1206.6,158.31,0.0,0.0,1206.6,86.9,🔴 CRITICAL DECAY,Critical,1,1
4020,779.4000000000001,776.75,774.1,768.8,10.6,0.3,🟢 STABLE,Low,11,12
4021,246.0,80.17,0.0,0.0,246.0,67.4,🔴 CRITICAL DECAY,Critical,1,1
4022,226.20000000000002,171.84,117.49,8.78,217.42,24.0,🟡 DECLINING,Medium,6,7
4023,237.60000000000002,230.69,223.77,209.94,27.66,2.9,🟢 STABLE,Low,11,12
4024,300.6,169.42,38.24,0.0,300.6,43.6,🟠 RAPID DECLINE,High,3,4
4025,897.5999999999999,439.64,0.0,0.0,897.6,51.0,🟠 RAPID DECLINE,High,1,1
4026,1371.6,1367.76,1363.92,1356.24,15.36,0.3,🟢 STABLE,Low,11,12
4027,293.4,183.35,73.29,0.0,293.4,37.5,🟠 RAPID DECLINE,High,1,1
4028,1310.4,1289.83,1269.25,1228.11,82.29,1.6,🟢 STABLE,Low,11,12
4029,540.5999999999999,538.49,536.38,532.17,8.43,0.4,🟢 STABLE,Low,11,12
4030,612.0,430.85,249.7,0.0,612.0,29.6,🟡 DECLINING,Medium,1,1
4031,1325.4,1310.42,1295.45,1265.49,59.91,1.1,🟢 STABLE,Low,11,12
4032,1015.8000000000001,778.92,542.03,68.26,947.54,23.3,🟡 DECLINING,Medium,6,7
4033,720.5999999999999,699.63,678.66,636.72,83.88,2.9,🟢 STABLE,Low,11,12
4034,535.8,472.2,408.6,281.4,254.4,11.9,🟢 STABLE,Low,11,12
4035,1119.0,1037.65,956.3,793.59,325.41,7.3,🟢 STABLE,Low,11,12
4036,243.0,139.85,36.69,0.0,243.0,42.4,🟠 RAPID DECLINE,High,3,4
4037,305.4,302.65,299.9,294.41,10.99,0.9,🟢 STABLE,Low,11,12
4038,247.20000000000002,245.25,243.29,239.39,7.81,0.8,🟢 STABLE,Low,11,12
4039,1129.1999999999998,89.43,0.0,0.0,1129.2,92.1,🔴 CRITICAL DECAY,Critical,1,1
4040,417.59999999999997,408.96,400.31,383.02,34.58,2.1,🟢 STABLE,Low,11,12
4041,729.0,724.33,719.67,710.34,18.66,0.6,🟢 STABLE,Low,11,12
4042,616.2,240.93,0.0,0.0,616.2,60.9,🔴 CRITICAL DECAY,Critical,1,1
4043,768.5999999999999,758.84,749.08,729.56,39.04,1.3,🟢 STABLE,Low,11,12
4044,1017.5999999999999,1011.9,1006.2,994.81,22.79,0.6,🟢 STABLE,Low,11,12
4045,852.0,213.77,0.0,0.0,852.0,74.9,🔴 CRITICAL DECAY,Critical,1,1
4046,601.8,563.89,525.97,450.15,151.65,6.3,🟢 STABLE,Low,11,12
4047,1135.1999999999998,1114.77,1094.33,1053.47,81.73,1.8,🟢 STABLE,Low,11,12
4048,717.0,711.91,706.82,696.64,20.36,0.7,🟢 STABLE,Low,11,12
4049,1203.0,964.81,726.61,250.22,952.78,19.8,🟡 DECLINING,Medium,7,8
4050,1186.8000000000002,351.17,0.0,0.0,1186.8,70.4,🔴 CRITICAL DECAY,Critical,1,1
4051,1172.4,1158.68,1144.97,1117.53,54.87,1.2,🟢 STABLE,Low,11,12
4052,483.59999999999997,337.46,191.31,0.0,483.6,30.2,🟡 DECLINING,Medium,1,1
4053,723.0,675.5,628.0,533.0,190.0,6.6,🟢 STABLE,Low,11,12
4054,675.0,378.54,82.08,0.0,675.0,43.9,🟠 RAPID DECLINE,High,3,4
4055,554.4000000000001,549.3,544.2,534.0,20.4,0.9,🟢 STABLE,Low,11,12
4056,607.2,204.32,0.0,0.0,607.2,66.4,🔴 CRITICAL DECAY,Critical,1,1
4057,298.79999999999995,297.55,296.29,293.78,5.02,0.4,🟢 STABLE,Low,11,12
4058,1018.1999999999999,427.13,0.0,0.0,1018.2,58.1,🟠 RAPID DECLINE,High,1,1
4059,788.4000000000001,587.99,387.58,0.0,788.4,25.4,🟡 DECLINING,Medium,5,6
4060,760.2,755.18,750.17,740.13,20.07,0.7,🟢 STABLE,Low,11,12
4061,601.2,552.02,502.84,404.49,196.71,8.2,🟢 STABLE,Low,11,12
4062,846.0,88.41,0.0,0.0,846.0,89.5,🔴 CRITICAL DECAY,Critical,1,1
4063,1138.1999999999998,134.08,0.0,0.0,1138.2,88.2,🔴 CRITICAL DECAY,Critical,1,1
4064,601.8,342.97,84.13,0.0,601.8,43.0,🟠 RAPID DECLINE,High,3,4
4065,237.0,138.55,40.1,0.0,237.0,41.5,🟠 RAPID DECLINE,High,1,1
4066,775.8000000000001,767.03,758.27,740.73,35.07,1.1,🟢 STABLE,Low,11,12
4067,955.1999999999999,946.79,938.39,921.58,33.62,0.9,🟢 STABLE,Low,11,12
4068,234.0,222.96,211.91,189.82,44.18,4.7,🟢 STABLE,Low,11,12
4069,1194.6,1172.98,1151.36,1108.11,86.49,1.8,🟢 STABLE,Low,11,12
4070,888.0,472.33,56.65,0.0,888.0,46.8,🟠 RAPID DECLINE,High,1,2
4071,466.79999999999995,289.98,113.15,0.0,466.8,37.9,🟠 RAPID DECLINE,High,1,1
4072,954.5999999999999,199.8,0.0,0.0,954.6,79.1,🔴 CRITICAL DECAY,Critical,1,2
4073,785.4000000000001,640.96,496.53,207.66,577.74,18.4,🟡 DECLINING,Medium,8,9
4074,1184.4,334.36,0.0,0.0,1184.4,71.8,🔴 CRITICAL DECAY,Critical,1,1
4075,555.5999999999999,481.26,406.92,258.24,297.36,13.4,🟢 STABLE,Low,11,12
4076,1192.1999999999998,1184.33,1176.46,1160.73,31.47,0.7,🟢 STABLE,Low,11,12
4077,1149.6,333.15,0.0,0.0,1149.6,71.0,🔴 CRITICAL DECAY,Critical,1,1
4078,810.0,792.18,774.36,738.72,71.28,2.2,🟢 STABLE,Low,11,12
4079,937.8000000000001,197.03,0.0,0.0,937.8,79.0,🔴 CRITICAL DECAY,Critical,1,1
4080,313.20000000000005,307.44,301.67,290.15,23.05,1.8,🟢 STABLE,Low,11,12
4081,835.1999999999999,44.85,0.0,0.0,835.2,94.6,🔴 CRITICAL DECAY,Critical,1,1
4082,1012.1999999999999,905.11,798.02,583.84,428.36,10.6,🟢 STABLE,Low,11,12
4083,1202.4,696.55,190.7,0.0,1202.4,42.1,🟠 RAPID DECLINE,High,1,1
4084,936.5999999999999,76.33,0.0,0.0,936.6,91.9,🔴 CRITICAL DECAY,Critical,1,1
4085,484.20000000000005,425.08,365.96,247.72,236.48,12.2,🟢 STABLE,Low,11,12
4086,950.4000000000001,946.12,941.85,933.29,17.11,0.5,🟢 STABLE,Low,11,12
4087,250.79999999999998,182.68,114.57,0.0,250.8,27.2,🟡 DECLINING,Medium,5,6
4088,883.1999999999999,260.46,0.0,0.0,883.2,70.5,🔴 CRITICAL DECAY,Critical,1,1
4089,897.0,159.22,0.0,0.0,897.0,82.2,🔴 CRITICAL DECAY,Critical,1,1
4090,598.8,478.86,358.92,119.04,479.76,20.0,🟡 DECLINING,Medium,7,8
4091,826.8000000000001,631.01,435.23,43.66,783.14,23.7,🟡 DECLINING,Medium,6,7
4092,243.0,76.81,0.0,0.0,243.0,68.4,🔴 CRITICAL DECAY,Critical,1,1
4093,912.0,320.57,0.0,0.0,912.0,64.8,🔴 CRITICAL DECAY,Critical,2,3
4094,888.0,207.08,0.0,0.0,888.0,76.7,🔴 CRITICAL DECAY,Critical,1,2
4095,987.5999999999999,564.51,141.42,0.0,987.6,42.8,🟠 RAPID DECLINE,High,3,4
4096,1072.8000000000002,663.1,253.4,0.0,1072.8,38.2,🟠 RAPID DECLINE,High,3,4
4097,1189.8000000000002,1119.96,1050.12,910.43,279.37,5.9,🟢 STABLE,Low,11,12
4098,242.39999999999998,88.86,0.0,0.0,242.4,63.3,🔴 CRITICAL DECAY,Critical,1,1
4099,353.4,274.84,196.28,39.16,314.24,22.2,🟡 DECLINING,Medium,6,7
4100,237.60000000000002,235.25,232.9,228.19,9.41,1.0,🟢 STABLE,Low,11,12
4101,709.8,568.69,427.58,145.37,564.43,19.9,🟡 DECLINING,Medium,7,8
4102,537.0,313.29,89.57,0.0,537.0,41.7,🟠 RAPID DECLINE,High,3,4
4103,1089.6,1086.11,1082.63,1075.65,13.95,0.3,🟢 STABLE,Low,11,12
4104,594.5999999999999,474.67,354.74,114.88,479.72,20.2,🟡 DECLINING,Medium,7,8
4105,1280.4,1259.02,1237.63,1194.87,85.53,1.7,🟢 STABLE,Low,11,12
4106,1122.6,251.91,0.0,0.0,1122.6,77.6,🔴 CRITICAL DECAY,Critical,1,1
4107,1133.4,1124.45,1115.49,1097.58,35.82,0.8,🟢 STABLE,Low,11,12
4108,233.39999999999998,228.85,224.3,215.19,18.21,1.9,🟢 STABLE,Low,11,12
4109,300.6,66.37,0.0,0.0,300.6,77.9,🔴 CRITICAL DECAY,Critical,1,1
4110,815.4000000000001,810.02,804.64,793.87,21.53,0.7,🟢 STABLE,Low,11,12
4111,783.0,769.61,756.22,729.44,53.56,1.7,🟢 STABLE,Low,11,12
4112,1193.4,1071.08,948.75,704.11,489.29,10.2,🟢 STABLE,Low,11,12
4113,244.20000000000002,238.46,232.72,221.25,22.95,2.4,🟢 STABLE,Low,11,12
4114,239.39999999999998,237.58,235.76,232.12,7.28,0.8,🟢 STABLE,Low,11,12
4115,928.8000000000001,908.83,888.86,848.92,79.88,2.2,🟢 STABLE,Low,11,12
4116,236.39999999999998,221.93,207.46,178.53,57.87,6.1,🟢 STABLE,Low,11,12
4117,1196.4,1168.4,1140.41,1084.42,111.98,2.3,🟢 STABLE,Low,11,12
4118,897.5999999999999,588.74,279.87,0.0,897.6,34.4,🟡 DECLINING,Medium,4,5
4119,229.79999999999998,222.42,215.05,200.29,29.51,3.2,🟢 STABLE,Low,11,12
4120,947.4000000000001,892.07,836.74,726.09,221.31,5.8,🟢 STABLE,Low,11,12
4121,1146.6,371.73,0.0,0.0,1146.6,67.6,🔴 CRITICAL DECAY,Critical,1,1
4122,754.2,742.36,730.52,706.84,47.36,1.6,🟢 STABLE,Low,11,12
4123,858.5999999999999,699.59,540.57,222.55,636.05,18.5,🟡 DECLINING,Medium,8,9
4124,1139.4,234.03,0.0,0.0,1139.4,79.5,🔴 CRITICAL DECAY,Critical,1,1
4125,1033.1999999999998,793.5,553.8,74.39,958.81,23.2,🟡 DECLINING,Medium,6,7
4126,234.60000000000002,154.81,75.03,0.0,234.6,34.0,🟡 DECLINING,Medium,4,5
4127,297.6,295.64,293.67,289.74,7.86,0.7,🟢 STABLE,Low,11,12
4128,471.59999999999997,252.87,34.14,0.0,471.6,46.4,🟠 RAPID DECLINE,High,1,1
4129,1008.5999999999999,802.74,596.89,185.18,823.42,20.4,🟡 DECLINING,Medium,7,8
4130,435.0,306.89,178.78,0.0,435.0,29.5,🟡 DECLINING,Medium,5,6
4131,243.0,76.81,0.0,0.0,243.0,68.4,🔴 CRITICAL DECAY,Critical,1,1
4132,286.79999999999995,133.96,0.0,0.0,286.8,53.3,🟠 RAPID DECLINE,High,1,1
4133,1183.1999999999998,607.45,31.71,0.0,1183.2,48.7,🟠 RAPID DECLINE,High,3,4
4134,1243.8000000000002,633.96,24.13,0.0,1243.8,49.0,🟠 RAPID DECLINE,High,1,1
4135,1114.8000000000002,1105.1,1095.4,1076.0,38.8,0.9,🟢 STABLE,Low,11,12
4136,238.79999999999998,230.66,222.51,206.23,32.57,3.4,🟢 STABLE,Low,11,12
4137,241.20000000000002,153.62,66.04,0.0,241.2,36.3,🟠 RAPID DECLINE,High,4,5
4138,1025.4,34.66,0.0,0.0,1025.4,96.6,🔴 CRITICAL DECAY,Critical,1,1
4139,966.0,209.43,0.0,0.0,966.0,78.3,🔴 CRITICAL DECAY,Critical,1,1
4140,1198.8000000000002,1108.05,1017.3,835.8,363.0,7.6,🟢 STABLE,Low,11,12
4141,478.20000000000005,349.28,220.35,0.0,478.2,27.0,🟡 DECLINING,Medium,5,6
4142,726.0,705.02,684.04,642.07,83.93,2.9,🟢 STABLE,Low,11,12
4143,1017.5999999999999,255.11,0.0,0.0,1017.6,74.9,🔴 CRITICAL DECAY,Critical,1,1
4144,1246.1999999999998,935.9,625.59,4.98,1241.22,24.9,🟡 DECLINING,Medium,1,1
4145,813.5999999999999,706.69,599.79,385.97,427.63,13.1,🟢 STABLE,Low,11,12
4146,902.4000000000001,426.93,0.0,0.0,902.4,52.7,🟠 RAPID DECLINE,High,1,1
4147,298.20000000000005,297.45,296.71,295.22,2.98,0.3,🟢 STABLE,Low,11,12
4148,232.20000000000002,195.54,158.87,85.54,146.66,15.8,🟡 DECLINING,Medium,9,10
4149,592.2,549.56,506.92,421.65,170.55,7.2,🟢 STABLE,Low,1,1
4150,1068.0,168.42,0.0,0.0,1068.0,84.2,🔴 CRITICAL DECAY,Critical,1,1
4151,660.0,382.47,104.94,0.0,660.0,42.0,🟠 RAPID DECLINE,High,3,4
4152,913.8000000000001,908.13,902.47,891.14,22.66,0.6,🟢 STABLE,Low,11,12
4153,243.60000000000002,236.15,228.69,213.78,29.82,3.1,🟢 STABLE,Low,11,12
4154,898.8000000000001,192.16,0.0,0.0,898.8,78.6,🔴 CRITICAL DECAY,Critical,1,1
4155,1408.1999999999998,1403.41,1398.62,1389.05,19.15,0.3,🟢 STABLE,Low,11,12
4156,237.0,89.97,0.0,0.0,237.0,62.0,🔴 CRITICAL DECAY,Critical,1,1
4157,542.4000000000001,457.35,372.3,202.21,340.19,15.7,🟡 DECLINING,Medium,9,10
4158,302.4,299.89,297.38,292.36,10.04,0.8,🟢 STABLE,Low,11,12
4159,1077.0,968.98,860.95,644.91,432.09,10.0,🟢 STABLE,Low,11,12
4160,900.0,836.1,772.2,644.4,255.6,7.1,🟢 STABLE,Low,11,12
4161,599.4000000000001,183.66,0.0,0.0,599.4,69.4,🔴 CRITICAL DECAY,Critical,1,1
4162,788.4000000000001,787.06,785.72,783.04,5.36,0.2,🟢 STABLE,Low,11,12
4163,804.5999999999999,754.71,704.83,605.06,199.54,6.2,🟢 STABLE,Low,11,12
4164,1330.8000000000002,1324.01,1317.23,1303.65,27.15,0.5,🟢 STABLE,Low,11,12
4165,1055.4,201.9,0.0,0.0,1055.4,80.9,🔴 CRITICAL DECAY,Critical,1,1
4166,237.60000000000002,233.3,229.0,220.4,17.2,1.8,🟢 STABLE,Low,11,12
4167,908.4000000000001,885.69,862.98,817.56,90.84,2.5,🟢 STABLE,Low,11,12
4168,745.8,737.67,729.54,713.28,32.52,1.1,🟢 STABLE,Low,11,12
4169,1215.0,269.37,0.0,0.0,1215.0,77.8,🔴 CRITICAL DECAY,Critical,1,1
4170,1381.8000000000002,1375.58,1369.36,1356.93,24.87,0.5,🟢 STABLE,Low,11,12
4171,227.39999999999998,161.52,95.64,0.0,227.4,29.0,🟡 DECLINING,Medium,5,6
4172,234.0,120.09,6.18,0.0,234.0,48.7,🟠 RAPID DECLINE,High,1,2
4173,1038.6,124.53,0.0,0.0,1038.6,88.0,🔴 CRITICAL DECAY,Critical,1,1
4174,343.20000000000005,234.51,125.82,0.0,343.2,31.7,🟡 DECLINING,Medium,4,5
4175,244.79999999999998,237.99,231.19,217.58,27.22,2.8,🟢 STABLE,Low,11,12
4176,237.60000000000002,229.17,220.73,203.86,33.74,3.5,🟢 STABLE,Low,11,12
4177,547.8,521.12,494.44,441.09,106.71,4.9,🟢 STABLE,Low,11,12
4178,676.8,672.6,668.41,660.02,16.78,0.6,🟢 STABLE,Low,11,12
4179,879.5999999999999,239.34,0.0,0.0,879.6,72.8,🔴 CRITICAL DECAY,Critical,1,2
4180,292.20000000000005,122.26,0.0,0.0,292.2,58.2,🟠 RAPID DECLINE,High,1,1
4181,1216.1999999999998,643.98,71.76,0.0,1216.2,47.0,🟠 RAPID DECLINE,High,1,1
4182,1183.8000000000002,350.64,0.0,0.0,1183.8,70.4,🔴 CRITICAL DECAY,Critical,1,1
4183,403.20000000000005,339.58,275.95,148.7,254.5,15.8,🟡 DECLINING,Medium,9,10
4184,958.8000000000001,323.6,0.0,0.0,958.8,66.2,🔴 CRITICAL DECAY,Critical,1,1
4185,248.39999999999998,139.38,30.35,0.0,248.4,43.9,🟠 RAPID DECLINE,High,1,2
4186,1248.6,1159.82,1071.05,893.5,355.1,7.1,🟢 STABLE,Low,11,12
4187,243.0,240.96,238.92,234.84,8.16,0.8,🟢 STABLE,Low,11,12
4188,1239.6,323.54,0.0,0.0,1239.6,73.9,🔴 CRITICAL DECAY,Critical,1,1
4189,884.4000000000001,861.14,837.88,791.36,93.04,2.6,🟢 STABLE,Low,11,12
4190,1154.4,116.71,0.0,0.0,1154.4,89.9,🔴 CRITICAL DECAY,Critical,1,1
4191,1305.0,836.9,368.79,0.0,1305.0,35.9,🟠 RAPID DECLINE,High,4,5
4192,241.79999999999998,234.35,226.91,212.01,29.79,3.1,🟢 STABLE,Low,11,12
4193,237.0,204.65,172.3,107.6,129.4,13.6,🟢 STABLE,Low,10,11
4194,311.4,310.19,308.97,306.54,4.86,0.4,🟢 STABLE,Low,11,12
4195,840.5999999999999,752.17,663.74,486.88,353.72,10.5,🟢 STABLE,Low,11,12
4196,288.6,287.33,286.06,283.52,5.08,0.4,🟢 STABLE,Low,11,12
4197,1017.0,493.35,0.0,0.0,1017.0,51.5,🟠 RAPID DECLINE,High,1,1
4198,276.6,272.29,267.97,259.34,17.26,1.6,🟢 STABLE,Low,11,12
4199,1249.8000000000002,523.92,0.0,0.0,1249.8,58.1,🟠 RAPID DECLINE,High,1,1
4200,719.4000000000001,713.57,707.75,696.09,23.31,0.8,🟢 STABLE,Low,11,12
4201,234.60000000000002,234.15,233.71,232.82,1.78,0.2,🟢 STABLE,Low,11,12
4202,235.20000000000002,226.29,217.37,199.54,35.66,3.8,🟢 STABLE,Low,11,12
4203,240.60000000000002,234.2,227.8,215.0,25.6,2.7,🟢 STABLE,Low,11,12
4204,1026.6,159.74,0.0,0.0,1026.6,84.4,🔴 CRITICAL DECAY,Critical,1,1
4205,943.1999999999999,932.07,920.94,898.68,44.52,1.2,🟢 STABLE,Low,11,12
4206,1401.6,1397.54,1393.47,1385.34,16.26,0.3,🟢 STABLE,Low,11,12
4207,522.5999999999999,410.4,298.2,73.79,448.81,21.5,🟡 DECLINING,Medium,6,7
4208,729.5999999999999,666.78,603.96,478.33,251.27,8.6,🟢 STABLE,Low,11,12
4209,658.8,624.74,590.68,522.56,136.24,5.2,🟢 STABLE,Low,11,12
4210,782.4000000000001,770.98,759.55,736.71,45.69,1.5,🟢 STABLE,Low,11,12
4211,1235.4,534.06,0.0,0.0,1235.4,56.8,🟠 RAPID DECLINE,High,1,1
4212,1087.1999999999998,71.86,0.0,0.0,1087.2,93.4,🔴 CRITICAL DECAY,Critical,1,1
4213,609.5999999999999,324.73,39.87,0.0,609.6,46.7,🟠 RAPID DECLINE,High,1,1
4214,1080.6,89.47,0.0,0.0,1080.6,91.7,🔴 CRITICAL DECAY,Critical,1,1
4215,1298.4,1265.81,1233.22,1168.04,130.36,2.5,🟢 STABLE,Low,11,12
4216,1104.0,1102.68,1101.35,1098.7,5.3,0.1,🟢 STABLE,Low,11,12
4217,901.1999999999999,187.27,0.0,0.0,901.2,79.2,🔴 CRITICAL DECAY,Critical,1,1
4218,300.6,179.37,58.14,0.0,300.6,40.3,🟠 RAPID DECLINE,High,3,4
4219,901.8000000000001,858.78,815.77,729.74,172.06,4.8,🟢 STABLE,Low,11,12
4220,234.0,227.59,221.18,208.35,25.65,2.7,🟢 STABLE,Low,11,12
4221,231.60000000000002,193.18,154.76,77.91,153.69,16.6,🟡 DECLINING,Medium,9,10
4222,1346.4,1137.98,929.55,512.71,833.69,15.5,🟡 DECLINING,Medium,9,10
4223,843.5999999999999,174.63,0.0,0.0,843.6,79.3,🔴 CRITICAL DECAY,Critical,1,1
4224,235.20000000000002,234.59,233.98,232.75,2.45,0.3,🟢 STABLE,Low,11,12
4225,243.0,151.07,59.15,0.0,243.0,37.8,🟠 RAPID DECLINE,High,3,4
4226,910.1999999999999,141.99,0.0,0.0,910.2,84.4,🔴 CRITICAL DECAY,Critical,1,1
4227,967.8000000000001,962.67,957.54,947.28,20.52,0.5,🟢 STABLE,Low,11,12
4228,822.0,175.41,0.0,0.0,822.0,78.7,🔴 CRITICAL DECAY,Critical,1,1
4229,1389.0,1383.44,1377.89,1366.78,22.22,0.4,🟢 STABLE,Low,11,12
4230,882.0,289.91,0.0,0.0,882.0,67.1,🔴 CRITICAL DECAY,Critical,1,1
4231,967.1999999999999,965.85,964.49,961.78,5.42,0.1,🟢 STABLE,Low,11,12
4232,839.4000000000001,69.42,0.0,0.0,839.4,91.7,🔴 CRITICAL DECAY,Critical,1,1
4233,714.5999999999999,709.24,703.88,693.16,21.44,0.8,🟢 STABLE,Low,11,12
4234,228.60000000000002,221.81,215.02,201.44,27.16,3.0,🟢 STABLE,Low,11,12
4235,1147.8000000000002,1101.2,1054.6,961.4,186.4,4.1,🟢 STABLE,Low,11,12
4236,239.39999999999998,171.31,103.23,0.0,239.4,28.4,🟡 DECLINING,Medium,5,6
4237,840.5999999999999,417.44,0.0,0.0,840.6,50.3,🟠 RAPID DECLINE,High,1,1
4238,232.79999999999998,226.42,220.04,207.29,25.51,2.7,🟢 STABLE,Low,11,12
4239,433.20000000000005,415.44,397.68,362.16,71.04,4.1,🟢 STABLE,Low,11,12
4240,1128.0,121.6,0.0,0.0,1128.0,89.2,🔴 CRITICAL DECAY,Critical,1,1
4241,733.8,649.85,565.91,398.01,335.79,11.4,🟢 STABLE,Low,11,12
4242,237.0,121.63,6.26,0.0,237.0,48.7,🟠 RAPID DECLINE,High,1,1
4243,769.1999999999999,743.51,717.82,666.43,102.77,3.3,🟢 STABLE,Low,11,12
4244,237.0,236.29,235.58,234.16,2.84,0.3,🟢 STABLE,Low,11,12
4245,236.39999999999998,235.27,234.13,231.86,4.54,0.5,🟢 STABLE,Low,11,12
4246,1322.4,1301.77,1281.14,1239.88,82.52,1.6,🟢 STABLE,Low,11,12
4247,1276.1999999999998,1264.71,1253.23,1230.26,45.94,0.9,🟢 STABLE,Low,11,12
4248,1086.6,933.61,780.61,474.63,611.97,14.1,🟢 STABLE,Low,10,11
4249,790.8000000000001,675.9,560.99,331.19,459.61,14.5,🟢 STABLE,Low,10,11
4250,1254.0,1191.8,1129.6,1005.21,248.79,5.0,🟢 STABLE,Low,11,12
4251,630.0,621.37,612.74,595.48,34.52,1.4,🟢 STABLE,Low,11,12
4252,673.2,599.35,525.5,377.8,295.4,11.0,🟢 STABLE,Low,11,12
4253,1065.0,420.89,0.0,0.0,1065.0,60.5,🔴 CRITICAL DECAY,Critical,1,1
4254,1013.4000000000001,510.25,7.09,0.0,1013.4,49.6,🟠 RAPID DECLINE,High,1,1
4255,903.5999999999999,705.89,508.18,112.77,790.83,21.9,🟡 DECLINING,Medium,1,1
4256,312.0,310.32,308.63,305.26,6.74,0.5,🟢 STABLE,Low,11,12
4257,1192.8000000000002,937.66,682.52,172.24,1020.56,21.4,🟡 DECLINING,Medium,7,8
4258,1314.6,737.49,160.38,0.0,1314.6,43.9,🟠 RAPID DECLINE,High,1,1
4259,235.20000000000002,104.1,0.0,0.0,235.2,55.7,🟠 RAPID DECLINE,High,1,2
4260,877.8000000000001,788.35,698.9,520.01,357.79,10.2,🟢 STABLE,Low,11,12
4261,655.8,578.68,501.56,347.31,308.49,11.8,🟢 STABLE,Low,11,12
4262,796.8000000000001,733.61,670.43,544.06,252.74,7.9,🟢 STABLE,Low,11,12
4263,1386.6,1380.08,1373.57,1360.53,26.07,0.5,🟢 STABLE,Low,11,12
4264,1253.4,596.87,0.0,0.0,1253.4,52.4,🟠 RAPID DECLINE,High,1,1
4265,1200.6,706.91,213.23,0.0,1200.6,41.1,🟠 RAPID DECLINE,High,1,1
4266,1224.0,1039.42,854.84,485.68,738.32,15.1,🟡 DECLINING,Medium,9,10
4267,1093.8000000000002,1091.61,1089.42,1085.05,8.75,0.2,🟢 STABLE,Low,11,12
4268,1076.4,992.98,909.56,742.72,333.68,7.7,🟢 STABLE,Low,11,12
4269,1082.4,846.98,611.56,140.71,941.69,21.7,🟡 DECLINING,Medium,6,7
4270,1108.8000000000002,1106.92,1105.03,1101.26,7.54,0.2,🟢 STABLE,Low,11,12
4271,238.79999999999998,227.03,215.25,191.71,47.09,4.9,🟢 STABLE,Low,11,12
4272,301.79999999999995,298.33,294.86,287.92,13.88,1.1,🟢 STABLE,Low,11,12
4273,958.1999999999999,314.1,0.0,0.0,958.2,67.2,🔴 CRITICAL DECAY,Critical,1,1
4274,226.20000000000002,220.21,214.21,202.22,23.98,2.6,🟢 STABLE,Low,11,12
4275,309.0,139.2,0.0,0.0,309.0,55.0,🟠 RAPID DECLINE,High,2,3
4276,595.2,286.77,0.0,0.0,595.2,51.8,🟠 RAPID DECLINE,High,1,2
4277,251.39999999999998,144.1,36.8,0.0,251.4,42.7,🟠 RAPID DECLINE,High,3,4
4278,1164.6,860.76,556.91,0.0,1164.6,26.1,🟡 DECLINING,Medium,5,6
4279,304.79999999999995,243.2,181.6,58.4,246.4,20.2,🟡 DECLINING,Medium,7,8
4280,236.39999999999998,235.45,234.51,232.62,3.78,0.4,🟢 STABLE,Low,11,12
4281,420.0,362.38,304.75,189.5,230.5,13.7,🟢 STABLE,Low,10,11
4282,1215.0,1140.52,1066.04,917.08,297.92,6.1,🟢 STABLE,Low,11,12
4283,842.4000000000001,155.68,0.0,0.0,842.4,81.5,🔴 CRITICAL DECAY,Critical,1,1
4284,1091.4,448.24,0.0,0.0,1091.4,58.9,🟠 RAPID DECLINE,High,1,2
4285,886.1999999999999,879.46,872.73,859.26,26.94,0.8,🟢 STABLE,Low,11,12
4286,1056.6,242.28,0.0,0.0,1056.6,77.1,🔴 CRITICAL DECAY,Critical,1,1
4287,1271.4,1028.44,785.47,299.54,971.86,19.1,🟡 DECLINING,Medium,7,8
4288,1102.1999999999998,318.65,0.0,0.0,1102.2,71.1,🔴 CRITICAL DECAY,Critical,1,1
4289,241.20000000000002,238.76,236.33,231.46,9.74,1.0,🟢 STABLE,Low,11,12
4290,481.20000000000005,270.53,59.86,0.0,481.2,43.8,🟠 RAPID DECLINE,High,1,1
4291,1323.6,1315.0,1306.39,1289.19,34.41,0.6,🟢 STABLE,Low,11,12
4292,886.8000000000001,293.0,0.0,0.0,886.8,67.0,🔴 CRITICAL DECAY,Critical,1,1
4293,1077.6,264.77,0.0,0.0,1077.6,75.4,🔴 CRITICAL DECAY,Critical,1,1
4294,1021.8000000000001,868.02,714.24,406.68,615.12,15.0,🟡 DECLINING,Medium,9,10
4295,731.4000000000001,714.87,698.34,665.28,66.12,2.3,🟢 STABLE,Low,11,12
4296,867.0,761.57,656.15,445.29,421.71,12.2,🟢 STABLE,Low,11,12
4297,882.5999999999999,873.33,864.07,845.53,37.07,1.1,🟢 STABLE,Low,11,12
4298,552.0,444.47,336.94,121.88,430.12,19.5,🟡 DECLINING,Medium,7,8
4299,702.5999999999999,666.56,630.51,558.43,144.17,5.1,🟢 STABLE,Low,11,12
4300,295.20000000000005,279.97,264.74,234.27,60.93,5.2,🟢 STABLE,Low,11,12
4301,237.0,236.15,235.29,233.59,3.41,0.4,🟢 STABLE,Low,11,12
4302,1036.1999999999998,998.48,960.76,885.33,150.87,3.6,🟢 STABLE,Low,11,12
4303,306.0,301.59,297.19,288.37,17.63,1.4,🟢 STABLE,Low,11,12
4304,228.0,221.59,215.19,202.37,25.63,2.8,🟢 STABLE,Low,11,12
4305,234.60000000000002,231.36,228.13,221.65,12.95,1.4,🟢 STABLE,Low,11,12
4306,1321.1999999999998,1100.3,879.39,437.58,883.62,16.7,🟡 DECLINING,Medium,8,9
4307,1158.6,428.33,0.0,0.0,1158.6,63.0,🔴 CRITICAL DECAY,Critical,1,1
4308,837.0,458.17,79.35,0.0,837.0,45.3,🟠 RAPID DECLINE,High,1,1
4309,607.2,301.78,0.0,0.0,607.2,50.3,🟠 RAPID DECLINE,High,1,1
4310,787.1999999999999,785.23,783.26,779.33,7.87,0.3,🟢 STABLE,Low,11,12
4311,481.20000000000005,252.73,24.25,0.0,481.2,47.5,🟠 RAPID DECLINE,High,1,2
4312,985.1999999999999,979.19,973.18,961.16,24.04,0.6,🟢 STABLE,Low,11,12
4313,949.1999999999999,447.17,0.0,0.0,949.2,52.9,🟠 RAPID DECLINE,High,2,3
4314,1215.0,248.35,0.0,0.0,1215.0,79.6,🔴 CRITICAL DECAY,Critical,1,1
4315,954.5999999999999,77.8,0.0,0.0,954.6,91.8,🔴 CRITICAL DECAY,Critical,1,1
4316,1087.8000000000002,1082.47,1077.14,1066.48,21.32,0.5,🟢 STABLE,Low,11,12
4317,246.60000000000002,235.18,223.76,200.93,45.67,4.6,🟢 STABLE,Low,11,12
4318,909.0,838.92,768.83,628.66,280.34,7.7,🟢 STABLE,Low,11,12
4319,1320.0,873.44,426.89,0.0,1320.0,33.8,🟡 DECLINING,Medium,4,5
4320,250.20000000000002,245.87,241.54,232.89,17.31,1.7,🟢 STABLE,Low,11,12
4321,964.1999999999999,477.86,0.0,0.0,964.2,50.4,🟠 RAPID DECLINE,High,1,2
4322,841.8000000000001,132.84,0.0,0.0,841.8,84.2,🔴 CRITICAL DECAY,Critical,1,1
4323,1008.5999999999999,870.32,732.04,455.48,553.12,13.7,🟢 STABLE,Low,10,11
4324,809.4000000000001,713.89,618.38,427.36,382.04,11.8,🟢 STABLE,Low,11,12
4325,249.0,206.72,164.44,79.88,169.12,17.0,🟡 DECLINING,Medium,8,9
4326,1069.1999999999998,55.71,0.0,0.0,1069.2,94.8,🔴 CRITICAL DECAY,Critical,1,1
4327,838.8000000000001,204.0,0.0,0.0,838.8,75.7,🔴 CRITICAL DECAY,Critical,1,1
4328,613.2,426.97,240.74,0.0,613.2,30.4,🟡 DECLINING,Medium,4,5
4329,1132.8000000000002,495.6,0.0,0.0,1132.8,56.2,🟠 RAPID DECLINE,High,1,1
4330,939.0,323.2,0.0,0.0,939.0,65.6,🔴 CRITICAL DECAY,Critical,1,1
4331,306.6,306.02,305.43,304.27,2.33,0.2,🟢 STABLE,Low,11,12
4332,720.0,714.24,708.48,696.96,23.04,0.8,🟢 STABLE,Low,11,12
4333,1086.6,812.02,537.43,0.0,1086.6,25.3,🟡 DECLINING,Medium,5,6
4334,916.8000000000001,513.87,110.93,0.0,916.8,43.9,🟠 RAPID DECLINE,High,3,4
4335,1019.4000000000001,444.36,0.0,0.0,1019.4,56.4,🟠 RAPID DECLINE,High,1,2
4336,1321.1999999999998,1316.44,1311.69,1302.17,19.03,0.4,🟢 STABLE,Low,11,12
4337,1195.8000000000002,919.69,643.58,91.36,1104.44,23.1,🟡 DECLINING,Medium,6,7
4338,544.8,412.25,279.7,14.6,530.2,24.3,🟡 DECLINING,Medium,6,7
4339,828.0,794.22,760.44,692.87,135.13,4.1,🟢 STABLE,Low,11,12
4340,583.8,419.05,254.3,0.0,583.8,28.2,🟡 DECLINING,Medium,5,6
4341,529.8,157.99,0.0,0.0,529.8,70.2,🔴 CRITICAL DECAY,Critical,1,1
4342,718.2,716.19,714.18,710.16,8.04,0.3,🟢 STABLE,Low,11,12
4343,909.0,124.44,0.0,0.0,909.0,86.3,🔴 CRITICAL DECAY,Critical,1,1
4344,967.8000000000001,958.12,948.44,929.09,38.71,1.0,🟢 STABLE,Low,11,12
4345,246.60000000000002,242.8,239.0,231.41,15.19,1.5,🟢 STABLE,Low,11,12
4346,796.8000000000001,709.63,622.46,448.12,348.68,10.9,🟢 STABLE,Low,11,12
4347,1202.4,1179.07,1155.75,1109.09,93.31,1.9,🟢 STABLE,Low,11,12
4348,229.20000000000002,75.22,0.0,0.0,229.2,67.2,🔴 CRITICAL DECAY,Critical,1,1
4349,963.5999999999999,164.29,0.0,0.0,963.6,83.0,🔴 CRITICAL DECAY,Critical,1,1
4350,534.5999999999999,474.83,415.06,295.53,239.07,11.2,🟢 STABLE,Low,11,12
4351,244.20000000000002,155.46,66.72,0.0,244.2,36.3,🟠 RAPID DECLINE,High,4,5
4352,1101.6,949.03,796.46,491.31,610.29,13.8,🟢 STABLE,Low,10,11
4353,898.8000000000001,43.95,0.0,0.0,898.8,95.1,🔴 CRITICAL DECAY,Critical,1,1
4354,242.39999999999998,240.24,238.09,233.77,8.63,0.9,🟢 STABLE,Low,11,12
4355,604.2,304.21,4.23,0.0,604.2,49.7,🟠 RAPID DECLINE,High,3,4
4356,225.60000000000002,124.03,22.47,0.0,225.6,45.0,🟠 RAPID DECLINE,High,1,2
4357,245.39999999999998,163.71,82.01,0.0,245.4,33.3,🟡 DECLINING,Medium,4,5
4358,777.0,665.89,554.78,332.56,444.44,14.3,🟢 STABLE,Low,10,11
4359,1184.4,203.6,0.0,0.0,1184.4,82.8,🔴 CRITICAL DECAY,Critical,1,1
4360,1073.4,699.32,325.24,0.0,1073.4,34.9,🟡 DECLINING,Medium,4,5
4361,705.0,657.69,610.39,515.78,189.22,6.7,🟢 STABLE,Low,11,12
4362,248.39999999999998,239.56,230.71,213.03,35.37,3.6,🟢 STABLE,Low,11,12
4363,1027.1999999999998,740.51,453.82,0.0,1027.2,27.9,🟡 DECLINING,Medium,5,6
4364,963.5999999999999,954.73,945.87,928.14,35.46,0.9,🟢 STABLE,Low,11,12
4365,957.5999999999999,948.6,939.6,921.59,36.01,0.9,🟢 STABLE,Low,11,12
4366,958.1999999999999,552.21,146.22,0.0,958.2,42.4,🟠 RAPID DECLINE,High,1,2
4367,649.2,632.84,616.48,583.76,65.44,2.5,🟢 STABLE,Low,11,12
4368,970.1999999999999,212.28,0.0,0.0,970.2,78.1,🔴 CRITICAL DECAY,Critical,1,1
4369,297.0,103.53,0.0,0.0,297.0,65.1,🔴 CRITICAL DECAY,Critical,1,1
4370,970.8000000000001,849.45,728.1,485.4,485.4,12.5,🟢 STABLE,Low,11,12
4371,294.0,277.42,260.84,227.67,66.33,5.6,🟢 STABLE,Low,11,12
4372,241.79999999999998,159.73,77.67,0.0,241.8,33.9,🟡 DECLINING,Medium,4,5
4373,240.60000000000002,229.2,217.79,194.98,45.62,4.7,🟢 STABLE,Low,11,12
4374,235.20000000000002,234.87,234.54,233.88,1.32,0.1,🟢 STABLE,Low,11,12
4375,1371.6,1049.96,728.32,85.04,1286.56,23.4,🟡 DECLINING,Medium,6,7
4376,1203.6,978.77,753.94,304.27,899.33,18.7,🟡 DECLINING,Medium,8,9
4377,960.0,410.4,0.0,0.0,960.0,57.2,🟠 RAPID DECLINE,High,1,1
4378,250.20000000000002,244.22,238.24,226.28,23.92,2.4,🟢 STABLE,Low,11,12
4379,1079.4,1063.86,1048.31,1017.23,62.17,1.4,🟢 STABLE,Low,11,12
4380,240.0,234.98,229.97,219.94,20.06,2.1,🟢 STABLE,Low,11,12
4381,1090.1999999999998,687.15,284.11,0.0,1090.2,37.0,🟠 RAPID DECLINE,High,4,5
4382,585.0,290.28,0.0,0.0,585.0,50.4,🟠 RAPID DECLINE,High,1,1
4383,960.0,885.79,811.58,663.17,296.83,7.7,🟢 STABLE,Low,11,12
4384,956.4000000000001,423.59,0.0,0.0,956.4,55.7,🟠 RAPID DECLINE,High,1,1
4385,244.20000000000002,234.97,225.74,207.28,36.92,3.8,🟢 STABLE,Low,11,12
4386,690.5999999999999,686.39,682.17,673.75,16.85,0.6,🟢 STABLE,Low,11,12
4387,243.0,149.37,55.74,0.0,243.0,38.5,🟠 RAPID DECLINE,High,3,4
4388,232.79999999999998,231.05,229.31,225.82,6.98,0.8,🟢 STABLE,Low,11,12
4389,1204.8000000000002,721.07,237.35,0.0,1204.8,40.2,🟠 RAPID DECLINE,High,1,2
4390,695.4000000000001,609.52,523.64,351.87,343.53,12.3,🟢 STABLE,Low,11,12
4391,714.0,467.03,220.05,0.0,714.0,34.6,🟡 DECLINING,Medium,4,5
4392,230.39999999999998,137.3,44.19,0.0,230.4,40.4,🟠 RAPID DECLINE,High,1,2
4393,1038.0,254.21,0.0,0.0,1038.0,75.5,🔴 CRITICAL DECAY,Critical,1,1
4394,714.5999999999999,614.84,515.08,315.57,399.03,14.0,🟢 STABLE,Low,10,11
4395,1247.4,915.47,583.53,0.0,1247.4,26.6,🟡 DECLINING,Medium,1,1
4396,301.20000000000005,28.55,0.0,0.0,301.2,90.5,🔴 CRITICAL DECAY,Critical,1,1
4397,1247.4,1241.91,1236.42,1225.45,21.95,0.4,🟢 STABLE,Low,11,12
4398,827.4000000000001,820.78,814.16,800.92,26.48,0.8,🟢 STABLE,Low,11,12
4399,1237.1999999999998,1179.05,1120.9,1004.61,232.59,4.7,🟢 STABLE,Low,11,12
4400,296.4,199.89,103.38,0.0,296.4,32.6,🟡 DECLINING,Medium,1,2
4401,1322.4,1073.0,823.59,324.78,997.62,18.9,🟡 DECLINING,Medium,7,8
4402,587.4000000000001,546.99,506.57,425.75,161.65,6.9,🟢 STABLE,Low,11,12
4403,749.4000000000001,718.37,687.35,625.3,124.1,4.1,🟢 STABLE,Low,11,12
4404,1074.6,404.8,0.0,0.0,1074.6,62.3,🔴 CRITICAL DECAY,Critical,1,2
4405,1002.5999999999999,541.81,81.01,0.0,1002.6,46.0,🟠 RAPID DECLINE,High,1,1
4406,946.8000000000001,881.0,815.19,683.59,263.21,6.9,🟢 STABLE,Low,11,12
4407,244.20000000000002,199.9,155.6,67.01,177.19,18.1,🟡 DECLINING,Medium,8,9
4408,857.4000000000001,855.6,853.8,850.2,7.2,0.2,🟢 STABLE,Low,11,12
4409,556.2,552.36,548.52,540.85,15.35,0.7,🟢 STABLE,Low,11,12
4410,1135.8000000000002,400.82,0.0,0.0,1135.8,64.7,🔴 CRITICAL DECAY,Critical,1,2
4411,598.8,581.02,563.23,527.66,71.14,3.0,🟢 STABLE,Low,11,12
4412,305.4,299.17,292.94,280.48,24.92,2.0,🟢 STABLE,Low,11,12
4413,1069.8000000000002,455.31,0.0,0.0,1069.8,57.4,🟠 RAPID DECLINE,High,1,1
4414,249.0,222.76,196.51,144.02,104.98,10.5,🟢 STABLE,Low,11,12
4415,793.1999999999999,781.7,770.2,747.19,46.01,1.4,🟢 STABLE,Low,11,12
4416,904.8000000000001,795.41,686.02,467.24,437.56,12.1,🟢 STABLE,Low,11,12
4417,845.4000000000001,180.32,0.0,0.0,845.4,78.7,🔴 CRITICAL DECAY,Critical,1,1
4418,723.5999999999999,664.41,605.22,486.84,236.76,8.2,🟢 STABLE,Low,11,12
4419,252.60000000000002,142.74,32.89,0.0,252.6,43.5,🟠 RAPID DECLINE,High,3,4
4420,832.1999999999999,807.32,782.43,732.67,99.53,3.0,🟢 STABLE,Low,11,12
4421,1066.1999999999998,800.18,534.17,2.13,1064.07,25.0,🟡 DECLINING,Medium,6,7
4422,1164.0,934.81,705.62,247.23,916.77,19.7,🟡 DECLINING,Medium,7,8
4423,796.8000000000001,744.37,691.94,587.08,209.72,6.6,🟢 STABLE,Low,11,12
4424,297.0,122.9,0.0,0.0,297.0,58.6,🟠 RAPID DECLINE,High,1,1
4425,830.4000000000001,781.99,733.58,636.75,193.65,5.8,🟢 STABLE,Low,11,12
4426,954.0,785.91,617.81,281.62,672.38,17.6,🟡 DECLINING,Medium,8,9
4427,1207.8000000000002,1171.69,1135.57,1063.35,144.45,3.0,🟢 STABLE,Low,11,12
4428,1239.6,530.3,0.0,0.0,1239.6,57.2,🟠 RAPID DECLINE,High,1,1
4429,956.4000000000001,953.53,950.66,944.92,11.48,0.3,🟢 STABLE,Low,11,12
4430,736.8,667.91,599.02,461.24,275.56,9.3,🟢 STABLE,Low,11,12
4431,837.5999999999999,228.16,0.0,0.0,837.6,72.8,🔴 CRITICAL DECAY,Critical,1,2
4432,486.59999999999997,481.1,475.6,464.61,21.99,1.1,🟢 STABLE,Low,11,12
4433,907.8000000000001,102.04,0.0,0.0,907.8,88.8,🔴 CRITICAL DECAY,Critical,1,1
4434,1088.4,645.2,202.01,0.0,1088.4,40.7,🟠 RAPID DECLINE,High,3,4
4435,966.0,548.78,131.57,0.0,966.0,43.2,🟠 RAPID DECLINE,High,1,2
4436,727.2,614.77,502.35,277.5,449.7,15.5,🟡 DECLINING,Medium,9,10
4437,1213.8000000000002,1192.07,1170.35,1126.89,86.91,1.8,🟢 STABLE,Low,11,12
4438,299.4,295.75,292.09,284.79,14.61,1.2,🟢 STABLE,Low,11,12
4439,243.60000000000002,242.48,241.36,239.12,4.48,0.5,🟢 STABLE,Low,11,12
4440,720.0,701.93,683.86,647.71,72.29,2.5,🟢 STABLE,Low,11,12
4441,243.0,240.74,238.48,233.96,9.04,0.9,🟢 STABLE,Low,11,12
4442,942.0,149.78,0.0,0.0,942.0,84.1,🔴 CRITICAL DECAY,Critical,1,1
4443,537.0,286.38,35.76,0.0,537.0,46.7,🟠 RAPID DECLINE,High,1,2
4444,238.20000000000002,129.8,21.39,0.0,238.2,45.5,🟠 RAPID DECLINE,High,1,2
4445,1176.0,1157.89,1139.78,1103.56,72.44,1.5,🟢 STABLE,Low,11,12
4446,958.8000000000001,135.86,0.0,0.0,958.8,85.8,🔴 CRITICAL DECAY,Critical,1,1
4447,1292.4,1004.97,717.54,142.68,1149.72,22.2,🟡 DECLINING,Medium,6,7
4448,1196.4,317.88,0.0,0.0,1196.4,73.4,🔴 CRITICAL DECAY,Critical,1,1
4449,1256.4,1230.9,1205.39,1154.38,102.02,2.0,🟢 STABLE,Low,11,12
4450,703.2,372.13,41.07,0.0,703.2,47.1,🟠 RAPID DECLINE,High,3,4
4451,1126.8000000000002,508.07,0.0,0.0,1126.8,54.9,🟠 RAPID DECLINE,High,1,1
4452,1037.4,1032.21,1027.03,1016.65,20.75,0.5,🟢 STABLE,Low,11,12
4453,1182.0,101.89,0.0,0.0,1182.0,91.4,🔴 CRITICAL DECAY,Critical,1,1
4454,232.79999999999998,136.96,41.11,0.0,232.8,41.2,🟠 RAPID DECLINE,High,3,4
4455,605.4000000000001,158.55,0.0,0.0,605.4,73.8,🔴 CRITICAL DECAY,Critical,1,1
4456,299.4,297.15,294.91,290.42,8.98,0.8,🟢 STABLE,Low,11,12
4457,900.0,742.95,585.9,271.8,628.2,17.4,🟡 DECLINING,Medium,8,9
4458,1135.8000000000002,633.89,131.98,0.0,1135.8,44.2,🟠 RAPID DECLINE,High,1,1
4459,1203.0,35.97,0.0,0.0,1203.0,97.0,🔴 CRITICAL DECAY,Critical,1,1
4460,938.4000000000001,610.9,283.4,0.0,938.4,34.9,🟡 DECLINING,Medium,4,5
4461,1130.4,465.16,0.0,0.0,1130.4,58.8,🟠 RAPID DECLINE,High,1,2
4462,1061.4,279.25,0.0,0.0,1061.4,73.7,🔴 CRITICAL DECAY,Critical,1,1
4463,838.1999999999999,56.91,0.0,0.0,838.2,93.2,🔴 CRITICAL DECAY,Critical,1,1
4464,980.4000000000001,862.26,744.12,507.85,472.55,12.1,🟢 STABLE,Low,11,12
4465,600.5999999999999,409.61,218.62,0.0,600.6,31.8,🟡 DECLINING,Medium,4,5
4466,958.8000000000001,147.27,0.0,0.0,958.8,84.6,🔴 CRITICAL DECAY,Critical,1,1
4467,834.5999999999999,786.69,738.79,642.98,191.62,5.7,🟢 STABLE,Low,11,12
4468,304.79999999999995,186.05,67.3,0.0,304.8,39.0,🟠 RAPID DECLINE,High,3,4
4469,1081.1999999999998,1058.17,1035.14,989.08,92.12,2.1,🟢 STABLE,Low,11,12
4470,535.8,311.62,87.44,0.0,535.8,41.8,🟠 RAPID DECLINE,High,1,2
4471,1005.0,859.58,714.15,423.31,581.69,14.5,🟢 STABLE,Low,10,11
4472,964.1999999999999,955.91,947.62,931.03,33.17,0.9,🟢 STABLE,Low,11,12
4473,1177.1999999999998,403.78,0.0,0.0,1177.2,65.7,🔴 CRITICAL DECAY,Critical,1,1
4474,640.2,630.79,621.38,602.56,37.64,1.5,🟢 STABLE,Low,11,12
4475,234.60000000000002,116.41,0.0,0.0,234.6,50.4,🟠 RAPID DECLINE,High,1,2
4476,250.79999999999998,130.57,10.33,0.0,250.8,47.9,🟠 RAPID DECLINE,High,1,1
4477,587.4000000000001,571.83,556.27,525.14,62.26,2.7,🟢 STABLE,Low,11,12
4478,650.4000000000001,297.17,0.0,0.0,650.4,54.3,🟠 RAPID DECLINE,High,1,1
4479,293.4,291.17,288.94,284.48,8.92,0.8,🟢 STABLE,Low,11,12
4480,832.8000000000001,95.11,0.0,0.0,832.8,88.6,🔴 CRITICAL DECAY,Critical,1,1
4481,481.79999999999995,431.16,380.53,279.25,202.55,10.5,🟢 STABLE,Low,11,12
4482,898.8000000000001,156.03,0.0,0.0,898.8,82.6,🔴 CRITICAL DECAY,Critical,1,1
4483,307.20000000000005,305.63,304.07,300.93,6.27,0.5,🟢 STABLE,Low,11,12
4484,844.1999999999999,57.32,0.0,0.0,844.2,93.2,🔴 CRITICAL DECAY,Critical,1,1
4485,1100.4,1095.89,1091.38,1082.35,18.05,0.4,🟢 STABLE,Low,11,12
4486,1070.4,943.13,815.86,561.32,509.08,11.9,🟢 STABLE,Low,11,12
4487,289.20000000000005,276.94,264.68,240.15,49.05,4.2,🟢 STABLE,Low,11,12
4488,889.8000000000001,369.09,0.0,0.0,889.8,58.5,🟠 RAPID DECLINE,High,1,1
4489,646.2,635.54,624.88,603.55,42.65,1.6,🟢 STABLE,Low,11,12
4490,1387.1999999999998,1074.8,762.41,137.61,1249.59,22.5,🟡 DECLINING,Medium,6,7
4491,237.0,164.05,91.1,0.0,237.0,30.8,🟡 DECLINING,Medium,4,5
4492,288.6,284.39,280.17,271.75,16.85,1.5,🟢 STABLE,Low,11,12
4493,303.6,300.47,297.35,291.09,12.51,1.0,🟢 STABLE,Low,11,12
4494,1011.5999999999999,303.38,0.0,0.0,1011.6,70.0,🔴 CRITICAL DECAY,Critical,1,2
4495,841.1999999999999,45.17,0.0,0.0,841.2,94.6,🔴 CRITICAL DECAY,Critical,1,1
4496,1077.0,1074.2,1071.4,1065.8,11.2,0.3,🟢 STABLE,Low,11,12
4497,1175.4,821.25,467.1,0.0,1175.4,30.1,🟡 DECLINING,Medium,4,5
4498,240.0,226.34,212.69,185.38,54.62,5.7,🟢 STABLE,Low,11,12
4499,939.5999999999999,571.18,202.77,0.0,939.6,39.2,🟠 RAPID DECLINE,High,3,4
4500,1246.8000000000002,1205.53,1164.26,1081.72,165.08,3.3,🟢 STABLE,Low,11,12
4501,248.39999999999998,246.98,245.57,242.74,5.66,0.6,🟢 STABLE,Low,11,12
4502,1161.6,305.15,0.0,0.0,1161.6,73.7,🔴 CRITICAL DECAY,Critical,1,1
4503,1132.8000000000002,442.58,0.0,0.0,1132.8,60.9,🔴 CRITICAL DECAY,Critical,1,1
4504,241.79999999999998,236.75,231.69,221.59,20.21,2.1,🟢 STABLE,Low,11,12
4505,312.0,310.44,308.88,305.76,6.24,0.5,🟢 STABLE,Low,11,12
4506,928.1999999999999,923.19,918.18,908.15,20.05,0.5,🟢 STABLE,Low,11,12
4507,792.5999999999999,660.55,528.51,264.41,528.19,16.7,🟡 DECLINING,Medium,9,10
4508,238.79999999999998,174.3,109.8,0.0,238.8,27.0,🟡 DECLINING,Medium,5,6
4509,1011.5999999999999,181.58,0.0,0.0,1011.6,82.1,🔴 CRITICAL DECAY,Critical,1,1
4510,817.8000000000001,657.1,496.4,175.01,642.79,19.7,🟡 DECLINING,Medium,7,8
4511,970.1999999999999,918.0,865.81,761.41,208.79,5.4,🟢 STABLE,Low,11,12
4512,906.0,901.2,896.4,886.79,19.21,0.5,🟢 STABLE,Low,11,12
4513,1109.4,1107.29,1105.18,1100.97,8.43,0.2,🟢 STABLE,Low,11,12
4514,967.1999999999999,328.17,0.0,0.0,967.2,66.1,🔴 CRITICAL DECAY,Critical,1,1
4515,998.4000000000001,400.26,0.0,0.0,998.4,59.9,🟠 RAPID DECLINE,High,1,2
4516,1050.6,1049.13,1047.66,1044.72,5.88,0.1,🟢 STABLE,Low,11,12
4517,1194.6,94.73,0.0,0.0,1194.6,92.1,🔴 CRITICAL DECAY,Critical,1,1
4518,975.0,138.94,0.0,0.0,975.0,85.7,🔴 CRITICAL DECAY,Critical,1,1
4519,1312.8000000000002,645.24,0.0,0.0,1312.8,50.9,🟠 RAPID DECLINE,High,2,3
4520,239.39999999999998,175.91,112.42,0.0,239.4,26.5,🟡 DECLINING,Medium,1,1
4521,546.5999999999999,432.52,318.45,90.3,456.3,20.9,🟡 DECLINING,Medium,7,8
4522,248.39999999999998,241.89,235.38,222.37,26.03,2.6,🟢 STABLE,Low,11,12
4523,903.5999999999999,395.42,0.0,0.0,903.6,56.2,🟠 RAPID DECLINE,High,1,2
4524,1191.0,377.07,0.0,0.0,1191.0,68.3,🔴 CRITICAL DECAY,Critical,1,1
4525,1120.8000000000002,885.77,650.74,180.67,940.13,21.0,🟡 DECLINING,Medium,7,8
4526,885.0,447.72,10.44,0.0,885.0,49.4,🟠 RAPID DECLINE,High,3,4
4527,965.4000000000001,905.55,845.69,725.98,239.42,6.2,🟢 STABLE,Low,11,12
4528,1057.8000000000002,853.33,648.85,239.91,817.89,19.3,🟡 DECLINING,Medium,7,8
4529,590.4000000000001,350.34,110.29,0.0,590.4,40.7,🟠 RAPID DECLINE,High,3,4
4530,235.79999999999998,234.83,233.87,231.93,3.87,0.4,🟢 STABLE,Low,11,12
4531,952.1999999999999,553.23,154.26,0.0,952.2,41.9,🟠 RAPID DECLINE,High,1,1
4532,957.0,157.81,0.0,0.0,957.0,83.5,🔴 CRITICAL DECAY,Critical,1,1
4533,1261.8000000000002,1247.42,1233.03,1204.26,57.54,1.1,🟢 STABLE,Low,11,12
4534,588.0,284.65,0.0,0.0,588.0,51.6,🟠 RAPID DECLINE,High,2,3
4535,1200.6,408.44,0.0,0.0,1200.6,66.0,🔴 CRITICAL DECAY,Critical,1,1
4536,832.1999999999999,56.51,0.0,0.0,832.2,93.2,🔴 CRITICAL DECAY,Critical,1,1
4537,597.5999999999999,218.0,0.0,0.0,597.6,63.5,🔴 CRITICAL DECAY,Critical,2,3
4538,1029.6,333.18,0.0,0.0,1029.6,67.6,🔴 CRITICAL DECAY,Critical,1,1
4539,956.4000000000001,943.97,931.53,906.67,49.73,1.3,🟢 STABLE,Low,11,12
4540,251.39999999999998,191.16,130.93,10.46,240.94,24.0,🟡 DECLINING,Medium,6,7
4541,606.5999999999999,216.01,0.0,0.0,606.6,64.4,🔴 CRITICAL DECAY,Critical,1,1
4542,951.5999999999999,772.7,593.8,236.0,715.6,18.8,🟡 DECLINING,Medium,7,8
4543,234.0,228.64,223.28,212.57,21.43,2.3,🟢 STABLE,Low,11,12
4544,966.5999999999999,84.48,0.0,0.0,966.6,91.3,🔴 CRITICAL DECAY,Critical,1,1
4545,529.8,279.1,28.4,0.0,529.8,47.3,🟠 RAPID DECLINE,High,1,2
4546,1014.0,299.13,0.0,0.0,1014.0,70.5,🔴 CRITICAL DECAY,Critical,1,1
4547,1266.0,1011.53,757.07,248.14,1017.86,20.1,🟡 DECLINING,Medium,7,8
4548,1011.5999999999999,395.33,0.0,0.0,1011.6,60.9,🔴 CRITICAL DECAY,Critical,2,3
4549,1112.4,755.76,399.13,0.0,1112.4,32.1,🟡 DECLINING,Medium,4,5
4550,315.0,313.9,312.8,310.59,4.41,0.3,🟢 STABLE,Low,11,12
4551,1163.4,999.71,836.02,508.64,654.76,14.1,🟢 STABLE,Low,10,11
4552,245.39999999999998,157.47,69.55,0.0,245.4,35.8,🟠 RAPID DECLINE,High,4,5
4553,1389.6,1381.4,1373.2,1356.81,32.79,0.6,🟢 STABLE,Low,11,12
4554,1298.4,756.45,214.5,0.0,1298.4,41.7,🟠 RAPID DECLINE,High,3,4
4555,242.39999999999998,240.8,239.2,236.0,6.4,0.7,🟢 STABLE,Low,11,12
4556,813.0,158.05,0.0,0.0,813.0,80.6,🔴 CRITICAL DECAY,Critical,1,1
4557,658.8,625.79,592.79,526.78,132.02,5.0,🟢 STABLE,Low,11,12
4558,1023.0,224.45,0.0,0.0,1023.0,78.1,🔴 CRITICAL DECAY,Critical,1,1
4559,241.79999999999998,165.63,89.47,0.0,241.8,31.5,🟡 DECLINING,Medium,4,5
4560,1084.1999999999998,724.79,365.38,0.0,1084.2,33.1,🟡 DECLINING,Medium,4,5
4561,669.0,520.48,371.96,74.93,594.07,22.2,🟡 DECLINING,Medium,6,7
4562,1375.1999999999998,1371.49,1367.77,1360.35,14.85,0.3,🟢 STABLE,Low,11,12
4563,960.5999999999999,176.56,0.0,0.0,960.6,81.6,🔴 CRITICAL DECAY,Critical,1,1
4564,240.0,142.01,44.02,0.0,240.0,40.8,🟠 RAPID DECLINE,High,1,1
4565,801.5999999999999,787.09,772.58,743.56,58.04,1.8,🟢 STABLE,Low,11,12
4566,1203.6,647.54,91.47,0.0,1203.6,46.2,🟠 RAPID DECLINE,High,3,4
4567,1264.1999999999998,488.11,0.0,0.0,1264.2,61.4,🔴 CRITICAL DECAY,Critical,1,2
4568,1022.4000000000001,901.76,781.11,539.83,482.57,11.8,🟢 STABLE,Low,11,12
4569,585.5999999999999,440.37,295.14,4.68,580.92,24.8,🟡 DECLINING,Medium,6,7
4570,227.39999999999998,146.06,64.72,0.0,227.4,35.8,🟠 RAPID DECLINE,High,4,5
4571,837.5999999999999,425.33,13.07,0.0,837.6,49.2,🟠 RAPID DECLINE,High,1,1
4572,1273.8000000000002,547.48,0.0,0.0,1273.8,57.0,🟠 RAPID DECLINE,High,1,1
4573,246.60000000000002,245.96,245.32,244.04,2.56,0.3,🟢 STABLE,Low,11,12
4574,1269.0,1219.26,1169.51,1070.02,198.98,3.9,🟢 STABLE,Low,11,12
4575,303.0,223.28,143.56,0.0,303.0,26.3,🟡 DECLINING,Medium,5,6
4576,237.0,174.65,112.29,0.0,237.0,26.3,🟡 DECLINING,Medium,5,6
4577,1258.1999999999998,896.59,534.99,0.0,1258.2,28.7,🟡 DECLINING,Medium,5,6
4578,731.4000000000001,571.37,411.34,91.28,640.12,21.9,🟡 DECLINING,Medium,6,7
4579,973.8000000000001,294.18,0.0,0.0,973.8,69.8,🔴 CRITICAL DECAY,Critical,1,1
4580,229.20000000000002,228.83,228.47,227.73,1.47,0.2,🟢 STABLE,Low,11,12
4581,249.60000000000002,246.9,244.21,238.82,10.78,1.1,🟢 STABLE,Low,11,12
4582,1081.8000000000002,1078.88,1075.96,1070.12,11.68,0.3,🟢 STABLE,Low,11,12
4583,1081.1999999999998,1078.61,1076.01,1070.82,10.38,0.2,🟢 STABLE,Low,11,12
4584,889.1999999999999,878.08,866.97,844.74,44.46,1.3,🟢 STABLE,Low,11,12
4585,1020.5999999999999,21.53,0.0,0.0,1020.6,97.9,🔴 CRITICAL DECAY,Critical,1,1
4586,1425.0,1420.58,1416.16,1407.33,17.67,0.3,🟢 STABLE,Low,11,12
4587,1030.8000000000002,563.33,95.86,0.0,1030.8,45.4,🟠 RAPID DECLINE,High,3,4
4588,1140.0,701.21,262.43,0.0,1140.0,38.5,🟠 RAPID DECLINE,High,3,4
4589,241.79999999999998,238.56,235.32,228.84,12.96,1.3,🟢 STABLE,Low,11,12
4590,1215.6,1196.39,1177.19,1138.77,76.83,1.6,🟢 STABLE,Low,11,12
4591,254.39999999999998,148.32,42.23,0.0,254.4,41.7,🟠 RAPID DECLINE,High,3,4
4592,290.4,268.59,246.78,203.16,87.24,7.5,🟢 STABLE,Low,11,12
4593,243.60000000000002,151.52,59.44,0.0,243.6,37.8,🟠 RAPID DECLINE,High,1,2
4594,1233.6,460.75,0.0,0.0,1233.6,62.6,🔴 CRITICAL DECAY,Critical,1,2
4595,1023.5999999999999,1019.3,1015.0,1006.4,17.2,0.4,🟢 STABLE,Low,11,12
4596,1075.1999999999998,1012.09,948.97,822.74,252.46,5.9,🟢 STABLE,Low,11,12
4597,1199.4,118.38,0.0,0.0,1199.4,90.1,🔴 CRITICAL DECAY,Critical,1,1
4598,675.0,626.33,577.67,480.33,194.67,7.2,🟢 STABLE,Low,11,12
4599,611.4000000000001,600.03,588.66,565.91,45.49,1.9,🟢 STABLE,Low,11,12
4600,1390.1999999999998,1379.36,1368.51,1346.83,43.37,0.8,🟢 STABLE,Low,11,12
4601,1243.8000000000002,594.41,0.0,0.0,1243.8,52.2,🟠 RAPID DECLINE,High,1,2
4602,313.20000000000005,311.48,309.75,306.31,6.89,0.5,🟢 STABLE,Low,11,12
4603,421.20000000000005,290.8,160.39,0.0,421.2,31.0,🟡 DECLINING,Medium,4,5
4604,1189.1999999999998,935.54,681.89,174.57,1014.63,21.3,🟡 DECLINING,Medium,7,8
4605,807.0,801.27,795.54,784.08,22.92,0.7,🟢 STABLE,Low,11,12
4606,300.0,291.96,283.92,267.84,32.16,2.7,🟢 STABLE,Low,11,12
4607,714.5999999999999,543.67,372.74,30.87,683.73,23.9,🟡 DECLINING,Medium,6,7
4608,933.5999999999999,921.56,909.51,885.43,48.17,1.3,🟢 STABLE,Low,11,12
4609,661.2,621.92,582.65,504.1,157.1,5.9,🟢 STABLE,Low,11,12
4610,1413.6,1235.49,1057.37,701.15,712.45,12.6,🟢 STABLE,Low,11,12
4611,289.79999999999995,288.84,287.89,285.97,3.83,0.3,🟢 STABLE,Low,11,12
4612,543.0,538.82,534.64,526.28,16.72,0.8,🟢 STABLE,Low,11,12
4613,954.0,381.12,0.0,0.0,954.0,60.1,🔴 CRITICAL DECAY,Critical,1,1
4614,243.0,165.56,88.11,0.0,243.0,31.9,🟡 DECLINING,Medium,4,5
4615,777.0,775.14,773.27,769.54,7.46,0.2,🟢 STABLE,Low,11,12
4616,655.2,587.39,519.57,383.95,271.25,10.3,🟢 STABLE,Low,11,12
4617,248.39999999999998,98.49,0.0,0.0,248.4,60.4,🔴 CRITICAL DECAY,Critical,2,3
4618,1137.0,174.19,0.0,0.0,1137.0,84.7,🔴 CRITICAL DECAY,Critical,1,1
4619,955.8000000000001,254.34,0.0,0.0,955.8,73.4,🔴 CRITICAL DECAY,Critical,1,1
4620,1389.6,1382.79,1375.98,1362.36,27.24,0.5,🟢 STABLE,Low,11,12
4621,593.4000000000001,306.49,19.58,0.0,593.4,48.4,🟠 RAPID DECLINE,High,1,2
4622,1005.5999999999999,811.52,617.44,229.28,776.32,19.3,🟡 DECLINING,Medium,7,8
4623,1144.1999999999998,932.75,721.3,298.41,845.79,18.5,🟡 DECLINING,Medium,8,9
4624,1136.4,187.28,0.0,0.0,1136.4,83.5,🔴 CRITICAL DECAY,Critical,1,1
4625,888.5999999999999,385.92,0.0,0.0,888.6,56.6,🟠 RAPID DECLINE,High,1,2
4626,1075.1999999999998,994.45,913.7,752.21,322.99,7.5,🟢 STABLE,Low,11,12
4627,1399.1999999999998,1019.18,639.15,0.0,1399.2,27.2,🟡 DECLINING,Medium,5,6
4628,650.4000000000001,529.23,408.06,165.72,484.68,18.6,🟡 DECLINING,Medium,8,9
4629,231.60000000000002,172.45,113.3,0.0,231.6,25.5,🟡 DECLINING,Medium,5,6
4630,780.5999999999999,738.6,696.61,612.61,167.99,5.4,🟢 STABLE,Low,11,12
4631,1110.0,106.56,0.0,0.0,1110.0,90.4,🔴 CRITICAL DECAY,Critical,1,1
4632,233.39999999999998,101.9,0.0,0.0,233.4,56.3,🟠 RAPID DECLINE,High,1,1
4633,288.6,287.62,286.64,284.68,3.92,0.3,🟢 STABLE,Low,11,12
4634,225.0,105.68,0.0,0.0,225.0,53.0,🟠 RAPID DECLINE,High,1,2
4635,241.79999999999998,239.74,237.69,233.58,8.22,0.9,🟢 STABLE,Low,11,12
4636,240.0,234.29,228.58,217.15,22.85,2.4,🟢 STABLE,Low,11,12
4637,852.0,841.69,831.38,810.76,41.24,1.2,🟢 STABLE,Low,11,12
4638,906.5999999999999,108.25,0.0,0.0,906.6,88.1,🔴 CRITICAL DECAY,Critical,1,1
4639,1123.1999999999998,229.81,0.0,0.0,1123.2,79.5,🔴 CRITICAL DECAY,Critical,1,1
4640,840.0,179.26,0.0,0.0,840.0,78.7,🔴 CRITICAL DECAY,Critical,1,1
4641,292.79999999999995,165.7,38.59,0.0,292.8,43.4,🟠 RAPID DECLINE,High,3,4
4642,897.5999999999999,885.84,874.08,850.57,47.03,1.3,🟢 STABLE,Low,11,12
4643,783.0,569.79,356.58,0.0,783.0,27.2,🟡 DECLINING,Medium,5,6
4644,606.5999999999999,397.75,188.9,0.0,606.6,34.4,🟡 DECLINING,Medium,4,5
4645,1252.8000000000002,293.78,0.0,0.0,1252.8,76.6,🔴 CRITICAL DECAY,Critical,1,1
4646,848.4000000000001,70.16,0.0,0.0,848.4,91.7,🔴 CRITICAL DECAY,Critical,1,1
4647,543.0,361.48,179.95,0.0,543.0,33.4,🟡 DECLINING,Medium,1,2
4648,843.5999999999999,164.0,0.0,0.0,843.6,80.6,🔴 CRITICAL DECAY,Critical,1,1
4649,1307.4,1297.07,1286.74,1266.09,41.31,0.8,🟢 STABLE,Low,11,12
4650,317.4,263.98,210.56,103.73,213.67,16.8,🟡 DECLINING,Medium,8,9
4651,1034.4,408.9,0.0,0.0,1034.4,60.5,🔴 CRITICAL DECAY,Critical,1,2
4652,235.79999999999998,229.36,222.93,210.05,25.75,2.7,🟢 STABLE,Low,11,12
4653,614.4000000000001,494.1,373.8,133.2,481.2,19.6,🟡 DECLINING,Medium,7,8
4654,228.60000000000002,220.9,213.19,197.78,30.82,3.4,🟢 STABLE,Low,11,12
4655,897.0,888.84,880.67,864.35,32.65,0.9,🟢 STABLE,Low,11,12
4656,909.5999999999999,605.07,300.53,0.0,909.6,33.5,🟡 DECLINING,Medium,4,5
4657,301.20000000000005,246.29,191.38,81.56,219.64,18.2,🟡 DECLINING,Medium,8,9
4658,533.4000000000001,405.76,278.11,22.83,510.57,23.9,🟡 DECLINING,Medium,6,7
4659,1251.6,1236.71,1221.81,1192.02,59.58,1.2,🟢 STABLE,Low,11,12
4660,234.0,116.23,0.0,0.0,234.0,50.3,🟠 RAPID DECLINE,High,1,2
4661,1068.0,1065.12,1062.23,1056.47,11.53,0.3,🟢 STABLE,Low,11,12
4662,241.79999999999998,230.94,220.09,198.37,43.43,4.5,🟢 STABLE,Low,11,12
4663,898.8000000000001,113.61,0.0,0.0,898.8,87.4,🔴 CRITICAL DECAY,Critical,1,1
4664,898.8000000000001,209.15,0.0,0.0,898.8,76.7,🔴 CRITICAL DECAY,Critical,1,1
4665,433.79999999999995,430.98,428.16,422.52,11.28,0.7,🟢 STABLE,Low,11,12
4666,230.39999999999998,183.26,136.12,41.84,188.56,20.5,🟡 DECLINING,Medium,7,8
4667,231.0,145.23,59.46,0.0,231.0,37.1,🟠 RAPID DECLINE,High,1,2
4668,734.4000000000001,472.59,210.77,0.0,734.4,35.6,🟠 RAPID DECLINE,High,4,5
4669,245.39999999999998,243.02,240.64,235.88,9.52,1.0,🟢 STABLE,Low,11,12
4670,420.59999999999997,379.13,337.66,254.72,165.88,9.9,🟢 STABLE,Low,11,12
4671,1203.0,218.95,0.0,0.0,1203.0,81.8,🔴 CRITICAL DECAY,Critical,1,1
4672,528.0,496.8,465.59,403.18,124.82,5.9,🟢 STABLE,Low,11,12
4673,1233.6,462.85,0.0,0.0,1233.6,62.5,🔴 CRITICAL DECAY,Critical,1,1
4674,604.2,565.83,527.47,450.73,153.47,6.4,🟢 STABLE,Low,11,12
4675,1200.0,524.52,0.0,0.0,1200.0,56.3,🟠 RAPID DECLINE,High,1,1
4676,240.0,211.03,182.06,124.13,115.87,12.1,🟢 STABLE,Low,11,12
4677,1198.1999999999998,188.24,0.0,0.0,1198.2,84.3,🔴 CRITICAL DECAY,Critical,1,1
4678,1130.4,104.56,0.0,0.0,1130.4,90.8,🔴 CRITICAL DECAY,Critical,1,1
4679,1036.8000000000002,1034.73,1032.65,1028.51,8.29,0.2,🟢 STABLE,Low,11,12
4680,700.8,474.44,248.08,0.0,700.8,32.3,🟡 DECLINING,Medium,4,5
4681,1006.1999999999999,92.57,0.0,0.0,1006.2,90.8,🔴 CRITICAL DECAY,Critical,1,1
4682,1059.6,707.71,355.81,0.0,1059.6,33.2,🟡 DECLINING,Medium,1,1
4683,1129.1999999999998,282.3,0.0,0.0,1129.2,75.0,🔴 CRITICAL DECAY,Critical,1,1
4684,1248.6,710.2,171.81,0.0,1248.6,43.1,🟠 RAPID DECLINE,High,1,1
4685,1306.8000000000002,1190.76,1074.71,842.62,464.18,8.9,🟢 STABLE,Low,11,12
4686,1288.8000000000002,1285.96,1283.13,1277.46,11.34,0.2,🟢 STABLE,Low,11,12
4687,1136.4,796.39,456.38,0.0,1136.4,29.9,🟡 DECLINING,Medium,5,6
4688,1090.1999999999998,853.95,617.71,145.21,944.99,21.7,🟡 DECLINING,Medium,6,7
4689,238.79999999999998,110.52,0.0,0.0,238.8,53.7,🟠 RAPID DECLINE,High,1,2
4690,796.8000000000001,770.51,744.21,691.62,105.18,3.3,🟢 STABLE,Low,11,12
4691,1207.8000000000002,679.27,150.73,0.0,1207.8,43.8,🟠 RAPID DECLINE,High,1,1
4692,1208.4,553.08,0.0,0.0,1208.4,54.2,🟠 RAPID DECLINE,High,1,1
4693,307.20000000000005,305.91,304.62,302.04,5.16,0.4,🟢 STABLE,Low,11,12
4694,238.20000000000002,191.35,144.49,50.78,187.42,19.7,🟡 DECLINING,Medium,7,8
4695,249.0,242.03,235.06,221.11,27.89,2.8,🟢 STABLE,Low,11,12
4696,1149.6,1115.92,1082.23,1014.87,134.73,2.9,🟢 STABLE,Low,11,12
4697,1135.8000000000002,776.09,416.38,0.0,1135.8,31.7,🟡 DECLINING,Medium,4,5
4698,966.5999999999999,959.83,953.07,939.54,27.06,0.7,🟢 STABLE,Low,11,12
4699,1279.8000000000002,1253.56,1227.33,1174.86,104.94,2.1,🟢 STABLE,Low,11,12
4700,550.2,280.38,10.56,0.0,550.2,49.0,🟠 RAPID DECLINE,High,1,1
4701,1252.1999999999998,307.16,0.0,0.0,1252.2,75.5,🔴 CRITICAL DECAY,Critical,1,1
4702,665.4000000000001,470.37,275.34,0.0,665.4,29.3,🟡 DECLINING,Medium,5,6
4703,946.1999999999999,330.7,0.0,0.0,946.2,65.0,🔴 CRITICAL DECAY,Critical,1,1
4704,733.8,530.9,328.01,0.0,733.8,27.7,🟡 DECLINING,Medium,5,6
4705,947.4000000000001,322.97,0.0,0.0,947.4,65.9,🔴 CRITICAL DECAY,Critical,1,1
4706,533.4000000000001,204.19,0.0,0.0,533.4,61.7,🔴 CRITICAL DECAY,Critical,1,1
4707,1310.4,1255.89,1201.37,1092.35,218.05,4.2,🟢 STABLE,Low,11,12
4708,735.5999999999999,727.43,719.27,702.94,32.66,1.1,🟢 STABLE,Low,11,12
4709,1162.1999999999998,828.88,495.56,0.0,1162.2,28.7,🟡 DECLINING,Medium,5,6
4710,486.59999999999997,476.38,466.16,445.73,40.87,2.1,🟢 STABLE,Low,11,12
4711,237.60000000000002,230.76,223.91,210.23,27.37,2.9,🟢 STABLE,Low,11,12
4712,1299.0,1106.23,913.46,527.91,771.09,14.8,🟢 STABLE,Low,10,11
4713,1260.6,948.73,636.86,13.11,1247.49,24.7,🟡 DECLINING,Medium,6,7
4714,1085.4,1080.84,1076.28,1067.17,18.23,0.4,🟢 STABLE,Low,11,12
4715,1036.8000000000002,1030.27,1023.74,1010.67,26.13,0.6,🟢 STABLE,Low,11,12
4716,802.8000000000001,796.46,790.12,777.43,25.37,0.8,🟢 STABLE,Low,11,12
4717,1328.4,722.65,116.9,0.0,1328.4,45.6,🟠 RAPID DECLINE,High,1,2
4718,240.0,226.22,212.45,184.9,55.1,5.7,🟢 STABLE,Low,11,12
4719,1018.8000000000001,352.71,0.0,0.0,1018.8,65.4,🔴 CRITICAL DECAY,Critical,1,1
4720,1225.1999999999998,900.15,575.11,0.0,1225.2,26.5,🟡 DECLINING,Medium,1,2
4721,243.0,143.78,44.57,0.0,243.0,40.8,🟠 RAPID DECLINE,High,1,1
4722,841.8000000000001,829.34,816.88,791.97,49.83,1.5,🟢 STABLE,Low,11,12
4723,892.1999999999999,76.37,0.0,0.0,892.2,91.4,🔴 CRITICAL DECAY,Critical,1,1
4724,960.5999999999999,930.53,900.47,840.33,120.27,3.1,🟢 STABLE,Low,11,12
4725,744.5999999999999,578.26,411.91,79.23,665.37,22.3,🟡 DECLINING,Medium,6,7
4726,590.4000000000001,583.2,575.99,561.59,28.81,1.2,🟢 STABLE,Low,11,12
4727,246.0,243.79,241.57,237.14,8.86,0.9,🟢 STABLE,Low,11,12
4728,459.0,452.94,446.88,434.76,24.24,1.3,🟢 STABLE,Low,11,12
4729,659.4000000000001,651.22,643.05,626.69,32.71,1.2,🟢 STABLE,Low,11,12
4730,1159.1999999999998,889.8,620.4,81.61,1077.59,23.2,🟡 DECLINING,Medium,6,7
4731,238.79999999999998,230.49,222.18,205.56,33.24,3.5,🟢 STABLE,Low,11,12
4732,238.79999999999998,238.42,238.04,237.27,1.53,0.2,🟢 STABLE,Low,11,12
4733,1015.1999999999999,354.2,0.0,0.0,1015.2,65.1,🔴 CRITICAL DECAY,Critical,1,1
4734,960.0,864.67,769.34,578.69,381.31,9.9,🟢 STABLE,Low,11,12
4735,1023.0,938.3,853.59,684.18,338.82,8.3,🟢 STABLE,Low,11,12
4736,975.0,965.84,956.67,938.34,36.66,0.9,🟢 STABLE,Low,11,12
4737,1386.0,1379.35,1372.69,1359.39,26.61,0.5,🟢 STABLE,Low,11,12
4738,1249.1999999999998,393.0,0.0,0.0,1249.2,68.5,🔴 CRITICAL DECAY,Critical,1,1
4739,948.0,420.34,0.0,0.0,948.0,55.7,🟠 RAPID DECLINE,High,1,2
4740,469.20000000000005,296.3,123.4,0.0,469.2,36.8,🟠 RAPID DECLINE,High,1,1
4741,1135.8000000000002,230.23,0.0,0.0,1135.8,79.7,🔴 CRITICAL DECAY,Critical,1,2
4742,249.60000000000002,248.45,247.3,245.01,4.59,0.5,🟢 STABLE,Low,11,12
4743,714.0,703.93,693.87,673.73,40.27,1.4,🟢 STABLE,Low,11,12
4744,240.60000000000002,239.59,238.58,236.56,4.04,0.4,🟢 STABLE,Low,11,12
4745,1205.4,313.77,0.0,0.0,1205.4,74.0,🔴 CRITICAL DECAY,Critical,1,1
4746,918.0,114.11,0.0,0.0,918.0,87.6,🔴 CRITICAL DECAY,Critical,1,1
4747,247.20000000000002,241.71,236.22,225.25,21.95,2.2,🟢 STABLE,Low,11,12
4748,243.60000000000002,238.63,233.66,223.72,19.88,2.0,🟢 STABLE,Low,11,12
4749,590.4000000000001,200.26,0.0,0.0,590.4,66.1,🔴 CRITICAL DECAY,Critical,1,1
4750,474.59999999999997,452.67,430.75,386.89,87.71,4.6,🟢 STABLE,Low,11,12
4751,277.79999999999995,231.55,185.29,92.79,185.01,16.6,🟡 DECLINING,Medium,9,10
4752,245.39999999999998,238.01,230.63,215.85,29.55,3.0,🟢 STABLE,Low,11,12
4753,970.1999999999999,220.33,0.0,0.0,970.2,77.3,🔴 CRITICAL DECAY,Critical,1,1
4754,303.0,301.36,299.73,296.46,6.54,0.5,🟢 STABLE,Low,11,12
4755,1095.0,536.77,0.0,0.0,1095.0,51.0,🟠 RAPID DECLINE,High,1,2
4756,869.4000000000001,850.79,832.19,794.98,74.42,2.1,🟢 STABLE,Low,11,12
4757,721.2,490.85,260.5,0.0,721.2,31.9,🟡 DECLINING,Medium,4,5
4758,236.39999999999998,233.63,230.87,225.34,11.06,1.2,🟢 STABLE,Low,11,12
4759,947.4000000000001,55.71,0.0,0.0,947.4,94.1,🔴 CRITICAL DECAY,Critical,1,1
4760,901.1999999999999,876.78,852.35,803.51,97.69,2.7,🟢 STABLE,Low,11,12
4761,300.0,299.25,298.5,297.0,3.0,0.2,🟢 STABLE,Low,11,12
4762,829.8000000000001,666.41,503.02,176.25,653.55,19.7,🟡 DECLINING,Medium,7,8
4763,1098.6,970.5,842.41,586.21,512.39,11.7,🟢 STABLE,Low,11,12
4764,541.8,168.28,0.0,0.0,541.8,68.9,🔴 CRITICAL DECAY,Critical,1,1
4765,429.59999999999997,422.9,416.2,402.79,26.81,1.6,🟢 STABLE,Low,11,12
4766,1357.8000000000002,1349.52,1341.23,1324.67,33.13,0.6,🟢 STABLE,Low,11,12
4767,238.20000000000002,234.22,230.24,222.29,15.91,1.7,🟢 STABLE,Low,11,12
4768,237.60000000000002,237.27,236.93,236.27,1.33,0.1,🟢 STABLE,Low,11,12
4769,238.79999999999998,233.79,228.77,218.74,20.06,2.1,🟢 STABLE,Low,11,12
4770,236.39999999999998,223.85,211.29,186.19,50.21,5.3,🟢 STABLE,Low,11,12
4771,952.8000000000001,157.12,0.0,0.0,952.8,83.5,🔴 CRITICAL DECAY,Critical,1,1
4772,709.2,692.11,675.02,640.83,68.37,2.4,🟢 STABLE,Low,11,12
4773,647.4000000000001,426.05,204.71,0.0,647.4,34.2,🟡 DECLINING,Medium,1,1
4774,1093.8000000000002,977.97,862.13,630.47,463.33,10.6,🟢 STABLE,Low,11,12
4775,1191.6,412.77,0.0,0.0,1191.6,65.4,🔴 CRITICAL DECAY,Critical,1,1
4776,827.4000000000001,153.73,0.0,0.0,827.4,81.4,🔴 CRITICAL DECAY,Critical,1,1
4777,618.5999999999999,476.38,334.17,49.74,568.86,23.0,🟡 DECLINING,Medium,6,7
4778,292.79999999999995,291.25,289.7,286.59,6.21,0.5,🟢 STABLE,Low,11,12
4779,1161.6,306.08,0.0,0.0,1161.6,73.7,🔴 CRITICAL DECAY,Critical,1,1
4780,840.5999999999999,410.55,0.0,0.0,840.6,51.2,🟠 RAPID DECLINE,High,2,3
4781,234.0,232.34,230.68,227.35,6.65,0.7,🟢 STABLE,Low,11,12
4782,945.0,324.13,0.0,0.0,945.0,65.7,🔴 CRITICAL DECAY,Critical,1,1
4783,830.4000000000001,824.09,817.78,805.16,25.24,0.8,🟢 STABLE,Low,11,12
4784,234.60000000000002,77.0,0.0,0.0,234.6,67.2,🔴 CRITICAL DECAY,Critical,1,1
4785,967.8000000000001,181.08,0.0,0.0,967.8,81.3,🔴 CRITICAL DECAY,Critical,1,1
4786,1243.8000000000002,1226.39,1208.97,1174.15,69.65,1.4,🟢 STABLE,Low,11,12
4787,656.4000000000001,462.89,269.39,0.0,656.4,29.5,🟡 DECLINING,Medium,5,6
4788,649.8,641.61,633.43,617.05,32.75,1.3,🟢 STABLE,Low,11,12
4789,853.1999999999999,124.14,0.0,0.0,853.2,85.5,🔴 CRITICAL DECAY,Critical,1,1
4790,1018.1999999999999,290.9,0.0,0.0,1018.2,71.4,🔴 CRITICAL DECAY,Critical,1,1
4791,240.0,146.98,53.95,0.0,240.0,38.8,🟠 RAPID DECLINE,High,3,4
4792,1275.0,1132.33,989.66,704.31,570.69,11.2,🟢 STABLE,Low,11,12
4793,1191.0,817.03,443.05,0.0,1191.0,31.4,🟡 DECLINING,Medium,4,5
4794,232.20000000000002,132.21,32.23,0.0,232.2,43.1,🟠 RAPID DECLINE,High,1,2
4795,249.60000000000002,238.99,228.38,207.17,42.43,4.3,🟢 STABLE,Low,11,12
4796,1137.0,873.56,610.11,83.23,1053.77,23.2,🟡 DECLINING,Medium,6,7
4797,1368.6,1364.77,1360.94,1353.27,15.33,0.3,🟢 STABLE,Low,11,12
4798,898.8000000000001,577.03,255.26,0.0,898.8,35.8,🟠 RAPID DECLINE,High,4,5
4799,237.60000000000002,133.44,29.27,0.0,237.6,43.8,🟠 RAPID DECLINE,High,3,4
4800,1128.0,25.72,0.0,0.0,1128.0,97.7,🔴 CRITICAL DECAY,Critical,1,1
4801,970.1999999999999,968.94,967.68,965.15,5.05,0.1,🟢 STABLE,Low,11,12
4802,655.8,586.61,517.43,379.05,276.75,10.6,🟢 STABLE,Low,11,12
4803,1100.4,915.86,731.33,362.25,738.15,16.8,🟡 DECLINING,Medium,8,9
4804,1423.1999999999998,1209.72,996.24,569.28,853.92,15.0,🟢 STABLE,Low,10,11
4805,294.6,292.21,289.83,285.05,9.55,0.8,🟢 STABLE,Low,11,12
4806,233.39999999999998,227.38,221.36,209.31,24.09,2.6,🟢 STABLE,Low,11,12
4807,1393.8000000000002,1372.34,1350.87,1307.94,85.86,1.5,🟢 STABLE,Low,11,12
4808,967.1999999999999,951.14,935.09,902.98,64.22,1.7,🟢 STABLE,Low,11,12
4809,243.60000000000002,81.12,0.0,0.0,243.6,66.7,🔴 CRITICAL DECAY,Critical,2,3
4810,1078.1999999999998,375.54,0.0,0.0,1078.2,65.2,🔴 CRITICAL DECAY,Critical,1,1
4811,552.0,316.79,81.59,0.0,552.0,42.6,🟠 RAPID DECLINE,High,1,1
4812,795.0,673.92,552.84,310.69,484.31,15.2,🟡 DECLINING,Medium,9,10
4813,1197.6,977.84,758.08,318.56,879.04,18.4,🟡 DECLINING,Medium,8,9
4814,1080.0,224.86,0.0,0.0,1080.0,79.2,🔴 CRITICAL DECAY,Critical,1,1
4815,845.4000000000001,809.98,774.56,703.71,141.69,4.2,🟢 STABLE,Low,11,12
4816,900.0,878.13,856.26,812.52,87.48,2.4,🟢 STABLE,Low,11,12
4817,238.79999999999998,124.32,9.84,0.0,238.8,47.9,🟠 RAPID DECLINE,High,1,1
4818,963.5999999999999,928.43,893.26,822.91,140.69,3.6,🟢 STABLE,Low,11,12
4819,237.0,235.36,233.73,230.46,6.54,0.7,🟢 STABLE,Low,11,12
4820,1011.5999999999999,1001.69,991.77,971.95,39.65,1.0,🟢 STABLE,Low,11,12
4821,648.5999999999999,596.45,544.31,440.01,208.59,8.0,🟢 STABLE,Low,11,12
4822,1258.8000000000002,1253.64,1248.48,1238.16,20.64,0.4,🟢 STABLE,Low,11,12
4823,647.4000000000001,302.4,0.0,0.0,647.4,53.3,🟠 RAPID DECLINE,High,2,3
4824,1167.0,983.08,799.16,431.32,735.68,15.8,🟡 DECLINING,Medium,9,10
4825,996.5999999999999,440.4,0.0,0.0,996.6,55.8,🟠 RAPID DECLINE,High,1,1
4826,1266.0,134.96,0.0,0.0,1266.0,89.3,🔴 CRITICAL DECAY,Critical,1,1
4827,972.0,545.58,119.17,0.0,972.0,43.9,🟠 RAPID DECLINE,High,1,1
4828,493.20000000000005,461.54,429.87,366.55,126.65,6.4,🟢 STABLE,Low,11,12
4829,540.0,412.24,284.47,28.94,511.06,23.7,🟡 DECLINING,Medium,6,7
4830,894.5999999999999,883.6,872.59,850.59,44.01,1.2,🟢 STABLE,Low,11,12
4831,482.40000000000003,463.3,444.19,405.99,76.41,4.0,🟢 STABLE,Low,11,12
4832,846.0,755.65,665.29,484.59,361.41,10.7,🟢 STABLE,Low,11,12
4833,237.0,230.44,223.87,210.74,26.26,2.8,🟢 STABLE,Low,11,12
4834,295.79999999999995,294.41,293.02,290.24,5.56,0.5,🟢 STABLE,Low,11,12
4835,1251.0,831.92,412.83,0.0,1251.0,33.5,🟡 DECLINING,Medium,4,5
4836,940.1999999999999,901.18,862.16,784.13,156.07,4.2,🟢 STABLE,Low,11,12
4837,837.5999999999999,149.76,0.0,0.0,837.6,82.1,🔴 CRITICAL DECAY,Critical,1,1
4838,1316.4,1042.98,769.57,222.73,1093.67,20.8,🟡 DECLINING,Medium,7,8
4839,885.0,240.28,0.0,0.0,885.0,72.8,🔴 CRITICAL DECAY,Critical,1,1
4840,401.40000000000003,271.27,141.13,0.0,401.4,32.4,🟡 DECLINING,Medium,4,5
4841,1135.1999999999998,377.23,0.0,0.0,1135.2,66.8,🔴 CRITICAL DECAY,Critical,1,1
4842,654.5999999999999,421.96,189.31,0.0,654.6,35.5,🟠 RAPID DECLINE,High,1,1
4843,242.39999999999998,241.5,240.61,238.81,3.59,0.4,🟢 STABLE,Low,11,12
4844,243.60000000000002,237.27,230.93,218.27,25.33,2.6,🟢 STABLE,Low,11,12
4845,472.79999999999995,470.72,468.64,464.48,8.32,0.4,🟢 STABLE,Low,11,12
4846,829.8000000000001,451.91,74.02,0.0,829.8,45.5,🟠 RAPID DECLINE,High,3,4
4847,915.0,307.53,0.0,0.0,915.0,66.4,🔴 CRITICAL DECAY,Critical,1,1
4848,1126.8000000000002,113.92,0.0,0.0,1126.8,89.9,🔴 CRITICAL DECAY,Critical,1,1
4849,616.2,408.91,201.62,0.0,616.2,33.6,🟡 DECLINING,Medium,4,5
4850,1200.6,895.41,590.21,0.0,1200.6,25.4,🟡 DECLINING,Medium,5,6
4851,844.8000000000001,119.71,0.0,0.0,844.8,85.8,🔴 CRITICAL DECAY,Critical,1,1
4852,243.60000000000002,242.77,241.94,240.29,3.31,0.3,🟢 STABLE,Low,11,12
4853,1133.4,1002.72,872.04,610.68,522.72,11.5,🟢 STABLE,Low,11,12
4854,556.8,521.39,485.98,415.15,141.65,6.4,🟢 STABLE,Low,11,12
4855,1248.6,1225.25,1201.9,1155.2,93.4,1.9,🟢 STABLE,Low,11,12
4856,1093.8000000000002,491.66,0.0,0.0,1093.8,55.1,🟠 RAPID DECLINE,High,1,2
4857,298.79999999999995,214.03,129.26,0.0,298.8,28.4,🟡 DECLINING,Medium,5,6
4858,715.2,693.17,671.14,627.09,88.11,3.1,🟢 STABLE,Low,11,12
4859,1302.0,1291.06,1280.13,1258.25,43.75,0.8,🟢 STABLE,Low,11,12
4860,486.59999999999997,481.0,475.41,464.22,22.38,1.2,🟢 STABLE,Low,11,12
4861,707.4000000000001,654.35,601.29,495.18,212.22,7.5,🟢 STABLE,Low,11,12
4862,851.4000000000001,134.35,0.0,0.0,851.4,84.2,🔴 CRITICAL DECAY,Critical,1,1
4863,249.0,246.73,244.47,239.94,9.06,0.9,🟢 STABLE,Low,11,12
4864,1357.8000000000002,846.05,334.29,0.0,1357.8,37.7,🟠 RAPID DECLINE,High,3,4
4865,585.5999999999999,318.98,52.35,0.0,585.6,45.5,🟠 RAPID DECLINE,High,3,4
4866,756.5999999999999,543.84,331.09,0.0,756.6,28.1,🟡 DECLINING,Medium,5,6
4867,1210.1999999999998,520.87,0.0,0.0,1210.2,57.0,🟠 RAPID DECLINE,High,1,1
4868,1194.0,388.89,0.0,0.0,1194.0,67.4,🔴 CRITICAL DECAY,Critical,1,1
4869,966.5999999999999,302.16,0.0,0.0,966.6,68.7,🔴 CRITICAL DECAY,Critical,1,2
4870,772.8000000000001,765.15,757.5,742.2,30.6,1.0,🟢 STABLE,Low,11,12
4871,902.4000000000001,845.64,788.88,675.36,227.04,6.3,🟢 STABLE,Low,11,12
4872,1018.8000000000001,1016.86,1014.93,1011.06,7.74,0.2,🟢 STABLE,Low,11,12
4873,231.60000000000002,145.86,60.12,0.0,231.6,37.0,🟠 RAPID DECLINE,High,4,5
4874,1006.8000000000001,689.66,372.52,0.0,1006.8,31.5,🟡 DECLINING,Medium,1,1
4875,1409.4,1024.49,639.59,0.0,1409.4,27.3,🟡 DECLINING,Medium,1,1
4876,1252.8000000000002,308.19,0.0,0.0,1252.8,75.4,🔴 CRITICAL DECAY,Critical,1,1
4877,895.8000000000001,865.43,835.06,774.33,121.47,3.4,🟢 STABLE,Low,11,12
4878,708.5999999999999,620.52,532.44,356.28,352.32,12.4,🟢 STABLE,Low,11,12
4879,829.1999999999999,759.8,690.39,551.58,277.62,8.4,🟢 STABLE,Low,11,12
4880,246.60000000000002,244.21,241.82,237.03,9.57,1.0,🟢 STABLE,Low,11,12
4881,918.5999999999999,817.65,716.69,514.78,403.82,11.0,🟢 STABLE,Low,11,12
4882,750.0,745.42,740.85,731.7,18.3,0.6,🟢 STABLE,Low,11,12
4883,352.79999999999995,90.81,0.0,0.0,352.8,74.3,🔴 CRITICAL DECAY,Critical,1,1
4884,1138.8000000000002,963.77,788.73,438.67,700.13,15.4,🟡 DECLINING,Medium,9,10
4885,1339.8000000000002,1322.92,1306.04,1272.27,67.53,1.3,🟢 STABLE,Low,11,12
4886,238.79999999999998,231.9,225.0,211.19,27.61,2.9,🟢 STABLE,Low,11,12
4887,245.39999999999998,201.15,156.91,68.42,176.98,18.0,🟡 DECLINING,Medium,8,9
4888,1272.6,962.34,652.08,31.56,1241.04,24.4,🟡 DECLINING,Medium,6,7
4889,1361.4,1250.58,1139.76,918.13,443.27,8.1,🟢 STABLE,Low,11,12
4890,1110.6,952.12,793.63,476.67,633.93,14.3,🟢 STABLE,Low,10,11
4891,787.1999999999999,505.78,224.35,0.0,787.2,35.7,🟠 RAPID DECLINE,High,4,5
4892,1012.1999999999999,230.58,0.0,0.0,1012.2,77.2,🔴 CRITICAL DECAY,Critical,1,1
4893,535.8,258.95,0.0,0.0,535.8,51.7,🟠 RAPID DECLINE,High,1,1
4894,853.1999999999999,827.18,801.15,749.11,104.09,3.0,🟢 STABLE,Low,11,12
4895,1021.8000000000001,720.68,419.55,0.0,1021.8,29.5,🟡 DECLINING,Medium,5,6
4896,596.4000000000001,486.66,376.92,157.45,438.95,18.4,🟡 DECLINING,Medium,8,9
4897,362.4,332.61,302.82,243.24,119.16,8.2,🟢 STABLE,Low,11,12
4898,303.0,137.2,0.0,0.0,303.0,54.7,🟠 RAPID DECLINE,High,1,1
4899,1008.5999999999999,483.42,0.0,0.0,1008.6,52.1,🟠 RAPID DECLINE,High,1,1
4900,1028.4,383.59,0.0,0.0,1028.4,62.7,🔴 CRITICAL DECAY,Critical,1,1
4901,896.4000000000001,63.2,0.0,0.0,896.4,92.9,🔴 CRITICAL DECAY,Critical,1,1
4902,676.2,569.83,463.47,250.73,425.47,15.7,🟡 DECLINING,Medium,9,10
4903,1089.6,124.98,0.0,0.0,1089.6,88.5,🔴 CRITICAL DECAY,Critical,1,1
4904,1290.6,710.86,131.12,0.0,1290.6,44.9,🟠 RAPID DECLINE,High,3,4
4905,238.20000000000002,235.84,233.48,228.77,9.43,1.0,🟢 STABLE,Low,11,12
4906,1150.8000000000002,1148.96,1147.12,1143.43,7.37,0.2,🟢 STABLE,Low,11,12
4907,286.20000000000005,285.17,284.14,282.08,4.12,0.4,🟢 STABLE,Low,11,12
4908,1273.8000000000002,350.17,0.0,0.0,1273.8,72.5,🔴 CRITICAL DECAY,Critical,1,1
4909,1006.1999999999999,998.85,991.51,976.82,29.38,0.7,🟢 STABLE,Low,11,12
4910,1024.1999999999998,963.26,902.32,780.44,243.76,6.0,🟢 STABLE,Low,11,12
4911,1017.5999999999999,1012.92,1008.24,998.88,18.72,0.5,🟢 STABLE,Low,11,12
4912,1090.1999999999998,641.26,192.31,0.0,1090.2,41.2,🟠 RAPID DECLINE,High,3,4
4913,913.1999999999999,911.28,909.36,905.53,7.67,0.2,🟢 STABLE,Low,11,12
4914,894.5999999999999,891.65,888.7,882.79,11.81,0.3,🟢 STABLE,Low,11,12
4915,470.40000000000003,373.92,277.44,84.48,385.92,20.5,🟡 DECLINING,Medium,7,8
4916,954.5999999999999,214.5,0.0,0.0,954.6,77.5,🔴 CRITICAL DECAY,Critical,1,2
4917,235.20000000000002,181.57,127.95,20.7,214.5,22.8,🟡 DECLINING,Medium,6,7
4918,234.60000000000002,233.78,232.96,231.32,3.28,0.3,🟢 STABLE,Low,11,12
4919,469.79999999999995,468.06,466.32,462.85,6.95,0.4,🟢 STABLE,Low,11,12
4920,241.20000000000002,240.74,240.28,239.37,1.83,0.2,🟢 STABLE,Low,11,12
4921,1199.4,491.75,0.0,0.0,1199.4,59.0,🟠 RAPID DECLINE,High,2,3
4922,717.5999999999999,684.66,651.72,585.85,131.75,4.6,🟢 STABLE,Low,11,12
4923,597.0,572.34,547.69,498.38,98.62,4.1,🟢 STABLE,Low,11,12
4924,429.0,89.23,0.0,0.0,429.0,79.2,🔴 CRITICAL DECAY,Critical,1,1
4925,1302.0,956.06,610.12,0.0,1302.0,26.6,🟡 DECLINING,Medium,5,6
4926,721.8,715.38,708.95,696.1,25.7,0.9,🟢 STABLE,Low,11,12
4927,228.60000000000002,227.14,225.67,222.75,5.85,0.6,🟢 STABLE,Low,11,12
4928,552.0,371.83,191.65,0.0,552.0,32.6,🟡 DECLINING,Medium,1,1
4929,1008.0,945.71,883.41,758.82,249.18,6.2,🟢 STABLE,Low,11,12
4930,534.5999999999999,164.18,0.0,0.0,534.6,69.3,🔴 CRITICAL DECAY,Critical,1,2
4931,1241.4,236.36,0.0,0.0,1241.4,81.0,🔴 CRITICAL DECAY,Critical,1,1
4932,967.8000000000001,900.83,833.86,699.91,267.89,6.9,🟢 STABLE,Low,11,12
4933,686.4000000000001,523.52,360.63,34.87,651.53,23.7,🟡 DECLINING,Medium,6,7
4934,1329.0,1324.22,1319.43,1309.86,19.14,0.4,🟢 STABLE,Low,11,12
4935,296.4,284.72,273.04,249.69,46.71,3.9,🟢 STABLE,Low,11,12
4936,1164.6,879.74,594.88,25.16,1139.44,24.5,🟡 DECLINING,Medium,6,7
4937,916.1999999999999,886.79,857.38,798.56,117.64,3.2,🟢 STABLE,Low,11,12
4938,1072.8000000000002,574.16,75.53,0.0,1072.8,46.5,🟠 RAPID DECLINE,High,1,1
4939,226.79999999999998,135.31,43.82,0.0,226.8,40.3,🟠 RAPID DECLINE,High,1,2
4940,893.4000000000001,455.01,16.62,0.0,893.4,49.1,🟠 RAPID DECLINE,High,1,2
4941,237.60000000000002,116.73,0.0,0.0,237.6,50.9,🟠 RAPID DECLINE,High,2,3
4942,610.8,261.18,0.0,0.0,610.8,57.2,🟠 RAPID DECLINE,High,1,1
4943,1012.8000000000001,1009.46,1006.12,999.43,13.37,0.3,🟢 STABLE,Low,11,12
4944,292.79999999999995,230.23,167.66,42.51,250.29,21.4,🟡 DECLINING,Medium,7,8
4945,240.60000000000002,239.11,237.62,234.63,5.97,0.6,🟢 STABLE,Low,11,12
4946,972.0,152.7,0.0,0.0,972.0,84.3,🔴 CRITICAL DECAY,Critical,1,1
4947,1180.1999999999998,269.79,0.0,0.0,1180.2,77.1,🔴 CRITICAL DECAY,Critical,1,1
4948,666.0,497.77,329.54,0.0,666.0,25.3,🟡 DECLINING,Medium,5,6
4949,612.0,206.49,0.0,0.0,612.0,66.3,🔴 CRITICAL DECAY,Critical,1,1
4950,1099.8000000000002,131.54,0.0,0.0,1099.8,88.0,🔴 CRITICAL DECAY,Critical,1,1
4951,1011.5999999999999,298.12,0.0,0.0,1011.6,70.5,🔴 CRITICAL DECAY,Critical,1,1
4952,1202.4,557.55,0.0,0.0,1202.4,53.6,🟠 RAPID DECLINE,High,2,3
4953,232.79999999999998,231.22,229.63,226.47,6.33,0.7,🟢 STABLE,Low,11,12
4954,1090.1999999999998,131.37,0.0,0.0,1090.2,87.9,🔴 CRITICAL DECAY,Critical,1,1
4955,832.8000000000001,143.66,0.0,0.0,832.8,82.7,🔴 CRITICAL DECAY,Critical,1,1
4956,1133.4,255.24,0.0,0.0,1133.4,77.5,🔴 CRITICAL DECAY,Critical,1,1
4957,244.79999999999998,178.61,112.41,0.0,244.8,27.0,🟡 DECLINING,Medium,5,6
4958,1137.0,911.87,686.75,236.5,900.5,19.8,🟡 DECLINING,Medium,7,8
4959,241.79999999999998,126.65,11.51,0.0,241.8,47.6,🟠 RAPID DECLINE,High,1,1
4960,1148.4,270.56,0.0,0.0,1148.4,76.4,🔴 CRITICAL DECAY,Critical,1,1
4961,532.2,471.16,410.11,288.03,244.17,11.5,🟢 STABLE,Low,11,12
4962,894.5999999999999,802.28,709.95,525.31,369.29,10.3,🟢 STABLE,Low,11,12
4963,883.1999999999999,867.48,851.76,820.32,62.88,1.8,🟢 STABLE,Low,11,12
4964,899.4000000000001,467.42,35.44,0.0,899.4,48.0,🟠 RAPID DECLINE,High,3,4
4965,575.4000000000001,147.07,0.0,0.0,575.4,74.4,🔴 CRITICAL DECAY,Critical,1,1
4966,601.2,522.08,442.96,284.73,316.47,13.2,🟢 STABLE,Low,11,12
4967,763.2,452.88,142.57,0.0,763.2,40.7,🟠 RAPID DECLINE,High,3,4
4968,636.0,629.58,623.15,610.31,25.69,1.0,🟢 STABLE,Low,11,12
4969,238.20000000000002,91.25,0.0,0.0,238.2,61.7,🔴 CRITICAL DECAY,Critical,1,2
4970,292.20000000000005,252.26,212.31,132.43,159.77,13.7,🟢 STABLE,Low,10,11
4971,234.60000000000002,162.62,90.65,0.0,234.6,30.7,🟡 DECLINING,Medium,4,5
4972,300.6,299.61,298.62,296.63,3.97,0.3,🟢 STABLE,Low,11,12
4973,1125.6,641.82,158.03,0.0,1125.6,43.0,🟠 RAPID DECLINE,High,3,4
4974,442.20000000000005,231.01,19.81,0.0,442.2,47.8,🟠 RAPID DECLINE,High,1,1
4975,1245.0,1220.1,1195.2,1145.4,99.6,2.0,🟢 STABLE,Low,11,12
4976,681.0,669.01,657.03,633.06,47.94,1.8,🟢 STABLE,Low,11,12
4977,249.60000000000002,243.38,237.17,224.74,24.86,2.5,🟢 STABLE,Low,11,12
4978,529.2,118.33,0.0,0.0,529.2,77.6,🔴 CRITICAL DECAY,Critical,1,1
4979,293.4,289.38,285.36,277.32,16.08,1.4,🟢 STABLE,Low,11,12
4980,307.20000000000005,298.91,290.61,274.02,33.18,2.7,🟢 STABLE,Low,11,12
4981,609.0,166.99,0.0,0.0,609.0,72.6,🔴 CRITICAL DECAY,Critical,1,1
4982,1252.8000000000002,1016.77,780.74,308.69,944.11,18.8,🟡 DECLINING,Medium,7,8
4983,471.59999999999997,299.37,127.14,0.0,471.6,36.5,🟠 RAPID DECLINE,High,4,5
4984,715.8,679.58,643.36,570.92,144.88,5.1,🟢 STABLE,Low,11,12
4985,999.5999999999999,997.9,996.2,992.8,6.8,0.2,🟢 STABLE,Low,11,12
4986,954.5999999999999,106.53,0.0,0.0,954.6,88.8,🔴 CRITICAL DECAY,Critical,1,1
4987,293.4,292.64,291.87,290.35,3.05,0.3,🟢 STABLE,Low,11,12
4988,230.39999999999998,221.53,212.66,194.92,35.48,3.8,🟢 STABLE,Low,11,12
4989,357.6,308.07,258.54,159.49,198.11,13.9,🟢 STABLE,Low,10,11
4990,546.0,413.1,280.21,14.41,531.59,24.3,🟡 DECLINING,Medium,6,7
4991,1277.4,931.48,585.56,0.0,1277.4,27.1,🟡 DECLINING,Medium,1,1
4992,360.6,257.5,154.41,0.0,360.6,28.6,🟡 DECLINING,Medium,5,6
4993,787.8000000000001,785.99,784.18,780.55,7.25,0.2,🟢 STABLE,Low,11,12
4994,1152.6,247.0,0.0,0.0,1152.6,78.6,🔴 CRITICAL DECAY,Critical,1,1
4995,901.1999999999999,154.11,0.0,0.0,901.2,82.9,🔴 CRITICAL DECAY,Critical,1,1
4996,888.5999999999999,882.82,877.05,865.5,23.1,0.7,🟢 STABLE,Low,11,12
4997,536.4000000000001,159.95,0.0,0.0,536.4,70.2,🔴 CRITICAL DECAY,Critical,1,1
4998,1329.0,1036.22,743.44,157.89,1171.11,22.0,🟡 DECLINING,Medium,6,7
4999,236.39999999999998,233.28,230.16,223.92,12.48,1.3,🟢 STABLE,Low,11,12
5000,594.0,307.87,21.74,0.0,594.0,48.2,🟠 RAPID DECLINE,High,3,4
5001,660.0,557.3,454.61,249.22,410.78,15.6,🟡 DECLINING,Medium,9,10
5002,527.4000000000001,523.55,519.7,512.0,15.4,0.7,🟢 STABLE,Low,11,12
5003,892.1999999999999,309.77,0.0,0.0,892.2,65.3,🔴 CRITICAL DECAY,Critical,1,1
5004,1333.8000000000002,855.37,376.93,0.0,1333.8,35.9,🟠 RAPID DECLINE,High,4,5
5005,1256.4,692.78,129.16,0.0,1256.4,44.9,🟠 RAPID DECLINE,High,1,1
5006,668.4000000000001,599.29,530.17,391.95,276.45,10.3,🟢 STABLE,Low,11,12
5007,247.20000000000002,214.92,182.63,118.06,129.14,13.1,🟢 STABLE,Low,11,12
5008,235.79999999999998,234.13,232.45,229.1,6.7,0.7,🟢 STABLE,Low,11,12
5009,1389.6,1101.67,813.75,237.9,1151.7,20.7,🟡 DECLINING,Medium,7,8
5010,1063.8000000000002,1058.16,1052.52,1041.25,22.55,0.5,🟢 STABLE,Low,11,12
5011,1134.0,673.71,213.42,0.0,1134.0,40.6,🟠 RAPID DECLINE,High,3,4
5012,241.20000000000002,184.69,128.17,15.15,226.05,23.4,🟡 DECLINING,Medium,6,7
5013,415.79999999999995,228.9,42.0,0.0,415.8,44.9,🟠 RAPID DECLINE,High,1,1
5014,627.5999999999999,445.85,264.09,0.0,627.6,29.0,🟡 DECLINING,Medium,5,6
5015,780.0,730.63,681.25,582.5,197.5,6.3,🟢 STABLE,Low,11,12
5016,238.20000000000002,151.02,63.84,0.0,238.2,36.6,🟠 RAPID DECLINE,High,4,5
5017,425.40000000000003,386.18,346.96,268.51,156.89,9.2,🟢 STABLE,Low,11,12
5018,236.39999999999998,236.05,235.69,234.98,1.42,0.1,🟢 STABLE,Low,11,12
5019,1147.1999999999998,130.32,0.0,0.0,1147.2,88.6,🔴 CRITICAL DECAY,Critical,1,1
5020,238.20000000000002,236.18,234.15,230.1,8.1,0.8,🟢 STABLE,Low,11,12
5021,982.1999999999999,893.41,804.62,627.04,355.16,9.0,🟢 STABLE,Low,11,12
5022,1311.6,1307.8,1303.99,1296.39,15.21,0.3,🟢 STABLE,Low,11,12
5023,843.5999999999999,45.3,0.0,0.0,843.6,94.6,🔴 CRITICAL DECAY,Critical,1,1
5024,304.79999999999995,303.58,302.36,299.92,4.88,0.4,🟢 STABLE,Low,11,12
5025,837.5999999999999,381.69,0.0,0.0,837.6,54.4,🟠 RAPID DECLINE,High,1,1
5026,240.0,235.18,230.35,220.7,19.3,2.0,🟢 STABLE,Low,11,12
5027,1026.6,179.14,0.0,0.0,1026.6,82.6,🔴 CRITICAL DECAY,Critical,1,1
5028,1318.8000000000002,1311.68,1304.56,1290.31,28.49,0.5,🟢 STABLE,Low,11,12
5029,603.5999999999999,487.35,371.09,138.59,465.01,19.3,🟡 DECLINING,Medium,7,8
5030,1134.0,421.85,0.0,0.0,1134.0,62.8,🔴 CRITICAL DECAY,Critical,1,1
5031,1218.0,449.44,0.0,0.0,1218.0,63.1,🔴 CRITICAL DECAY,Critical,1,2
5032,1069.8000000000002,113.4,0.0,0.0,1069.8,89.4,🔴 CRITICAL DECAY,Critical,1,1
5033,232.79999999999998,76.4,0.0,0.0,232.8,67.2,🔴 CRITICAL DECAY,Critical,1,1
5034,358.79999999999995,345.74,332.68,306.56,52.24,3.6,🟢 STABLE,Low,11,12
5035,945.5999999999999,398.95,0.0,0.0,945.6,57.8,🟠 RAPID DECLINE,High,1,1
5036,1024.1999999999998,182.21,0.0,0.0,1024.2,82.2,🔴 CRITICAL DECAY,Critical,1,1
5037,955.8000000000001,168.99,0.0,0.0,955.8,82.3,🔴 CRITICAL DECAY,Critical,1,1
5038,231.60000000000002,223.93,216.27,200.94,30.66,3.3,🟢 STABLE,Low,11,12
5039,955.1999999999999,117.3,0.0,0.0,955.2,87.7,🔴 CRITICAL DECAY,Critical,1,1
5040,1161.6,965.06,768.51,375.43,786.17,16.9,🟡 DECLINING,Medium,8,9
5041,247.79999999999998,237.24,226.69,205.57,42.23,4.3,🟢 STABLE,Low,11,12
5042,237.60000000000002,229.33,221.06,204.53,33.07,3.5,🟢 STABLE,Low,11,12
5043,1087.1999999999998,376.17,0.0,0.0,1087.2,65.4,🔴 CRITICAL DECAY,Critical,1,1
5044,1255.1999999999998,369.53,0.0,0.0,1255.2,70.6,🔴 CRITICAL DECAY,Critical,2,3
5045,960.5999999999999,455.32,0.0,0.0,960.6,52.6,🟠 RAPID DECLINE,High,2,3
5046,541.8,288.94,36.08,0.0,541.8,46.7,🟠 RAPID DECLINE,High,1,2
5047,877.8000000000001,541.43,205.05,0.0,877.8,38.3,🟠 RAPID DECLINE,High,3,4
5048,1189.1999999999998,854.2,519.2,0.0,1189.2,28.2,🟡 DECLINING,Medium,5,6
5049,242.39999999999998,102.75,0.0,0.0,242.4,57.6,🟠 RAPID DECLINE,High,2,3
5050,1272.6,1207.7,1142.79,1012.99,259.61,5.1,🟢 STABLE,Low,1,1
5051,1264.1999999999998,1053.46,842.72,421.23,842.97,16.7,🟡 DECLINING,Medium,8,9
5052,547.8,507.48,467.16,386.53,161.27,7.4,🟢 STABLE,Low,11,12
5053,959.4000000000001,381.36,0.0,0.0,959.4,60.3,🔴 CRITICAL DECAY,Critical,1,2
5054,653.4000000000001,629.75,606.09,558.79,94.61,3.6,🟢 STABLE,Low,11,12
5055,301.20000000000005,296.5,291.8,282.41,18.79,1.6,🟢 STABLE,Low,11,12
5056,1016.4000000000001,1013.96,1011.52,1006.64,9.76,0.2,🟢 STABLE,Low,11,12
5057,910.1999999999999,162.38,0.0,0.0,910.2,82.2,🔴 CRITICAL DECAY,Critical,1,1
5058,585.5999999999999,550.05,514.51,443.42,142.18,6.1,🟢 STABLE,Low,11,12
5059,1189.8000000000002,386.69,0.0,0.0,1189.8,67.5,🔴 CRITICAL DECAY,Critical,1,1
5060,422.40000000000003,272.7,123.0,0.0,422.4,35.4,🟠 RAPID DECLINE,High,4,5
5061,915.0,895.14,875.29,835.58,79.42,2.2,🟢 STABLE,Low,11,12
5062,670.8,514.97,359.15,47.49,623.31,23.2,🟡 DECLINING,Medium,1,1
5063,988.1999999999999,209.79,0.0,0.0,988.2,78.8,🔴 CRITICAL DECAY,Critical,1,1
5064,484.79999999999995,297.76,110.73,0.0,484.8,38.6,🟠 RAPID DECLINE,High,1,1
5065,298.79999999999995,288.73,278.66,258.52,40.28,3.4,🟢 STABLE,Low,11,12
5066,651.5999999999999,637.46,623.32,595.04,56.56,2.2,🟢 STABLE,Low,11,12
5067,795.5999999999999,719.54,643.48,491.36,304.24,9.6,🟢 STABLE,Low,11,12
5068,250.79999999999998,250.1,249.4,247.99,2.81,0.3,🟢 STABLE,Low,11,12
5069,904.1999999999999,176.23,0.0,0.0,904.2,80.5,🔴 CRITICAL DECAY,Critical,1,1
5070,1021.8000000000001,950.27,878.75,735.7,286.1,7.0,🟢 STABLE,Low,11,12
5071,904.1999999999999,281.12,0.0,0.0,904.2,68.9,🔴 CRITICAL DECAY,Critical,2,3
5072,1253.4,313.1,0.0,0.0,1253.4,75.0,🔴 CRITICAL DECAY,Critical,1,1
5073,593.4000000000001,551.39,509.37,425.35,168.05,7.1,🟢 STABLE,Low,11,12
5074,233.39999999999998,230.62,227.85,222.29,11.11,1.2,🟢 STABLE,Low,11,12
5075,1105.8000000000002,829.57,553.34,0.88,1104.92,25.0,🟡 DECLINING,Medium,1,2
5076,1125.6,888.21,650.82,176.04,949.56,21.1,🟡 DECLINING,Medium,7,8
5077,238.20000000000002,235.17,232.15,226.1,12.1,1.3,🟢 STABLE,Low,11,12
5078,1203.0,1108.2,1013.41,823.81,379.19,7.9,🟢 STABLE,Low,11,12
5079,1148.4,567.31,0.0,0.0,1148.4,50.6,🟠 RAPID DECLINE,High,2,3
5080,1117.8000000000002,1075.88,1033.97,950.13,167.67,3.8,🟢 STABLE,Low,11,12
5081,836.4000000000001,831.88,827.37,818.33,18.07,0.5,🟢 STABLE,Low,11,12
5082,237.60000000000002,229.33,221.06,204.53,33.07,3.5,🟢 STABLE,Low,11,12
5083,856.1999999999999,782.05,707.91,559.61,296.59,8.7,🟢 STABLE,Low,11,12
5084,249.0,233.09,217.18,185.36,63.64,6.4,🟢 STABLE,Low,11,12
5085,487.20000000000005,329.01,170.81,0.0,487.2,32.5,🟡 DECLINING,Medium,4,5
5086,244.79999999999998,234.32,223.85,202.89,41.91,4.3,🟢 STABLE,Low,11,12
5087,244.20000000000002,107.4,0.0,0.0,244.2,56.0,🟠 RAPID DECLINE,High,1,2
5088,237.0,234.7,232.4,227.8,9.2,1.0,🟢 STABLE,Low,11,12
5089,652.8,498.02,343.24,33.68,619.12,23.7,🟡 DECLINING,Medium,1,2
5090,1136.4,281.49,0.0,0.0,1136.4,75.2,🔴 CRITICAL DECAY,Critical,1,1
5091,366.0,187.21,8.42,0.0,366.0,48.8,🟠 RAPID DECLINE,High,1,1
5092,245.39999999999998,129.42,13.45,0.0,245.4,47.3,🟠 RAPID DECLINE,High,3,4
5093,793.8000000000001,787.77,781.73,769.67,24.13,0.8,🟢 STABLE,Low,11,12
5094,1078.1999999999998,1019.11,960.03,841.86,236.34,5.5,🟢 STABLE,Low,11,12
5095,540.5999999999999,527.63,514.65,488.7,51.9,2.4,🟢 STABLE,Low,11,12
5096,1042.1999999999998,1040.85,1039.49,1036.78,5.42,0.1,🟢 STABLE,Low,11,12
5097,1161.0,1061.15,961.31,761.62,399.38,8.6,🟢 STABLE,Low,11,12
5098,924.0,80.48,0.0,0.0,924.0,91.3,🔴 CRITICAL DECAY,Critical,1,1
5099,241.20000000000002,194.82,148.43,55.67,185.53,19.2,🟡 DECLINING,Medium,7,8
5100,903.5999999999999,94.16,0.0,0.0,903.6,89.6,🔴 CRITICAL DECAY,Critical,1,1
5101,1279.8000000000002,999.91,720.02,160.23,1119.57,21.9,🟡 DECLINING,Medium,6,7
5102,1321.8000000000002,1309.24,1296.69,1271.57,50.23,1.0,🟢 STABLE,Low,11,12
5103,994.1999999999999,870.62,747.04,499.88,494.32,12.4,🟢 STABLE,Low,11,12
5104,241.20000000000002,238.62,236.04,230.88,10.32,1.1,🟢 STABLE,Low,11,12
5105,1190.4,839.71,489.02,0.0,1190.4,29.5,🟡 DECLINING,Medium,5,6
5106,713.4000000000001,651.19,588.98,464.57,248.83,8.7,🟢 STABLE,Low,11,12
5107,703.2,601.52,499.83,296.47,406.73,14.5,🟢 STABLE,Low,10,11
5108,596.4000000000001,530.02,463.64,330.88,265.52,11.1,🟢 STABLE,Low,11,12
5109,790.1999999999999,785.62,781.03,771.87,18.33,0.6,🟢 STABLE,Low,11,12
5110,882.0,134.77,0.0,0.0,882.0,84.7,🔴 CRITICAL DECAY,Critical,1,1
5111,1026.0,655.72,285.43,0.0,1026.0,36.1,🟠 RAPID DECLINE,High,1,1
5112,240.60000000000002,153.17,65.73,0.0,240.6,36.3,🟠 RAPID DECLINE,High,4,5
5113,1363.8000000000002,1359.03,1354.25,1344.71,19.09,0.3,🟢 STABLE,Low,11,12
5114,1000.8000000000001,707.87,414.93,0.0,1000.8,29.3,🟡 DECLINING,Medium,5,6
5115,787.8000000000001,774.64,761.49,735.17,52.63,1.7,🟢 STABLE,Low,11,12
5116,844.8000000000001,105.6,0.0,0.0,844.8,87.5,🔴 CRITICAL DECAY,Critical,1,1
5117,736.2,731.34,726.48,716.76,19.44,0.7,🟢 STABLE,Low,11,12
5118,1030.8000000000002,655.18,279.55,0.0,1030.8,36.4,🟠 RAPID DECLINE,High,4,5
5119,907.8000000000001,298.12,0.0,0.0,907.8,67.2,🔴 CRITICAL DECAY,Critical,1,2
5120,597.0,562.97,528.94,460.88,136.12,5.7,🟢 STABLE,Low,11,12
5121,850.8000000000001,819.75,788.69,726.58,124.22,3.6,🟢 STABLE,Low,11,12
5122,598.2,553.39,508.59,418.98,179.22,7.5,🟢 STABLE,Low,11,12
5123,903.5999999999999,288.88,0.0,0.0,903.6,68.0,🔴 CRITICAL DECAY,Critical,1,1
5124,241.20000000000002,238.57,235.94,230.68,10.52,1.1,🟢 STABLE,Low,11,12
5125,1128.0,84.6,0.0,0.0,1128.0,92.5,🔴 CRITICAL DECAY,Critical,1,1
5126,1236.6,979.88,723.16,209.73,1026.87,20.8,🟡 DECLINING,Medium,7,8
5127,1420.1999999999998,1110.6,800.99,181.79,1238.41,21.8,🟡 DECLINING,Medium,1,1
5128,1196.4,622.37,48.33,0.0,1196.4,48.0,🟠 RAPID DECLINE,High,1,2
5129,982.8000000000001,367.96,0.0,0.0,982.8,62.6,🔴 CRITICAL DECAY,Critical,1,2
5130,365.4,163.99,0.0,0.0,365.4,55.1,🟠 RAPID DECLINE,High,1,1
5131,1153.1999999999998,329.82,0.0,0.0,1153.2,71.4,🔴 CRITICAL DECAY,Critical,1,1
5132,794.4000000000001,782.56,770.73,747.05,47.35,1.5,🟢 STABLE,Low,11,12
5133,1251.0,312.5,0.0,0.0,1251.0,75.0,🔴 CRITICAL DECAY,Critical,1,1
5134,962.4000000000001,149.36,0.0,0.0,962.4,84.5,🔴 CRITICAL DECAY,Critical,1,1
5135,237.0,131.25,25.5,0.0,237.0,44.6,🟠 RAPID DECLINE,High,1,2
5136,871.1999999999999,124.93,0.0,0.0,871.2,85.7,🔴 CRITICAL DECAY,Critical,1,1
5137,1398.0,1147.9,897.8,397.59,1000.41,17.9,🟡 DECLINING,Medium,8,9
5138,1281.6,1260.07,1238.54,1195.48,86.12,1.7,🟢 STABLE,Low,11,12
5139,299.4,296.74,294.07,288.74,10.66,0.9,🟢 STABLE,Low,11,12
5140,1071.0,55.8,0.0,0.0,1071.0,94.8,🔴 CRITICAL DECAY,Critical,1,1
5141,231.0,131.74,32.48,0.0,231.0,43.0,🟠 RAPID DECLINE,High,3,4
5142,1254.6,1218.09,1181.58,1108.56,146.04,2.9,🟢 STABLE,Low,11,12
5143,1046.4,983.93,921.46,796.52,249.88,6.0,🟢 STABLE,Low,11,12
5144,369.0,117.67,0.0,0.0,369.0,68.1,🔴 CRITICAL DECAY,Critical,2,3
5145,308.4,300.41,292.42,276.45,31.95,2.6,🟢 STABLE,Low,11,12
5146,1034.4,463.0,0.0,0.0,1034.4,55.2,🟠 RAPID DECLINE,High,1,2
5147,361.20000000000005,284.08,206.97,52.74,308.46,21.4,🟡 DECLINING,Medium,7,8
5148,1192.1999999999998,1167.76,1143.32,1094.44,97.76,2.0,🟢 STABLE,Low,11,12
5149,230.39999999999998,228.99,227.59,224.78,5.62,0.6,🟢 STABLE,Low,11,12
5150,241.20000000000002,92.4,0.0,0.0,241.2,61.7,🔴 CRITICAL DECAY,Critical,1,2
5151,244.20000000000002,148.47,52.75,0.0,244.2,39.2,🟠 RAPID DECLINE,High,3,4
5152,307.79999999999995,303.37,298.94,290.07,17.73,1.4,🟢 STABLE,Low,11,12
5153,1134.6,460.76,0.0,0.0,1134.6,59.4,🟠 RAPID DECLINE,High,2,3
5154,1250.4,313.85,0.0,0.0,1250.4,74.9,🔴 CRITICAL DECAY,Critical,1,1
5155,1132.8000000000002,768.6,404.41,0.0,1132.8,32.2,🟡 DECLINING,Medium,4,5
5156,673.2,642.03,610.86,548.52,124.68,4.6,🟢 STABLE,Low,11,12
5157,819.0,810.07,801.15,783.29,35.71,1.1,🟢 STABLE,Low,11,12
5158,297.0,296.47,295.93,294.86,2.14,0.2,🟢 STABLE,Low,11,12
5159,915.0,142.47,0.0,0.0,915.0,84.4,🔴 CRITICAL DECAY,Critical,1,1
5160,892.1999999999999,216.8,0.0,0.0,892.2,75.7,🔴 CRITICAL DECAY,Critical,1,1
5161,649.8,584.43,519.06,388.32,261.48,10.1,🟢 STABLE,Low,11,12
5162,233.39999999999998,171.32,109.23,0.0,233.4,26.6,🟡 DECLINING,Medium,5,6
5163,419.40000000000003,372.68,325.96,232.52,186.88,11.1,🟢 STABLE,Low,11,12
5164,643.8,419.56,195.33,0.0,643.8,34.8,🟡 DECLINING,Medium,4,5
5165,835.8000000000001,55.92,0.0,0.0,835.8,93.3,🔴 CRITICAL DECAY,Critical,1,1
5166,1248.0,927.64,607.28,0.0,1248.0,25.7,🟡 DECLINING,Medium,5,6
5167,844.1999999999999,834.74,825.29,806.38,37.82,1.1,🟢 STABLE,Low,11,12
5168,969.5999999999999,210.4,0.0,0.0,969.6,78.3,🔴 CRITICAL DECAY,Critical,1,1
5169,778.1999999999999,749.8,721.39,664.58,113.62,3.6,🟢 STABLE,Low,11,12
5170,235.79999999999998,121.01,6.23,0.0,235.8,48.7,🟠 RAPID DECLINE,High,1,1
5171,550.8,481.67,412.55,274.3,276.5,12.6,🟢 STABLE,Low,11,12
5172,240.0,236.95,233.9,227.81,12.19,1.3,🟢 STABLE,Low,11,12
5173,537.5999999999999,302.88,68.17,0.0,537.6,43.7,🟠 RAPID DECLINE,High,1,2
5174,963.5999999999999,232.03,0.0,0.0,963.6,75.9,🔴 CRITICAL DECAY,Critical,1,1
5175,244.20000000000002,231.33,218.46,192.72,51.48,5.3,🟢 STABLE,Low,11,12
5176,549.5999999999999,522.56,495.52,441.44,108.16,4.9,🟢 STABLE,Low,11,12
5177,1009.1999999999999,330.71,0.0,0.0,1009.2,67.2,🔴 CRITICAL DECAY,Critical,1,1
5178,1307.4,710.96,114.53,0.0,1307.4,45.6,🟠 RAPID DECLINE,High,3,4
5179,832.1999999999999,473.36,114.51,0.0,832.2,43.1,🟠 RAPID DECLINE,High,3,4
5180,772.1999999999999,768.42,764.63,757.06,15.14,0.5,🟢 STABLE,Low,11,12
5181,1089.6,1087.97,1086.33,1083.06,6.54,0.1,🟢 STABLE,Low,11,12
5182,299.4,284.64,269.88,240.36,59.04,4.9,🟢 STABLE,Low,11,12
5183,955.1999999999999,678.19,401.18,0.0,955.2,29.0,🟡 DECLINING,Medium,5,6
5184,1016.4000000000001,1005.63,994.85,973.3,43.1,1.1,🟢 STABLE,Low,11,12
5185,849.5999999999999,838.39,827.17,804.74,44.86,1.3,🟢 STABLE,Low,11,12
5186,437.40000000000003,62.07,0.0,0.0,437.4,85.8,🔴 CRITICAL DECAY,Critical,1,1
5187,1252.8000000000002,463.16,0.0,0.0,1252.8,63.0,🔴 CRITICAL DECAY,Critical,1,1
5188,1218.0,419.84,0.0,0.0,1218.0,65.5,🔴 CRITICAL DECAY,Critical,1,1
5189,651.5999999999999,264.29,0.0,0.0,651.6,59.4,🟠 RAPID DECLINE,High,1,1
5190,1247.4,542.87,0.0,0.0,1247.4,56.5,🟠 RAPID DECLINE,High,1,1
5191,1093.1999999999998,1078.55,1063.9,1034.6,58.6,1.3,🟢 STABLE,Low,11,12
5192,239.39999999999998,237.99,236.58,233.75,5.65,0.6,🟢 STABLE,Low,11,12
5193,317.4,316.45,315.5,313.59,3.81,0.3,🟢 STABLE,Low,11,12
5194,1072.8000000000002,671.25,269.7,0.0,1072.8,37.4,🟠 RAPID DECLINE,High,1,1
5195,901.1999999999999,899.22,897.23,893.27,7.93,0.2,🟢 STABLE,Low,11,12
5196,1297.1999999999998,1277.61,1258.02,1218.85,78.35,1.5,🟢 STABLE,Low,11,12
5197,1321.8000000000002,1300.12,1278.44,1235.09,86.71,1.6,🟢 STABLE,Low,11,12
5198,964.1999999999999,646.11,328.02,0.0,964.2,33.0,🟡 DECLINING,Medium,1,1
5199,1338.0,797.45,256.9,0.0,1338.0,40.4,🟠 RAPID DECLINE,High,3,4
5200,1278.0,1215.89,1153.78,1029.56,248.44,4.9,🟢 STABLE,Low,11,12
5201,238.79999999999998,227.17,215.54,192.28,46.52,4.9,🟢 STABLE,Low,11,12
5202,1333.1999999999998,1317.2,1301.2,1269.21,63.99,1.2,🟢 STABLE,Low,11,12
5203,848.4000000000001,765.34,682.28,516.17,332.23,9.8,🟢 STABLE,Low,11,12
5204,298.20000000000005,161.83,25.47,0.0,298.2,45.7,🟠 RAPID DECLINE,High,1,2
5205,1094.4,1048.44,1002.47,910.54,183.86,4.2,🟢 STABLE,Low,11,12
5206,787.1999999999999,784.52,781.85,776.49,10.71,0.3,🟢 STABLE,Low,11,12
5207,487.79999999999995,309.51,131.22,0.0,487.8,36.5,🟠 RAPID DECLINE,High,4,5
5208,713.4000000000001,586.2,459.0,204.6,508.8,17.8,🟡 DECLINING,Medium,8,9
5209,1319.4,1308.98,1298.55,1277.71,41.69,0.8,🟢 STABLE,Low,11,12
5210,725.4000000000001,600.56,475.72,226.03,499.37,17.2,🟡 DECLINING,Medium,8,9
5211,1018.8000000000001,91.08,0.0,0.0,1018.8,91.1,🔴 CRITICAL DECAY,Critical,1,1
5212,462.0,458.58,455.16,448.32,13.68,0.7,🟢 STABLE,Low,11,12
5213,1110.6,197.13,0.0,0.0,1110.6,82.3,🔴 CRITICAL DECAY,Critical,1,1
5214,882.5999999999999,395.67,0.0,0.0,882.6,55.2,🟠 RAPID DECLINE,High,1,1
5215,241.79999999999998,99.77,0.0,0.0,241.8,58.7,🟠 RAPID DECLINE,High,1,1
5216,416.40000000000003,365.14,313.88,211.36,205.04,12.3,🟢 STABLE,Low,11,12
5217,294.0,208.48,122.95,0.0,294.0,29.1,🟡 DECLINING,Medium,5,6
5218,236.39999999999998,214.96,193.52,150.63,85.77,9.1,🟢 STABLE,Low,11,12
5219,247.20000000000002,146.27,45.34,0.0,247.2,40.8,🟠 RAPID DECLINE,High,1,1
5220,696.0,661.13,626.26,556.52,139.48,5.0,🟢 STABLE,Low,11,12
5221,1289.4,1244.66,1199.92,1110.43,178.97,3.5,🟢 STABLE,Low,11,12
5222,786.0,714.16,642.32,498.64,287.36,9.1,🟢 STABLE,Low,11,12
5223,305.4,303.38,301.37,297.34,8.06,0.7,🟢 STABLE,Low,11,12
5224,1201.8000000000002,1058.79,915.77,629.74,572.06,11.9,🟢 STABLE,Low,11,12
5225,1253.4,1182.21,1111.01,968.63,284.77,5.7,🟢 STABLE,Low,11,12
5226,253.79999999999998,183.14,112.48,0.0,253.8,27.8,🟡 DECLINING,Medium,5,6
5227,1154.4,190.48,0.0,0.0,1154.4,83.5,🔴 CRITICAL DECAY,Critical,1,1
5228,532.8,328.58,124.36,0.0,532.8,38.3,🟠 RAPID DECLINE,High,3,4
5229,1290.6,581.03,0.0,0.0,1290.6,55.0,🟠 RAPID DECLINE,High,1,1
5230,1132.1999999999998,1126.54,1120.88,1109.56,22.64,0.5,🟢 STABLE,Low,11,12
5231,1185.0,179.65,0.0,0.0,1185.0,84.8,🔴 CRITICAL DECAY,Critical,1,1
5232,243.60000000000002,148.35,53.1,0.0,243.6,39.1,🟠 RAPID DECLINE,High,1,2
5233,1213.8000000000002,298.59,0.0,0.0,1213.8,75.4,🔴 CRITICAL DECAY,Critical,1,1
5234,1269.0,1099.84,930.68,592.37,676.63,13.3,🟢 STABLE,Low,11,12
5235,973.8000000000001,290.97,0.0,0.0,973.8,70.1,🔴 CRITICAL DECAY,Critical,1,2
5236,1074.6,927.16,779.73,484.86,589.74,13.7,🟢 STABLE,Low,10,11
5237,657.0,543.08,429.15,201.3,455.7,17.3,🟡 DECLINING,Medium,8,9
5238,645.0,552.89,460.79,276.58,368.42,14.3,🟢 STABLE,Low,10,11
5239,1269.0,1220.02,1171.03,1073.07,195.93,3.9,🟢 STABLE,Low,11,12
5240,1270.1999999999998,1259.78,1249.37,1228.54,41.66,0.8,🟢 STABLE,Low,11,12
5241,770.4000000000001,683.5,596.6,422.8,347.6,11.3,🟢 STABLE,Low,11,12
5242,1064.4,313.68,0.0,0.0,1064.4,70.5,🔴 CRITICAL DECAY,Critical,1,1
5243,1052.4,924.53,796.67,540.93,511.47,12.2,🟢 STABLE,Low,11,12
5244,1071.6,630.64,189.67,0.0,1071.6,41.1,🟠 RAPID DECLINE,High,3,4
5245,241.79999999999998,241.15,240.49,239.19,2.61,0.3,🟢 STABLE,Low,11,12
5246,957.0,160.87,0.0,0.0,957.0,83.2,🔴 CRITICAL DECAY,Critical,1,1
5247,1134.6,483.57,0.0,0.0,1134.6,57.4,🟠 RAPID DECLINE,High,1,1
5248,240.60000000000002,237.02,233.43,226.26,14.34,1.5,🟢 STABLE,Low,11,12
5249,806.4000000000001,805.43,804.46,802.53,3.87,0.1,🟢 STABLE,Low,11,12
5250,1134.6,234.75,0.0,0.0,1134.6,79.3,🔴 CRITICAL DECAY,Critical,1,1
5251,828.5999999999999,140.7,0.0,0.0,828.6,83.0,🔴 CRITICAL DECAY,Critical,1,1
5252,1290.0,1071.35,852.69,415.38,874.62,16.9,🟡 DECLINING,Medium,8,9
5253,876.0,721.74,567.47,258.95,617.05,17.6,🟡 DECLINING,Medium,8,9
5254,1377.0,1370.94,1364.88,1352.76,24.24,0.4,🟢 STABLE,Low,11,12
5255,912.5999999999999,319.41,0.0,0.0,912.6,65.0,🔴 CRITICAL DECAY,Critical,1,2
5256,1155.0,1144.03,1133.05,1111.11,43.89,0.9,🟢 STABLE,Low,11,12
5257,1213.1999999999998,288.62,0.0,0.0,1213.2,76.2,🔴 CRITICAL DECAY,Critical,1,1
5258,1256.4,700.82,145.24,0.0,1256.4,44.2,🟠 RAPID DECLINE,High,1,1
5259,934.8000000000001,669.32,403.83,0.0,934.8,28.4,🟡 DECLINING,Medium,5,6
5260,1087.8000000000002,642.02,196.24,0.0,1087.8,41.0,🟠 RAPID DECLINE,High,3,4
5261,1325.4,1261.38,1197.37,1069.33,256.07,4.8,🟢 STABLE,Low,11,12
5262,824.4000000000001,812.53,800.66,776.91,47.49,1.4,🟢 STABLE,Low,11,12
5263,538.2,341.97,145.74,0.0,538.2,36.5,🟠 RAPID DECLINE,High,4,5
5264,357.6,347.37,337.15,316.69,40.91,2.9,🟢 STABLE,Low,11,12
5265,1066.8000000000002,1014.63,962.47,858.13,208.67,4.9,🟢 STABLE,Low,11,12
5266,705.0,678.28,651.56,598.12,106.88,3.8,🟢 STABLE,Low,11,12
5267,238.20000000000002,232.98,227.77,217.33,20.87,2.2,🟢 STABLE,Low,11,12
5268,1042.8000000000002,1038.11,1033.41,1024.03,18.77,0.4,🟢 STABLE,Low,11,12
5269,715.8,517.95,320.11,0.0,715.8,27.6,🟡 DECLINING,Medium,5,6
5270,663.0,643.84,624.68,586.36,76.64,2.9,🟢 STABLE,Low,11,12
5271,796.8000000000001,753.93,711.06,625.33,171.47,5.4,🟢 STABLE,Low,11,12
5272,1081.1999999999998,128.55,0.0,0.0,1081.2,88.1,🔴 CRITICAL DECAY,Critical,1,1
5273,241.79999999999998,240.83,239.87,237.93,3.87,0.4,🟢 STABLE,Low,11,12
5274,1297.1999999999998,1091.46,885.73,474.26,822.94,15.9,🟡 DECLINING,Medium,9,10
5275,645.0,423.57,202.14,0.0,645.0,34.3,🟡 DECLINING,Medium,4,5
5276,682.8,649.14,615.48,548.15,134.65,4.9,🟢 STABLE,Low,11,12
5277,1071.6,196.0,0.0,0.0,1071.6,81.7,🔴 CRITICAL DECAY,Critical,1,1
5278,1315.1999999999998,1161.85,1008.5,701.79,613.41,11.7,🟢 STABLE,Low,11,12
5279,301.79999999999995,300.83,299.87,297.94,3.86,0.3,🟢 STABLE,Low,11,12
5280,949.8000000000001,849.41,749.01,548.22,401.58,10.6,🟢 STABLE,Low,11,12
5281,801.0,797.16,793.31,785.62,15.38,0.5,🟢 STABLE,Low,11,12
5282,1142.4,89.34,0.0,0.0,1142.4,92.2,🔴 CRITICAL DECAY,Critical,1,1
5283,585.5999999999999,549.06,512.52,439.43,146.17,6.2,🟢 STABLE,Low,11,12
5284,548.4000000000001,164.47,0.0,0.0,548.4,70.0,🔴 CRITICAL DECAY,Critical,1,1
5285,968.4000000000001,963.36,958.33,948.26,20.14,0.5,🟢 STABLE,Low,11,12
5286,894.0,232.89,0.0,0.0,894.0,73.9,🔴 CRITICAL DECAY,Critical,1,1
5287,246.60000000000002,204.73,162.85,79.11,167.49,17.0,🟡 DECLINING,Medium,8,9
5288,955.8000000000001,53.72,0.0,0.0,955.8,94.4,🔴 CRITICAL DECAY,Critical,1,1
5289,1381.1999999999998,1230.37,1079.55,777.89,603.31,10.9,🟢 STABLE,Low,11,12
5290,716.4000000000001,713.46,710.53,704.65,11.75,0.4,🟢 STABLE,Low,11,12
5291,1037.4,982.52,927.64,817.89,219.51,5.3,🟢 STABLE,Low,11,12
5292,404.40000000000003,392.79,381.19,357.97,46.43,2.9,🟢 STABLE,Low,11,12
5293,961.1999999999999,950.92,940.63,920.06,41.14,1.1,🟢 STABLE,Low,11,12
5294,1248.6,1233.74,1218.88,1189.17,59.43,1.2,🟢 STABLE,Low,11,12
5295,1305.0,1094.9,884.79,464.58,840.42,16.1,🟡 DECLINING,Medium,9,10
5296,493.20000000000005,486.49,479.78,466.37,26.83,1.4,🟢 STABLE,Low,11,12
5297,244.20000000000002,240.32,236.43,228.67,15.53,1.6,🟢 STABLE,Low,11,12
5298,1270.8000000000002,668.31,65.83,0.0,1270.8,47.4,🟠 RAPID DECLINE,High,1,1
5299,1215.6,280.93,0.0,0.0,1215.6,76.9,🔴 CRITICAL DECAY,Critical,1,1
5300,960.5999999999999,218.15,0.0,0.0,960.6,77.3,🔴 CRITICAL DECAY,Critical,1,1
5301,1070.4,600.92,131.45,0.0,1070.4,43.9,🟠 RAPID DECLINE,High,1,1
5302,786.0,604.12,422.24,58.48,727.52,23.1,🟡 DECLINING,Medium,6,7
5303,485.40000000000003,459.67,433.95,382.5,102.9,5.3,🟢 STABLE,Low,11,12
5304,845.4000000000001,603.87,362.34,0.0,845.4,28.6,🟡 DECLINING,Medium,5,6
5305,945.5999999999999,916.0,886.41,827.21,118.39,3.1,🟢 STABLE,Low,11,12
5306,1003.8000000000001,417.78,0.0,0.0,1003.8,58.4,🟠 RAPID DECLINE,High,1,1
5307,1081.1999999999998,159.37,0.0,0.0,1081.2,85.3,🔴 CRITICAL DECAY,Critical,1,1
5308,989.4000000000001,980.69,971.99,954.57,34.83,0.9,🟢 STABLE,Low,11,12
5309,243.0,241.66,240.33,237.65,5.35,0.6,🟢 STABLE,Low,11,12
5310,795.0,777.43,759.86,724.72,70.28,2.2,🟢 STABLE,Low,11,12
5311,234.0,102.4,0.0,0.0,234.0,56.2,🟠 RAPID DECLINE,High,1,2
5312,615.0,289.91,0.0,0.0,615.0,52.9,🟠 RAPID DECLINE,High,2,3
5313,1076.4,768.76,461.13,0.0,1076.4,28.6,🟡 DECLINING,Medium,5,6
5314,774.5999999999999,772.04,769.49,764.38,10.22,0.3,🟢 STABLE,Low,11,12
5315,547.2,85.31,0.0,0.0,547.2,84.4,🔴 CRITICAL DECAY,Critical,1,1
5316,1123.8000000000002,1002.65,881.51,639.22,484.58,10.8,🟢 STABLE,Low,11,12
5317,595.8,324.0,52.19,0.0,595.8,45.6,🟠 RAPID DECLINE,High,1,1
5318,883.1999999999999,872.16,861.12,839.04,44.16,1.2,🟢 STABLE,Low,11,12
5319,1317.0,1301.85,1286.71,1256.42,60.58,1.2,🟢 STABLE,Low,11,12
5320,737.4000000000001,732.83,728.26,719.11,18.29,0.6,🟢 STABLE,Low,11,12
5321,1276.8000000000002,1054.0,831.2,385.59,891.21,17.4,🟡 DECLINING,Medium,8,9
5322,982.8000000000001,897.49,812.19,641.57,341.23,8.7,🟢 STABLE,Low,11,12
5323,1262.4,1093.24,924.08,585.75,676.65,13.4,🟢 STABLE,Low,11,12
5324,655.2,625.32,595.45,535.69,119.51,4.6,🟢 STABLE,Low,11,12
5325,246.60000000000002,236.44,226.28,205.96,40.64,4.1,🟢 STABLE,Low,11,12
5326,240.0,176.78,113.57,0.0,240.0,26.3,🟡 DECLINING,Medium,5,6
5327,236.39999999999998,234.04,231.67,226.94,9.46,1.0,🟢 STABLE,Low,11,12
5328,792.5999999999999,767.79,742.98,693.37,99.23,3.1,🟢 STABLE,Low,11,12
5329,408.0,252.39,96.78,0.0,408.0,38.1,🟠 RAPID DECLINE,High,1,1
5330,1110.0,220.67,0.0,0.0,1110.0,80.1,🔴 CRITICAL DECAY,Critical,1,1
5331,648.5999999999999,645.23,641.85,635.11,13.49,0.5,🟢 STABLE,Low,11,12
5332,706.8,671.81,636.83,566.85,139.95,5.0,🟢 STABLE,Low,11,12
5333,1060.1999999999998,374.25,0.0,0.0,1060.2,64.7,🔴 CRITICAL DECAY,Critical,1,1
5334,1295.4,1232.83,1170.26,1045.13,250.27,4.8,🟢 STABLE,Low,1,1
5335,1162.8000000000002,873.26,583.73,4.65,1158.15,24.9,🟡 DECLINING,Medium,6,7
5336,229.20000000000002,133.99,38.78,0.0,229.2,41.5,🟠 RAPID DECLINE,High,1,2
5337,600.0,509.1,418.2,236.4,363.6,15.1,🟡 DECLINING,Medium,9,10
5338,544.8,530.96,517.12,489.45,55.35,2.5,🟢 STABLE,Low,11,12
5339,1025.4,608.78,192.16,0.0,1025.4,40.6,🟠 RAPID DECLINE,High,1,1
5340,1009.1999999999999,990.43,971.66,934.12,75.08,1.9,🟢 STABLE,Low,11,12
5341,893.4000000000001,60.93,0.0,0.0,893.4,93.2,🔴 CRITICAL DECAY,Critical,1,1
5342,777.0,651.9,526.81,276.61,500.39,16.1,🟡 DECLINING,Medium,1,1
5343,795.0,787.85,780.69,766.38,28.62,0.9,🟢 STABLE,Low,11,12
5344,922.8000000000001,921.51,920.22,917.63,5.17,0.1,🟢 STABLE,Low,11,12
5345,1077.6,678.35,279.1,0.0,1077.6,37.0,🟠 RAPID DECLINE,High,1,1
5346,895.1999999999999,888.49,881.77,868.34,26.86,0.7,🟢 STABLE,Low,11,12
5347,1403.4,1396.1,1388.8,1374.21,29.19,0.5,🟢 STABLE,Low,11,12
5348,487.79999999999995,477.41,467.02,446.24,41.56,2.1,🟢 STABLE,Low,11,12
5349,1372.1999999999998,1363.14,1354.09,1335.97,36.23,0.7,🟢 STABLE,Low,11,12
5350,836.4000000000001,833.14,829.88,823.35,13.05,0.4,🟢 STABLE,Low,11,12
5351,1146.0,617.35,88.7,0.0,1146.0,46.1,🟠 RAPID DECLINE,High,1,1
5352,1183.8000000000002,378.93,0.0,0.0,1183.8,68.0,🔴 CRITICAL DECAY,Critical,1,2
5353,739.8,648.21,556.63,373.45,366.35,12.4,🟢 STABLE,Low,11,12
5354,1072.1999999999998,101.11,0.0,0.0,1072.2,90.6,🔴 CRITICAL DECAY,Critical,1,1
5355,1144.8000000000002,911.26,677.72,210.64,934.16,20.4,🟡 DECLINING,Medium,7,8
5356,424.79999999999995,391.2,357.6,290.39,134.41,7.9,🟢 STABLE,Low,11,12
5357,239.39999999999998,237.03,234.66,229.92,9.48,1.0,🟢 STABLE,Low,11,12
5358,231.0,188.63,146.27,61.54,169.46,18.3,🟡 DECLINING,Medium,8,9
5359,355.79999999999995,131.18,0.0,0.0,355.8,63.1,🔴 CRITICAL DECAY,Critical,1,1
5360,1014.0,421.32,0.0,0.0,1014.0,58.4,🟠 RAPID DECLINE,High,1,1
5361,244.79999999999998,231.85,218.9,193.0,51.8,5.3,🟢 STABLE,Low,11,12
5362,297.0,295.81,294.62,292.25,4.75,0.4,🟢 STABLE,Low,11,12
5363,304.20000000000005,303.01,301.83,299.45,4.75,0.4,🟢 STABLE,Low,11,12
5364,1088.4,660.66,232.92,0.0,1088.4,39.3,🟠 RAPID DECLINE,High,3,4
5365,240.0,238.66,237.31,234.62,5.38,0.6,🟢 STABLE,Low,11,12
5366,717.0,713.7,710.4,703.81,13.19,0.5,🟢 STABLE,Low,11,12
5367,990.0,985.54,981.09,972.18,17.82,0.5,🟢 STABLE,Low,11,12
5368,843.5999999999999,119.54,0.0,0.0,843.6,85.8,🔴 CRITICAL DECAY,Critical,1,1
5369,244.20000000000002,213.04,181.88,119.56,124.64,12.8,🟢 STABLE,Low,11,12
5370,1089.6,746.7,403.81,0.0,1089.6,31.5,🟡 DECLINING,Medium,1,2
5371,1247.4,1010.14,772.89,298.38,949.02,19.0,🟡 DECLINING,Medium,1,1
5372,1259.4,640.66,21.91,0.0,1259.4,49.1,🟠 RAPID DECLINE,High,3,4
5373,1263.0,1237.23,1211.47,1159.94,103.06,2.0,🟢 STABLE,Low,11,12
5374,897.0,172.49,0.0,0.0,897.0,80.8,🔴 CRITICAL DECAY,Critical,1,1
5375,609.5999999999999,124.36,0.0,0.0,609.6,79.6,🔴 CRITICAL DECAY,Critical,1,1
5376,285.0,274.4,263.8,242.59,42.41,3.7,🟢 STABLE,Low,11,12
5377,735.5999999999999,379.35,23.1,0.0,735.6,48.4,🟠 RAPID DECLINE,High,3,4
5378,909.5999999999999,902.78,895.96,882.31,27.29,0.7,🟢 STABLE,Low,11,12
5379,1176.0,829.9,483.81,0.0,1176.0,29.4,🟡 DECLINING,Medium,5,6
5380,963.0,168.91,0.0,0.0,963.0,82.5,🔴 CRITICAL DECAY,Critical,1,1
5381,946.8000000000001,438.56,0.0,0.0,946.8,53.7,🟠 RAPID DECLINE,High,1,1
5382,624.0,612.14,600.29,576.58,47.42,1.9,🟢 STABLE,Low,11,12
5383,1017.0,352.09,0.0,0.0,1017.0,65.4,🔴 CRITICAL DECAY,Critical,1,1
5384,772.8000000000001,638.72,504.64,236.48,536.32,17.3,🟡 DECLINING,Medium,8,9
5385,1025.4,748.64,471.89,0.0,1025.4,27.0,🟡 DECLINING,Medium,1,1
5386,549.5999999999999,400.88,252.16,0.0,549.6,27.1,🟡 DECLINING,Medium,5,6
5387,366.0,191.71,17.42,0.0,366.0,47.6,🟠 RAPID DECLINE,High,3,4
5388,238.79999999999998,144.0,49.19,0.0,238.8,39.7,🟠 RAPID DECLINE,High,1,1
5389,829.8000000000001,720.43,611.06,392.33,437.47,13.2,🟢 STABLE,Low,11,12
5390,1193.4,119.1,0.0,0.0,1193.4,90.0,🔴 CRITICAL DECAY,Critical,1,1
5391,591.0,498.8,406.61,222.22,368.78,15.6,🟡 DECLINING,Medium,9,10
5392,472.20000000000005,470.17,468.14,464.08,8.12,0.4,🟢 STABLE,Low,11,12
5393,847.1999999999999,45.49,0.0,0.0,847.2,94.6,🔴 CRITICAL DECAY,Critical,1,1
5394,1261.1999999999998,651.54,41.87,0.0,1261.2,48.3,🟠 RAPID DECLINE,High,3,4
5395,972.0,189.35,0.0,0.0,972.0,80.5,🔴 CRITICAL DECAY,Critical,1,1
5396,241.20000000000002,237.0,232.81,224.41,16.79,1.7,🟢 STABLE,Low,11,12
5397,1018.1999999999999,196.51,0.0,0.0,1018.2,80.7,🔴 CRITICAL DECAY,Critical,1,1
5398,237.0,134.95,32.9,0.0,237.0,43.1,🟠 RAPID DECLINE,High,1,2
5399,237.0,231.31,225.62,214.25,22.75,2.4,🟢 STABLE,Low,11,12
5400,844.8000000000001,434.48,24.16,0.0,844.8,48.6,🟠 RAPID DECLINE,High,1,1
5401,245.39999999999998,243.8,242.21,239.02,6.38,0.7,🟢 STABLE,Low,11,12
5402,244.20000000000002,240.9,237.61,231.01,13.19,1.4,🟢 STABLE,Low,11,12
5403,1034.4,994.16,953.92,873.45,160.95,3.9,🟢 STABLE,Low,11,12
5404,1147.8000000000002,1071.47,995.14,842.49,305.31,6.7,🟢 STABLE,Low,11,12
5405,1245.6,1205.87,1166.13,1086.66,158.94,3.2,🟢 STABLE,Low,11,12
5406,1166.4,1158.47,1150.54,1134.67,31.73,0.7,🟢 STABLE,Low,11,12
5407,762.5999999999999,758.1,753.6,744.6,18.0,0.6,🟢 STABLE,Low,11,12
5408,299.4,296.53,293.65,287.9,11.5,1.0,🟢 STABLE,Low,11,12
5409,1069.8000000000002,324.04,0.0,0.0,1069.8,69.7,🔴 CRITICAL DECAY,Critical,1,1
5410,1188.0,1165.31,1142.62,1097.24,90.76,1.9,🟢 STABLE,Low,11,12
5411,297.6,70.03,0.0,0.0,297.6,76.5,🔴 CRITICAL DECAY,Critical,1,1
5412,1026.6,1003.91,981.22,935.85,90.75,2.2,🟢 STABLE,Low,11,12
5413,1128.0,490.79,0.0,0.0,1128.0,56.5,🟠 RAPID DECLINE,High,1,2
5414,1267.8000000000002,649.62,31.44,0.0,1267.8,48.8,🟠 RAPID DECLINE,High,3,4
5415,603.5999999999999,419.62,235.65,0.0,603.6,30.5,🟡 DECLINING,Medium,1,2
5416,1140.0,1017.56,895.13,650.26,489.74,10.7,🟢 STABLE,Low,11,12
5417,736.8,729.65,722.51,708.21,28.59,1.0,🟢 STABLE,Low,11,12
5418,966.5999999999999,338.02,0.0,0.0,966.6,65.0,🔴 CRITICAL DECAY,Critical,2,3
5419,942.0,935.31,928.62,915.25,26.75,0.7,🟢 STABLE,Low,11,12
5420,1371.6,1360.76,1349.93,1328.26,43.34,0.8,🟢 STABLE,Low,11,12
5421,240.60000000000002,239.01,237.42,234.25,6.35,0.7,🟢 STABLE,Low,11,12
5422,751.8,744.73,737.67,723.53,28.27,0.9,🟢 STABLE,Low,11,12
5423,970.1999999999999,267.58,0.0,0.0,970.2,72.4,🔴 CRITICAL DECAY,Critical,1,1
5424,1112.4,1100.39,1088.37,1064.34,48.06,1.1,🟢 STABLE,Low,11,12
5425,1205.4,479.63,0.0,0.0,1205.4,60.2,🔴 CRITICAL DECAY,Critical,1,2
5426,902.4000000000001,897.44,892.47,882.55,19.85,0.5,🟢 STABLE,Low,11,12
5427,1017.0,631.46,245.91,0.0,1017.0,37.9,🟠 RAPID DECLINE,High,3,4
5428,1073.4,187.09,0.0,0.0,1073.4,82.6,🔴 CRITICAL DECAY,Critical,1,1
5429,954.0,952.47,950.95,947.89,6.11,0.2,🟢 STABLE,Low,11,12
5430,865.8000000000001,543.12,220.43,0.0,865.8,37.3,🟠 RAPID DECLINE,High,4,5
5431,237.60000000000002,230.76,223.91,210.23,27.37,2.9,🟢 STABLE,Low,11,12
5432,916.8000000000001,688.7,460.6,4.4,912.4,24.9,🟡 DECLINING,Medium,1,1
5433,1210.8000000000002,954.59,698.39,185.98,1024.82,21.2,🟡 DECLINING,Medium,7,8
5434,1143.6,1089.74,1035.87,928.15,215.45,4.7,🟢 STABLE,Low,11,12
5435,1091.4,1057.57,1023.73,956.07,135.33,3.1,🟢 STABLE,Low,11,12
5436,654.0,400.05,146.1,0.0,654.0,38.8,🟠 RAPID DECLINE,High,3,4
5437,739.2,534.07,328.94,0.0,739.2,27.8,🟡 DECLINING,Medium,1,1
5438,958.8000000000001,238.84,0.0,0.0,958.8,75.1,🔴 CRITICAL DECAY,Critical,1,1
5439,1153.8000000000002,479.52,0.0,0.0,1153.8,58.4,🟠 RAPID DECLINE,High,1,1
5440,595.2,568.59,541.99,488.78,106.42,4.5,🟢 STABLE,Low,11,12
5441,783.5999999999999,773.18,762.76,741.91,41.69,1.3,🟢 STABLE,Low,11,12
5442,300.0,298.53,297.06,294.12,5.88,0.5,🟢 STABLE,Low,11,12
5443,545.4000000000001,424.54,303.68,61.96,483.44,22.2,🟡 DECLINING,Medium,6,7
5444,1293.0,321.31,0.0,0.0,1293.0,75.2,🔴 CRITICAL DECAY,Critical,1,1
5445,1069.1999999999998,1060.33,1051.45,1033.7,35.5,0.8,🟢 STABLE,Low,11,12
5446,235.79999999999998,137.85,39.9,0.0,235.8,41.5,🟠 RAPID DECLINE,High,1,1
5447,537.0,321.66,106.33,0.0,537.0,40.1,🟠 RAPID DECLINE,High,3,4
5448,1219.1999999999998,1116.91,1014.62,810.04,409.16,8.4,🟢 STABLE,Low,11,12
5449,1237.8000000000002,1229.88,1221.96,1206.11,31.69,0.6,🟢 STABLE,Low,11,12
5450,1015.8000000000001,63.89,0.0,0.0,1015.8,93.7,🔴 CRITICAL DECAY,Critical,1,1
5451,1147.8000000000002,1138.27,1128.75,1109.69,38.11,0.8,🟢 STABLE,Low,11,12
5452,901.1999999999999,817.3,733.4,565.59,335.61,9.3,🟢 STABLE,Low,11,12
5453,736.2,728.76,721.33,706.46,29.74,1.0,🟢 STABLE,Low,11,12
5454,834.5999999999999,68.44,0.0,0.0,834.6,91.8,🔴 CRITICAL DECAY,Critical,1,1
5455,236.39999999999998,145.46,54.51,0.0,236.4,38.5,🟠 RAPID DECLINE,High,3,4
5456,372.6,179.15,0.0,0.0,372.6,51.9,🟠 RAPID DECLINE,High,1,1
5457,612.0,566.59,521.18,430.36,181.64,7.4,🟢 STABLE,Low,11,12
5458,612.0,415.0,217.99,0.0,612.0,32.2,🟡 DECLINING,Medium,4,5
5459,1066.1999999999998,335.64,0.0,0.0,1066.2,68.5,🔴 CRITICAL DECAY,Critical,1,1
5460,240.60000000000002,239.76,238.92,237.23,3.37,0.3,🟢 STABLE,Low,11,12
5461,781.1999999999999,772.84,764.48,747.76,33.44,1.1,🟢 STABLE,Low,11,12
5462,841.8000000000001,755.09,668.39,494.98,346.82,10.3,🟢 STABLE,Low,11,12
5463,532.2,346.89,161.58,0.0,532.2,34.8,🟡 DECLINING,Medium,1,1
5464,249.0,246.86,244.72,240.43,8.57,0.9,🟢 STABLE,Low,11,12
5465,672.5999999999999,612.13,551.67,430.73,241.87,9.0,🟢 STABLE,Low,11,12
5466,239.39999999999998,233.03,226.66,213.93,25.47,2.7,🟢 STABLE,Low,11,12
5467,1183.1999999999998,1149.01,1114.81,1046.42,136.78,2.9,🟢 STABLE,Low,11,12
5468,956.4000000000001,172.92,0.0,0.0,956.4,81.9,🔴 CRITICAL DECAY,Critical,1,1
5469,948.0,685.69,423.38,0.0,948.0,27.7,🟡 DECLINING,Medium,5,6
5470,1073.4,1069.0,1064.6,1055.8,17.6,0.4,🟢 STABLE,Low,11,12
5471,890.4000000000001,308.97,0.0,0.0,890.4,65.3,🔴 CRITICAL DECAY,Critical,1,1
5472,972.0,894.53,817.06,662.13,309.87,8.0,🟢 STABLE,Low,11,12
5473,595.2,524.37,453.54,311.88,283.32,11.9,🟢 STABLE,Low,11,12
5474,1015.1999999999999,33.7,0.0,0.0,1015.2,96.7,🔴 CRITICAL DECAY,Critical,1,1
5475,660.0,606.21,552.42,444.84,215.16,8.1,🟢 STABLE,Low,11,12
5476,1018.1999999999999,149.57,0.0,0.0,1018.2,85.3,🔴 CRITICAL DECAY,Critical,1,1
5477,1010.4000000000001,1008.58,1006.76,1003.13,7.27,0.2,🟢 STABLE,Low,11,12
5478,1275.6,1243.97,1212.33,1149.06,126.54,2.5,🟢 STABLE,Low,11,12
5479,828.5999999999999,251.31,0.0,0.0,828.6,69.7,🔴 CRITICAL DECAY,Critical,1,1
5480,544.8,208.55,0.0,0.0,544.8,61.7,🔴 CRITICAL DECAY,Critical,1,1
5481,883.8000000000001,45.52,0.0,0.0,883.8,94.8,🔴 CRITICAL DECAY,Critical,1,1
5482,886.8000000000001,764.95,643.11,399.41,487.39,13.7,🟢 STABLE,Low,10,11
5483,933.0,561.67,190.33,0.0,933.0,39.8,🟠 RAPID DECLINE,High,1,1
5484,1192.1999999999998,1154.41,1116.61,1041.03,151.17,3.2,🟢 STABLE,Low,11,12
5485,609.0,238.24,0.0,0.0,609.0,60.9,🔴 CRITICAL DECAY,Critical,1,2
5486,1045.1999999999998,1039.35,1033.49,1021.79,23.41,0.6,🟢 STABLE,Low,11,12
5487,241.79999999999998,237.86,233.92,226.03,15.77,1.6,🟢 STABLE,Low,11,12
5488,1184.4,1024.62,864.85,545.3,639.1,13.5,🟢 STABLE,Low,11,12
5489,302.4,240.65,178.9,55.4,247.0,20.4,🟡 DECLINING,Medium,7,8
5490,668.4000000000001,555.71,443.02,217.63,450.77,16.9,🟡 DECLINING,Medium,8,9
5491,784.1999999999999,733.7,683.2,582.19,202.01,6.4,🟢 STABLE,Low,11,12
5492,303.6,301.63,299.65,295.71,7.89,0.6,🟢 STABLE,Low,11,12
5493,1012.1999999999999,81.89,0.0,0.0,1012.2,91.9,🔴 CRITICAL DECAY,Critical,1,1
5494,1019.4000000000001,443.95,0.0,0.0,1019.4,56.4,🟠 RAPID DECLINE,High,1,1
5495,886.1999999999999,255.76,0.0,0.0,886.2,71.1,🔴 CRITICAL DECAY,Critical,1,1
5496,291.0,288.79,286.58,282.15,8.85,0.8,🟢 STABLE,Low,11,12
5497,621.5999999999999,511.95,402.3,183.0,438.6,17.6,🟡 DECLINING,Medium,8,9
5498,552.0,212.8,0.0,0.0,552.0,61.4,🔴 CRITICAL DECAY,Critical,1,1
5499,952.8000000000001,236.2,0.0,0.0,952.8,75.2,🔴 CRITICAL DECAY,Critical,1,1
5500,726.0,721.79,717.58,709.16,16.84,0.6,🟢 STABLE,Low,11,12
5501,301.20000000000005,231.95,162.71,24.22,276.98,23.0,🟡 DECLINING,Medium,6,7
5502,861.5999999999999,509.98,158.36,0.0,861.6,40.8,🟠 RAPID DECLINE,High,1,1
5503,240.60000000000002,236.15,231.7,222.8,17.8,1.8,🟢 STABLE,Low,11,12
5504,1060.8000000000002,950.05,839.3,617.81,442.99,10.4,🟢 STABLE,Low,1,1
5505,363.0,337.81,312.62,262.23,100.77,6.9,🟢 STABLE,Low,11,12
5506,242.39999999999998,143.43,44.46,0.0,242.4,40.8,🟠 RAPID DECLINE,High,1,1
5507,718.8,668.77,618.74,518.69,200.11,7.0,🟢 STABLE,Low,11,12
5508,301.79999999999995,300.65,299.51,297.21,4.59,0.4,🟢 STABLE,Low,11,12
5509,552.0,430.73,309.45,66.9,485.1,22.0,🟡 DECLINING,Medium,6,7
5510,1215.6,977.22,738.84,262.08,953.52,19.6,🟡 DECLINING,Medium,7,8
5511,923.4000000000001,915.55,907.7,892.0,31.4,0.9,🟢 STABLE,Low,11,12
5512,663.5999999999999,554.11,444.61,225.62,437.98,16.5,🟡 DECLINING,Medium,9,10
5513,1109.4,1102.08,1094.76,1080.11,29.29,0.7,🟢 STABLE,Low,11,12
5514,581.4000000000001,418.43,255.47,0.0,581.4,28.0,🟡 DECLINING,Medium,5,6
5515,232.20000000000002,229.13,226.07,219.94,12.26,1.3,🟢 STABLE,Low,11,12
5516,621.0,318.64,16.27,0.0,621.0,48.7,🟠 RAPID DECLINE,High,1,1
5517,1040.4,1032.7,1025.0,1009.6,30.8,0.7,🟢 STABLE,Low,11,12
5518,1132.8000000000002,811.65,490.5,0.0,1132.8,28.4,🟡 DECLINING,Medium,1,1
5519,668.4000000000001,477.57,286.74,0.0,668.4,28.6,🟡 DECLINING,Medium,5,6
5520,1011.0,979.15,947.31,883.61,127.39,3.2,🟢 STABLE,Low,11,12
5521,775.8000000000001,732.04,688.29,600.78,175.02,5.6,🟢 STABLE,Low,11,12
5522,841.8000000000001,69.62,0.0,0.0,841.8,91.7,🔴 CRITICAL DECAY,Critical,1,1
5523,830.4000000000001,246.46,0.0,0.0,830.4,70.3,🔴 CRITICAL DECAY,Critical,1,2
5524,655.8,652.39,648.98,642.16,13.64,0.5,🟢 STABLE,Low,11,12
5525,297.0,280.01,263.02,229.05,67.95,5.7,🟢 STABLE,Low,11,12
5526,287.4,276.08,264.75,242.11,45.29,3.9,🟢 STABLE,Low,11,12
5527,1260.0,1235.43,1210.86,1161.72,98.28,1.9,🟢 STABLE,Low,11,12
5528,718.2,698.23,678.27,638.34,79.86,2.8,🟢 STABLE,Low,11,12
5529,240.60000000000002,138.75,36.91,0.0,240.6,42.3,🟠 RAPID DECLINE,High,1,2
5530,1105.8000000000002,1064.89,1023.97,942.14,163.66,3.7,🟢 STABLE,Low,11,12
5531,537.5999999999999,524.91,512.23,486.85,50.75,2.4,🟢 STABLE,Low,11,12
5532,250.79999999999998,249.17,247.54,244.28,6.52,0.6,🟢 STABLE,Low,11,12
5533,1144.8000000000002,428.84,0.0,0.0,1144.8,62.5,🔴 CRITICAL DECAY,Critical,1,1
5534,964.1999999999999,801.64,639.07,313.94,650.26,16.9,🟡 DECLINING,Medium,8,9
5535,1021.1999999999999,1014.26,1007.31,993.42,27.78,0.7,🟢 STABLE,Low,11,12
5536,416.40000000000003,255.25,94.11,0.0,416.4,38.7,🟠 RAPID DECLINE,High,1,1
5537,1380.6,1374.94,1369.28,1357.96,22.64,0.4,🟢 STABLE,Low,11,12
5538,973.1999999999999,47.59,0.0,0.0,973.2,95.1,🔴 CRITICAL DECAY,Critical,1,1
5539,239.39999999999998,232.58,225.75,212.11,27.29,2.8,🟢 STABLE,Low,11,12
5540,246.60000000000002,109.47,0.0,0.0,246.6,55.6,🟠 RAPID DECLINE,High,1,1
5541,1279.1999999999998,853.23,427.25,0.0,1279.2,33.3,🟡 DECLINING,Medium,1,1
5542,1033.8000000000002,1027.7,1021.6,1009.4,24.4,0.6,🟢 STABLE,Low,11,12
5543,946.1999999999999,505.65,65.1,0.0,946.2,46.6,🟠 RAPID DECLINE,High,3,4
5544,1281.0,1036.33,791.66,302.32,978.68,19.1,🟡 DECLINING,Medium,7,8
5545,1038.6,926.64,814.68,590.76,447.84,10.8,🟢 STABLE,Low,11,12
5546,508.79999999999995,412.28,315.76,122.72,386.08,19.0,🟡 DECLINING,Medium,7,8
5547,1073.4,131.28,0.0,0.0,1073.4,87.8,🔴 CRITICAL DECAY,Critical,1,1
5548,291.0,289.92,288.85,286.69,4.31,0.4,🟢 STABLE,Low,11,12
5549,1174.8000000000002,166.59,0.0,0.0,1174.8,85.8,🔴 CRITICAL DECAY,Critical,1,1
5550,246.0,243.12,240.24,234.49,11.51,1.2,🟢 STABLE,Low,11,12
5551,235.20000000000002,200.37,165.53,95.87,139.33,14.8,🟢 STABLE,Low,10,11
5552,243.0,235.76,228.52,214.03,28.97,3.0,🟢 STABLE,Low,11,12
5553,668.4000000000001,171.31,0.0,0.0,668.4,74.4,🔴 CRITICAL DECAY,Critical,1,1
5554,247.20000000000002,245.77,244.33,241.46,5.74,0.6,🟢 STABLE,Low,11,12
5555,237.60000000000002,236.98,236.36,235.13,2.47,0.3,🟢 STABLE,Low,11,12
5556,957.5999999999999,275.69,0.0,0.0,957.6,71.2,🔴 CRITICAL DECAY,Critical,1,1
5557,962.4000000000001,197.2,0.0,0.0,962.4,79.5,🔴 CRITICAL DECAY,Critical,1,1
5558,1396.8000000000002,1392.75,1388.7,1380.6,16.2,0.3,🟢 STABLE,Low,11,12
5559,379.79999999999995,182.68,0.0,0.0,379.8,51.9,🟠 RAPID DECLINE,High,1,2
5560,1129.8000000000002,1074.67,1019.53,909.26,220.54,4.9,🟢 STABLE,Low,11,12
5561,247.79999999999998,156.24,64.68,0.0,247.8,36.9,🟠 RAPID DECLINE,High,1,2
5562,922.1999999999999,791.52,660.85,399.5,522.7,14.2,🟢 STABLE,Low,10,11
5563,241.79999999999998,137.97,34.14,0.0,241.8,42.9,🟠 RAPID DECLINE,High,3,4
5564,663.0,659.82,656.64,650.27,12.73,0.5,🟢 STABLE,Low,11,12
5565,468.59999999999997,266.59,64.57,0.0,468.6,43.1,🟠 RAPID DECLINE,High,1,1
5566,985.8000000000001,981.27,976.73,967.66,18.14,0.5,🟢 STABLE,Low,11,12
5567,1236.0,1215.36,1194.72,1153.44,82.56,1.7,🟢 STABLE,Low,11,12
5568,1141.1999999999998,938.98,736.76,332.32,808.88,17.7,🟡 DECLINING,Medium,8,9
5569,1006.8000000000001,182.03,0.0,0.0,1006.8,81.9,🔴 CRITICAL DECAY,Critical,1,1
5570,1141.8000000000002,812.39,482.98,0.0,1141.8,28.9,🟡 DECLINING,Medium,1,2
5571,957.5999999999999,730.27,502.93,48.26,909.34,23.7,🟡 DECLINING,Medium,6,7
5572,897.5999999999999,893.83,890.06,882.52,15.08,0.4,🟢 STABLE,Low,11,12
5573,838.1999999999999,43.42,0.0,0.0,838.2,94.8,🔴 CRITICAL DECAY,Critical,1,1
5574,245.39999999999998,209.01,172.61,99.83,145.57,14.8,🟢 STABLE,Low,10,11
5575,940.1999999999999,922.34,904.47,868.74,71.46,1.9,🟢 STABLE,Low,11,12
5576,642.5999999999999,255.88,0.0,0.0,642.6,60.2,🔴 CRITICAL DECAY,Critical,1,1
5577,229.20000000000002,221.66,214.12,199.04,30.16,3.3,🟢 STABLE,Low,11,12
5578,240.0,237.94,235.87,231.74,8.26,0.9,🟢 STABLE,Low,11,12
5579,1126.8000000000002,1120.15,1113.5,1100.21,26.59,0.6,🟢 STABLE,Low,11,12
5580,239.39999999999998,232.62,225.85,212.3,27.1,2.8,🟢 STABLE,Low,11,12
5581,1357.8000000000002,1346.39,1334.99,1312.18,45.62,0.8,🟢 STABLE,Low,11,12
5582,288.0,285.84,283.68,279.36,8.64,0.8,🟢 STABLE,Low,11,12
5583,1019.4000000000001,487.68,0.0,0.0,1019.4,52.2,🟠 RAPID DECLINE,High,2,3
5584,966.0,245.36,0.0,0.0,966.0,74.6,🔴 CRITICAL DECAY,Critical,1,1
5585,231.60000000000002,87.92,0.0,0.0,231.6,62.0,🔴 CRITICAL DECAY,Critical,1,1
5586,229.79999999999998,223.83,217.85,205.9,23.9,2.6,🟢 STABLE,Low,11,12
5587,1095.6,1083.11,1070.62,1045.64,49.96,1.1,🟢 STABLE,Low,11,12
5588,595.8,103.01,0.0,0.0,595.8,82.7,🔴 CRITICAL DECAY,Critical,1,1
5589,652.2,615.94,579.68,507.15,145.05,5.6,🟢 STABLE,Low,11,12
5590,229.79999999999998,183.13,136.46,43.11,186.69,20.3,🟡 DECLINING,Medium,7,8
5591,1061.4,147.11,0.0,0.0,1061.4,86.1,🔴 CRITICAL DECAY,Critical,1,1
5592,237.0,235.77,234.54,232.07,4.93,0.5,🟢 STABLE,Low,11,12
5593,906.0,823.46,740.93,575.85,330.15,9.1,🟢 STABLE,Low,11,12
5594,1005.0,365.92,0.0,0.0,1005.0,63.6,🔴 CRITICAL DECAY,Critical,1,1
5595,232.79999999999998,115.63,0.0,0.0,232.8,50.3,🟠 RAPID DECLINE,High,1,2
5596,318.0,316.63,315.27,312.53,5.47,0.4,🟢 STABLE,Low,11,12
5597,1086.0,713.07,340.14,0.0,1086.0,34.3,🟡 DECLINING,Medium,4,5
5598,229.79999999999998,223.48,217.16,204.52,25.28,2.8,🟢 STABLE,Low,11,12
5599,1138.1999999999998,242.66,0.0,0.0,1138.2,78.7,🔴 CRITICAL DECAY,Critical,1,1
5600,839.4000000000001,562.15,284.89,0.0,839.4,33.0,🟡 DECLINING,Medium,1,1
5601,490.79999999999995,471.66,452.52,414.24,76.56,3.9,🟢 STABLE,Low,11,12
5602,963.0,941.43,919.86,876.72,86.28,2.2,🟢 STABLE,Low,11,12
5603,583.2,272.88,0.0,0.0,583.2,53.2,🟠 RAPID DECLINE,High,1,1
5604,849.5999999999999,273.74,0.0,0.0,849.6,67.8,🔴 CRITICAL DECAY,Critical,1,1
5605,722.4000000000001,621.55,520.71,319.01,403.39,14.0,🟢 STABLE,Low,10,11
5606,662.4000000000001,622.06,581.72,501.04,161.36,6.1,🟢 STABLE,Low,11,12
5607,669.5999999999999,412.67,155.75,0.0,669.6,38.4,🟠 RAPID DECLINE,High,1,1
5608,649.8,613.09,576.37,502.95,146.85,5.6,🟢 STABLE,Low,11,12
5609,961.8000000000001,696.82,431.85,0.0,961.8,27.6,🟡 DECLINING,Medium,5,6
5610,906.0,97.94,0.0,0.0,906.0,89.2,🔴 CRITICAL DECAY,Critical,1,1
5611,1204.8000000000002,956.13,707.46,210.12,994.68,20.6,🟡 DECLINING,Medium,7,8
5612,750.5999999999999,698.06,645.52,540.43,210.17,7.0,🟢 STABLE,Low,11,12
5613,845.4000000000001,843.71,842.02,838.64,6.76,0.2,🟢 STABLE,Low,11,12
5614,1026.0,1001.89,977.78,929.56,96.44,2.3,🟢 STABLE,Low,11,12
5615,242.39999999999998,151.18,59.97,0.0,242.4,37.6,🟠 RAPID DECLINE,High,3,4
5616,654.0,586.18,518.36,382.72,271.28,10.4,🟢 STABLE,Low,11,12
5617,249.0,143.6,38.2,0.0,249.0,42.3,🟠 RAPID DECLINE,High,1,2
5618,244.20000000000002,195.31,146.42,48.64,195.56,20.0,🟡 DECLINING,Medium,7,8
5619,1092.0,966.2,840.4,588.81,503.19,11.5,🟢 STABLE,Low,11,12
5620,1257.6,1228.93,1200.25,1142.91,114.69,2.3,🟢 STABLE,Low,11,12
5621,897.0,158.5,0.0,0.0,897.0,82.3,🔴 CRITICAL DECAY,Critical,1,1
5622,1248.6,565.74,0.0,0.0,1248.6,54.7,🟠 RAPID DECLINE,High,1,1
5623,613.2,467.69,322.18,31.15,582.05,23.7,🟡 DECLINING,Medium,6,7
5624,1077.6,910.25,742.9,408.19,669.41,15.5,🟡 DECLINING,Medium,9,10
5625,246.60000000000002,207.74,168.87,91.14,155.46,15.8,🟡 DECLINING,Medium,9,10
5626,768.5999999999999,701.42,634.25,499.9,268.7,8.7,🟢 STABLE,Low,11,12
5627,898.1999999999999,188.8,0.0,0.0,898.2,79.0,🔴 CRITICAL DECAY,Critical,1,1
5628,1159.8000000000002,306.19,0.0,0.0,1159.8,73.6,🔴 CRITICAL DECAY,Critical,1,1
5629,240.60000000000002,110.87,0.0,0.0,240.6,53.9,🟠 RAPID DECLINE,High,1,1
5630,1241.4,476.7,0.0,0.0,1241.4,61.6,🔴 CRITICAL DECAY,Critical,1,1
5631,300.0,151.53,3.06,0.0,300.0,49.5,🟠 RAPID DECLINE,High,3,4
5632,243.60000000000002,242.14,240.68,237.75,5.85,0.6,🟢 STABLE,Low,11,12
5633,316.20000000000005,264.25,212.3,108.39,207.81,16.4,🟡 DECLINING,Medium,9,10
5634,238.79999999999998,92.92,0.0,0.0,238.8,61.1,🔴 CRITICAL DECAY,Critical,1,1
5635,656.4000000000001,548.42,440.44,224.49,431.91,16.5,🟡 DECLINING,Medium,9,10
5636,556.2,237.89,0.0,0.0,556.2,57.2,🟠 RAPID DECLINE,High,1,1
5637,1083.0,1031.12,979.25,875.5,207.5,4.8,🟢 STABLE,Low,11,12
5638,239.39999999999998,150.94,62.48,0.0,239.4,37.0,🟠 RAPID DECLINE,High,1,1
5639,247.79999999999998,161.14,74.49,0.0,247.8,35.0,🟡 DECLINING,Medium,4,5
5640,955.1999999999999,105.17,0.0,0.0,955.2,89.0,🔴 CRITICAL DECAY,Critical,1,1
5641,305.4,295.35,285.3,265.21,40.19,3.3,🟢 STABLE,Low,11,12
5642,234.0,227.42,220.85,207.7,26.3,2.8,🟢 STABLE,Low,11,12
5643,910.8000000000001,98.28,0.0,0.0,910.8,89.2,🔴 CRITICAL DECAY,Critical,1,1
5644,914.4000000000001,120.79,0.0,0.0,914.4,86.8,🔴 CRITICAL DECAY,Critical,1,1
5645,793.8000000000001,761.25,728.71,663.62,130.18,4.1,🟢 STABLE,Low,11,12
5646,231.0,170.73,110.46,0.0,231.0,26.1,🟡 DECLINING,Medium,5,6
5647,829.1999999999999,734.17,639.15,449.09,380.11,11.5,🟢 STABLE,Low,11,12
5648,469.20000000000005,433.92,398.63,328.06,141.14,7.5,🟢 STABLE,Low,11,12
5649,240.60000000000002,194.26,147.92,55.24,185.36,19.3,🟡 DECLINING,Medium,7,8
5650,717.5999999999999,668.09,618.57,519.54,198.06,6.9,🟢 STABLE,Low,11,12
5651,1011.5999999999999,473.33,0.0,0.0,1011.6,53.2,🟠 RAPID DECLINE,High,1,1
5652,583.2,173.85,0.0,0.0,583.2,70.2,🔴 CRITICAL DECAY,Critical,1,1
5653,948.0,171.4,0.0,0.0,948.0,81.9,🔴 CRITICAL DECAY,Critical,1,1
5654,1264.1999999999998,1254.21,1244.23,1224.25,39.95,0.8,🟢 STABLE,Low,11,12
5655,301.20000000000005,299.9,298.61,296.02,5.18,0.4,🟢 STABLE,Low,11,12
5656,597.0,278.92,0.0,0.0,597.0,53.3,🟠 RAPID DECLINE,High,1,2
5657,1137.0,289.71,0.0,0.0,1137.0,74.5,🔴 CRITICAL DECAY,Critical,1,1
5658,1116.0,304.44,0.0,0.0,1116.0,72.7,🔴 CRITICAL DECAY,Critical,1,1
5659,862.8000000000001,858.57,854.34,845.89,16.91,0.5,🟢 STABLE,Low,11,12
5660,930.5999999999999,908.45,886.3,842.01,88.59,2.4,🟢 STABLE,Low,11,12
5661,238.20000000000002,112.14,0.0,0.0,238.2,52.9,🟠 RAPID DECLINE,High,2,3
5662,843.0,45.27,0.0,0.0,843.0,94.6,🔴 CRITICAL DECAY,Critical,1,1
5663,1143.0,514.58,0.0,0.0,1143.0,55.0,🟠 RAPID DECLINE,High,1,2
5664,1015.1999999999999,411.36,0.0,0.0,1015.2,59.5,🟠 RAPID DECLINE,High,1,1
5665,300.6,211.83,123.07,0.0,300.6,29.5,🟡 DECLINING,Medium,5,6
5666,637.8,591.24,544.68,451.56,186.24,7.3,🟢 STABLE,Low,11,12
5667,241.79999999999998,102.38,0.0,0.0,241.8,57.7,🟠 RAPID DECLINE,High,1,2
5668,1215.0,445.54,0.0,0.0,1215.0,63.3,🔴 CRITICAL DECAY,Critical,1,2
5669,1206.6,989.05,771.5,336.4,870.2,18.0,🟡 DECLINING,Medium,8,9
5670,289.20000000000005,218.4,147.61,6.02,283.18,24.5,🟡 DECLINING,Medium,6,7
5671,303.6,301.14,298.68,293.76,9.84,0.8,🟢 STABLE,Low,11,12
5672,861.5999999999999,821.97,782.33,703.07,158.53,4.6,🟢 STABLE,Low,11,12
5673,236.39999999999998,226.12,215.83,195.27,41.13,4.3,🟢 STABLE,Low,11,12
5674,598.2,594.43,590.66,583.13,15.07,0.6,🟢 STABLE,Low,11,12
5675,835.1999999999999,172.89,0.0,0.0,835.2,79.3,🔴 CRITICAL DECAY,Critical,1,1
5676,237.0,157.7,78.4,0.0,237.0,33.5,🟡 DECLINING,Medium,4,5
5677,969.5999999999999,831.53,693.46,417.32,552.28,14.2,🟢 STABLE,Low,10,11
5678,720.0,380.38,40.75,0.0,720.0,47.2,🟠 RAPID DECLINE,High,1,1
5679,1038.6,101.58,0.0,0.0,1038.6,90.2,🔴 CRITICAL DECAY,Critical,1,1
5680,250.20000000000002,37.83,0.0,0.0,250.2,84.9,🔴 CRITICAL DECAY,Critical,1,1
5681,770.4000000000001,759.15,747.9,725.41,44.99,1.5,🟢 STABLE,Low,11,12
5682,420.0,144.65,0.0,0.0,420.0,65.6,🔴 CRITICAL DECAY,Critical,1,1
5683,609.0,427.58,246.16,0.0,609.0,29.8,🟡 DECLINING,Medium,1,2
5684,1266.0,656.17,46.34,0.0,1266.0,48.2,🟠 RAPID DECLINE,High,1,1
5685,230.39999999999998,229.11,227.82,225.24,5.16,0.6,🟢 STABLE,Low,11,12
5686,1021.8000000000001,603.07,184.33,0.0,1021.8,41.0,🟠 RAPID DECLINE,High,1,1
5687,1087.8000000000002,1061.15,1034.5,981.2,106.6,2.4,🟢 STABLE,Low,11,12
5688,240.0,238.42,236.83,233.66,6.34,0.7,🟢 STABLE,Low,11,12
5689,895.8000000000001,175.85,0.0,0.0,895.8,80.4,🔴 CRITICAL DECAY,Critical,1,1
5690,734.4000000000001,731.24,728.08,721.77,12.63,0.4,🟢 STABLE,Low,11,12
5691,239.39999999999998,229.68,219.96,200.52,38.88,4.1,🟢 STABLE,Low,11,12
5692,657.5999999999999,534.96,412.32,167.03,490.57,18.6,🟡 DECLINING,Medium,8,9
5693,881.4000000000001,875.14,868.88,856.37,25.03,0.7,🟢 STABLE,Low,11,12
5694,617.4000000000001,578.44,539.48,461.57,155.83,6.3,🟢 STABLE,Low,11,12
5695,965.4000000000001,960.09,954.78,944.16,21.24,0.6,🟢 STABLE,Low,11,12
5696,650.4000000000001,529.82,409.23,168.06,482.34,18.5,🟡 DECLINING,Medium,1,1
5697,1314.0,996.93,679.86,45.73,1268.27,24.1,🟡 DECLINING,Medium,1,1
5698,1252.8000000000002,761.95,271.11,0.0,1252.8,39.2,🟠 RAPID DECLINE,High,1,1
5699,1023.5999999999999,405.14,0.0,0.0,1023.6,60.4,🔴 CRITICAL DECAY,Critical,1,2
5700,951.5999999999999,448.01,0.0,0.0,951.6,52.9,🟠 RAPID DECLINE,High,1,1
5701,918.0,846.12,774.24,630.48,287.52,7.8,🟢 STABLE,Low,11,12
5702,1261.1999999999998,1145.42,1029.64,798.09,463.11,9.2,🟢 STABLE,Low,11,12
5703,304.79999999999995,304.31,303.82,302.85,1.95,0.2,🟢 STABLE,Low,11,12
5704,1042.1999999999998,285.88,0.0,0.0,1042.2,72.6,🔴 CRITICAL DECAY,Critical,1,1
5705,235.79999999999998,137.85,39.9,0.0,235.8,41.5,🟠 RAPID DECLINE,High,1,1
5706,908.4000000000001,72.4,0.0,0.0,908.4,92.0,🔴 CRITICAL DECAY,Critical,1,1
5707,546.5999999999999,292.27,37.93,0.0,546.6,46.5,🟠 RAPID DECLINE,High,1,1
5708,937.1999999999999,447.7,0.0,0.0,937.2,52.2,🟠 RAPID DECLINE,High,1,2
5709,231.60000000000002,225.65,219.7,207.79,23.81,2.6,🟢 STABLE,Low,11,12
5710,1326.0,1293.91,1261.82,1197.64,128.36,2.4,🟢 STABLE,Low,11,12
5711,1089.6,495.33,0.0,0.0,1089.6,54.5,🟠 RAPID DECLINE,High,1,1
5712,243.60000000000002,177.78,111.96,0.0,243.6,27.0,🟡 DECLINING,Medium,5,6
5713,976.1999999999999,971.51,966.83,957.46,18.74,0.5,🟢 STABLE,Low,11,12
5714,1175.4,192.53,0.0,0.0,1175.4,83.6,🔴 CRITICAL DECAY,Critical,1,1
5715,1297.8000000000002,933.64,569.47,0.0,1297.8,28.1,🟡 DECLINING,Medium,5,6
5716,663.5999999999999,261.06,0.0,0.0,663.6,60.7,🔴 CRITICAL DECAY,Critical,1,1
5717,678.5999999999999,663.94,649.28,619.97,58.63,2.2,🟢 STABLE,Low,11,12
5718,966.0,319.17,0.0,0.0,966.0,67.0,🔴 CRITICAL DECAY,Critical,1,1
5719,236.39999999999998,233.52,230.63,224.86,11.54,1.2,🟢 STABLE,Low,11,12
5720,1248.6,936.45,624.3,0.0,1248.6,25.0,🟡 DECLINING,Medium,6,7
5721,634.2,630.71,627.22,620.25,13.95,0.6,🟢 STABLE,Low,11,12
5722,1251.6,515.41,0.0,0.0,1251.6,58.8,🟠 RAPID DECLINE,High,1,1
5723,967.8000000000001,825.73,683.65,399.51,568.29,14.7,🟢 STABLE,Low,10,11
5724,856.1999999999999,88.79,0.0,0.0,856.2,89.6,🔴 CRITICAL DECAY,Critical,1,1
5725,295.79999999999995,288.7,281.6,267.4,28.4,2.4,🟢 STABLE,Low,11,12
5726,255.60000000000002,252.97,250.33,245.07,10.53,1.0,🟢 STABLE,Low,11,12
5727,1322.4,1305.61,1288.81,1255.22,67.18,1.3,🟢 STABLE,Low,11,12
5728,1072.8000000000002,620.4,168.0,0.0,1072.8,42.2,🟠 RAPID DECLINE,High,1,1
5729,612.5999999999999,549.26,485.91,359.23,253.37,10.3,🟢 STABLE,Low,11,12
5730,237.60000000000002,236.2,234.8,231.99,5.61,0.6,🟢 STABLE,Low,11,12
5731,238.79999999999998,160.64,82.48,0.0,238.8,32.7,🟡 DECLINING,Medium,4,5
5732,1047.6,359.75,0.0,0.0,1047.6,65.7,🔴 CRITICAL DECAY,Critical,1,2
5733,238.20000000000002,237.75,237.29,236.39,1.81,0.2,🟢 STABLE,Low,11,12
5734,1072.8000000000002,1070.55,1068.29,1063.79,9.01,0.2,🟢 STABLE,Low,11,12
5735,240.0,238.03,236.06,232.13,7.87,0.8,🟢 STABLE,Low,11,12
5736,240.60000000000002,142.36,44.13,0.0,240.6,40.8,🟠 RAPID DECLINE,High,1,1
5737,999.0,757.24,515.48,31.97,967.03,24.2,🟡 DECLINING,Medium,6,7
5738,247.20000000000002,146.27,45.34,0.0,247.2,40.8,🟠 RAPID DECLINE,High,1,1
5739,1234.8000000000002,1225.42,1216.03,1197.26,37.54,0.8,🟢 STABLE,Low,11,12
5740,469.20000000000005,466.85,464.51,459.82,9.38,0.5,🟢 STABLE,Low,11,12
5741,1199.4,211.09,0.0,0.0,1199.4,82.4,🔴 CRITICAL DECAY,Critical,1,1
5742,1374.0,1368.37,1362.73,1351.47,22.53,0.4,🟢 STABLE,Low,11,12
5743,242.39999999999998,240.58,238.76,235.13,7.27,0.8,🟢 STABLE,Low,11,12
5744,669.5999999999999,576.73,483.85,298.11,371.49,13.9,🟢 STABLE,Low,10,11
5745,290.4,287.67,284.94,279.48,10.92,0.9,🟢 STABLE,Low,11,12
5746,972.0,93.21,0.0,0.0,972.0,90.4,🔴 CRITICAL DECAY,Critical,1,1
5747,873.5999999999999,845.91,818.21,762.83,110.77,3.2,🟢 STABLE,Low,11,12
5748,1198.1999999999998,187.64,0.0,0.0,1198.2,84.3,🔴 CRITICAL DECAY,Critical,1,1
5749,1194.0,928.57,663.15,132.3,1061.7,22.2,🟡 DECLINING,Medium,6,7
5750,841.8000000000001,223.08,0.0,0.0,841.8,73.5,🔴 CRITICAL DECAY,Critical,1,1
5751,243.0,241.76,240.52,238.04,4.96,0.5,🟢 STABLE,Low,11,12
5752,312.0,310.38,308.76,305.51,6.49,0.5,🟢 STABLE,Low,11,12
5753,238.79999999999998,166.4,93.99,0.0,238.8,30.3,🟡 DECLINING,Medium,4,5
5754,228.60000000000002,162.37,96.15,0.0,228.6,29.0,🟡 DECLINING,Medium,5,6
5755,1158.0,245.61,0.0,0.0,1158.0,78.8,🔴 CRITICAL DECAY,Critical,1,1
5756,238.20000000000002,236.44,234.67,231.15,7.05,0.7,🟢 STABLE,Low,11,12
5757,308.4,260.47,212.55,116.7,191.7,15.5,🟡 DECLINING,Medium,9,10
5758,243.60000000000002,236.27,228.94,214.27,29.33,3.0,🟢 STABLE,Low,11,12
5759,841.8000000000001,69.62,0.0,0.0,841.8,91.7,🔴 CRITICAL DECAY,Critical,1,1
5760,1098.6,474.71,0.0,0.0,1098.6,56.8,🟠 RAPID DECLINE,High,2,3
5761,472.79999999999995,462.02,451.24,429.68,43.12,2.3,🟢 STABLE,Low,11,12
5762,1268.4,1140.8,1013.2,758.0,510.4,10.1,🟢 STABLE,Low,11,12
5763,843.0,118.19,0.0,0.0,843.0,86.0,🔴 CRITICAL DECAY,Critical,1,1
5764,1125.0,1101.6,1078.2,1031.4,93.6,2.1,🟢 STABLE,Low,11,12
5765,1158.6,815.31,472.01,0.0,1158.6,29.6,🟡 DECLINING,Medium,1,1
5766,720.0,674.57,629.14,538.27,181.73,6.3,🟢 STABLE,Low,11,12
5767,717.5999999999999,711.21,704.83,692.05,25.55,0.9,🟢 STABLE,Low,11,12
5768,1087.8000000000002,926.81,765.81,443.82,643.98,14.8,🟢 STABLE,Low,10,11
5769,1308.0,1303.95,1299.89,1291.78,16.22,0.3,🟢 STABLE,Low,11,12
5770,817.1999999999999,780.1,743.0,668.8,148.4,4.5,🟢 STABLE,Low,11,12
5771,244.79999999999998,187.79,130.77,16.74,228.06,23.3,🟡 DECLINING,Medium,6,7
5772,983.4000000000001,977.6,971.8,960.19,23.21,0.6,🟢 STABLE,Low,11,12
5773,726.5999999999999,657.79,588.98,451.36,275.24,9.5,🟢 STABLE,Low,11,12
5774,787.1999999999999,674.79,562.38,337.55,449.65,14.3,🟢 STABLE,Low,10,11
5775,990.0,980.99,971.98,953.96,36.04,0.9,🟢 STABLE,Low,11,12
5776,987.5999999999999,986.32,985.03,982.46,5.14,0.1,🟢 STABLE,Low,11,12
5777,817.8000000000001,814.45,811.09,804.39,13.41,0.4,🟢 STABLE,Low,11,12
5778,243.60000000000002,174.32,105.04,0.0,243.6,28.4,🟡 DECLINING,Medium,5,6
5779,1146.6,1009.7,872.79,598.98,547.62,11.9,🟢 STABLE,Low,11,12
5780,242.39999999999998,237.19,231.98,221.55,20.85,2.1,🟢 STABLE,Low,11,12
5781,1070.4,506.94,0.0,0.0,1070.4,52.6,🟠 RAPID DECLINE,High,2,3
5782,835.8000000000001,43.29,0.0,0.0,835.8,94.8,🔴 CRITICAL DECAY,Critical,1,1
5783,1071.6,38.47,0.0,0.0,1071.6,96.4,🔴 CRITICAL DECAY,Critical,1,1
5784,897.5999999999999,390.46,0.0,0.0,897.6,56.5,🟠 RAPID DECLINE,High,2,3
5785,242.39999999999998,240.41,238.42,234.45,7.95,0.8,🟢 STABLE,Low,11,12
5786,1012.8000000000001,1010.27,1007.74,1002.67,10.13,0.2,🟢 STABLE,Low,11,12
5787,1050.6,597.27,143.93,0.0,1050.6,43.1,🟠 RAPID DECLINE,High,3,4
5788,301.79999999999995,117.25,0.0,0.0,301.8,61.1,🔴 CRITICAL DECAY,Critical,1,1
5789,237.60000000000002,236.25,234.89,232.18,5.42,0.6,🟢 STABLE,Low,11,12
5790,610.2,488.59,366.97,123.75,486.45,19.9,🟡 DECLINING,Medium,7,8
5791,1228.8000000000002,291.23,0.0,0.0,1228.8,76.3,🔴 CRITICAL DECAY,Critical,1,1
5792,1155.6,441.67,0.0,0.0,1155.6,61.8,🔴 CRITICAL DECAY,Critical,1,1
5793,666.0,367.5,69.0,0.0,666.0,44.8,🟠 RAPID DECLINE,High,3,4
5794,1317.0,1298.43,1279.86,1242.72,74.28,1.4,🟢 STABLE,Low,11,12
5795,1276.8000000000002,760.97,245.15,0.0,1276.8,40.4,🟠 RAPID DECLINE,High,3,4
5796,720.0,711.58,703.15,686.3,33.7,1.2,🟢 STABLE,Low,11,12
5797,1065.6,639.25,212.91,0.0,1065.6,40.0,🟠 RAPID DECLINE,High,3,4
5798,1022.4000000000001,99.48,0.0,0.0,1022.4,90.3,🔴 CRITICAL DECAY,Critical,1,1
5799,421.20000000000005,162.75,0.0,0.0,421.2,61.4,🔴 CRITICAL DECAY,Critical,1,1
5800,960.5999999999999,755.61,550.62,140.63,819.97,21.3,🟡 DECLINING,Medium,7,8
5801,906.5999999999999,404.8,0.0,0.0,906.6,55.3,🟠 RAPID DECLINE,High,1,1
5802,594.5999999999999,478.89,363.18,131.76,462.84,19.5,🟡 DECLINING,Medium,7,8
5803,975.5999999999999,96.88,0.0,0.0,975.6,90.1,🔴 CRITICAL DECAY,Critical,1,1
5804,286.79999999999995,285.91,285.02,283.24,3.56,0.3,🟢 STABLE,Low,11,12
5805,796.8000000000001,759.51,722.22,647.64,149.16,4.7,🟢 STABLE,Low,11,12
5806,235.20000000000002,124.66,14.11,0.0,235.2,47.0,🟠 RAPID DECLINE,High,3,4
5807,225.60000000000002,224.11,222.62,219.64,5.96,0.7,🟢 STABLE,Low,11,12
5808,1300.8000000000002,1268.15,1235.5,1170.2,130.6,2.5,🟢 STABLE,Low,11,12
5809,1031.4,222.47,0.0,0.0,1031.4,78.4,🔴 CRITICAL DECAY,Critical,1,1
5810,1025.4,336.95,0.0,0.0,1025.4,67.1,🔴 CRITICAL DECAY,Critical,1,1
5811,970.8000000000001,963.71,956.63,942.45,28.35,0.7,🟢 STABLE,Low,11,12
5812,852.0,181.82,0.0,0.0,852.0,78.7,🔴 CRITICAL DECAY,Critical,1,1
5813,1341.6,1323.62,1305.65,1269.69,71.91,1.3,🟢 STABLE,Low,11,12
5814,247.20000000000002,203.67,160.14,73.07,174.13,17.6,🟡 DECLINING,Medium,8,9
5815,1020.5999999999999,93.9,0.0,0.0,1020.6,90.8,🔴 CRITICAL DECAY,Critical,1,1
5816,535.2,247.96,0.0,0.0,535.2,53.7,🟠 RAPID DECLINE,High,1,2
5817,532.8,145.99,0.0,0.0,532.8,72.6,🔴 CRITICAL DECAY,Critical,1,1
5818,1261.1999999999998,1246.95,1232.7,1204.19,57.01,1.1,🟢 STABLE,Low,11,12
5819,1381.8000000000002,1375.31,1368.81,1355.82,25.98,0.5,🟢 STABLE,Low,11,12
5820,717.5999999999999,690.4,663.21,608.81,108.79,3.8,🟢 STABLE,Low,11,12
5821,315.6,303.32,291.05,266.49,49.11,3.9,🟢 STABLE,Low,11,12
5822,846.5999999999999,431.0,15.41,0.0,846.6,49.1,🟠 RAPID DECLINE,High,1,1
5823,240.60000000000002,188.2,135.79,30.99,209.61,21.8,🟡 DECLINING,Medium,6,7
5824,958.1999999999999,951.11,944.02,929.84,28.36,0.7,🟢 STABLE,Low,11,12
5825,843.5999999999999,77.78,0.0,0.0,843.6,90.8,🔴 CRITICAL DECAY,Critical,1,1
5826,952.1999999999999,88.75,0.0,0.0,952.2,90.7,🔴 CRITICAL DECAY,Critical,1,1
5827,1080.6,851.51,622.43,164.25,916.35,21.2,🟡 DECLINING,Medium,7,8
5828,293.4,292.49,291.58,289.76,3.64,0.3,🟢 STABLE,Low,11,12
5829,719.4000000000001,681.27,643.14,566.89,152.51,5.3,🟢 STABLE,Low,11,12
5830,304.20000000000005,294.16,284.12,264.05,40.15,3.3,🟢 STABLE,Low,11,12
5831,1089.6,182.18,0.0,0.0,1089.6,83.3,🔴 CRITICAL DECAY,Critical,1,1
5832,845.4000000000001,507.07,168.74,0.0,845.4,40.0,🟠 RAPID DECLINE,High,1,1
5833,411.59999999999997,275.24,138.87,0.0,411.6,33.1,🟡 DECLINING,Medium,4,5
5834,1260.6,1045.79,830.99,401.38,859.22,17.0,🟡 DECLINING,Medium,8,9
5835,231.60000000000002,229.28,226.97,222.34,9.26,1.0,🟢 STABLE,Low,11,12
5836,229.79999999999998,221.83,213.85,197.9,31.9,3.5,🟢 STABLE,Low,11,12
5837,616.8,316.11,15.42,0.0,616.8,48.7,🟠 RAPID DECLINE,High,1,2
5838,862.1999999999999,790.55,718.9,575.6,286.6,8.3,🟢 STABLE,Low,11,12
5839,904.8000000000001,131.56,0.0,0.0,904.8,85.5,🔴 CRITICAL DECAY,Critical,1,1
5840,596.4000000000001,585.49,574.57,552.74,43.66,1.8,🟢 STABLE,Low,11,12
5841,543.0,375.21,207.43,0.0,543.0,30.9,🟡 DECLINING,Medium,1,1
5842,945.0,688.62,432.24,0.0,945.0,27.1,🟡 DECLINING,Medium,5,6
5843,979.1999999999999,962.65,946.1,913.01,66.19,1.7,🟢 STABLE,Low,11,12
5844,844.8000000000001,240.01,0.0,0.0,844.8,71.6,🔴 CRITICAL DECAY,Critical,1,1
5845,909.5999999999999,108.97,0.0,0.0,909.6,88.0,🔴 CRITICAL DECAY,Critical,1,1
5846,913.1999999999999,188.67,0.0,0.0,913.2,79.3,🔴 CRITICAL DECAY,Critical,1,1
5847,1128.0,978.43,828.85,529.71,598.29,13.3,🟢 STABLE,Low,11,12
5848,1247.4,1245.03,1242.66,1237.92,9.48,0.2,🟢 STABLE,Low,11,12
5849,239.39999999999998,237.89,236.38,233.37,6.03,0.6,🟢 STABLE,Low,11,12
5850,855.5999999999999,620.65,385.7,0.0,855.6,27.5,🟡 DECLINING,Medium,5,6
5851,1329.6,1213.53,1097.45,865.3,464.3,8.7,🟢 STABLE,Low,11,12
5852,829.1999999999999,308.3,0.0,0.0,829.2,62.8,🔴 CRITICAL DECAY,Critical,1,1
5853,1153.1999999999998,942.97,732.74,312.29,840.91,18.2,🟡 DECLINING,Medium,8,9
5854,585.5999999999999,457.88,330.16,74.72,510.88,21.8,🟡 DECLINING,Medium,6,7
5855,606.5999999999999,539.45,472.3,338.0,268.6,11.1,🟢 STABLE,Low,11,12
5856,535.8,415.62,295.44,55.08,480.72,22.4,🟡 DECLINING,Medium,6,7
5857,1059.0,428.26,0.0,0.0,1059.0,59.6,🟠 RAPID DECLINE,High,1,1
5858,233.39999999999998,229.34,225.28,217.16,16.24,1.7,🟢 STABLE,Low,11,12
5859,1071.6,1068.71,1065.81,1060.03,11.57,0.3,🟢 STABLE,Low,11,12
5860,840.0,296.6,0.0,0.0,840.0,64.7,🔴 CRITICAL DECAY,Critical,1,1
5861,231.0,229.71,228.41,225.83,5.17,0.6,🟢 STABLE,Low,11,12
5862,846.0,548.8,251.6,0.0,846.0,35.1,🟠 RAPID DECLINE,High,4,5
5863,1168.1999999999998,211.44,0.0,0.0,1168.2,81.9,🔴 CRITICAL DECAY,Critical,1,1
5864,235.79999999999998,234.08,232.36,228.91,6.89,0.7,🟢 STABLE,Low,11,12
5865,250.20000000000002,113.19,0.0,0.0,250.2,54.8,🟠 RAPID DECLINE,High,1,2
5866,235.79999999999998,114.1,0.0,0.0,235.8,51.6,🟠 RAPID DECLINE,High,2,3
5867,232.20000000000002,229.95,227.7,223.19,9.01,1.0,🟢 STABLE,Low,11,12
5868,528.0,202.12,0.0,0.0,528.0,61.7,🔴 CRITICAL DECAY,Critical,1,1
5869,1132.8000000000002,1039.8,946.79,760.79,372.01,8.2,🟢 STABLE,Low,11,12
5870,310.79999999999995,179.67,48.55,0.0,310.8,42.2,🟠 RAPID DECLINE,High,1,1
5871,667.8,620.32,572.84,477.88,189.92,7.1,🟢 STABLE,Low,11,12
5872,835.8000000000001,93.61,0.0,0.0,835.8,88.8,🔴 CRITICAL DECAY,Critical,1,1
5873,904.8000000000001,271.71,0.0,0.0,904.8,70.0,🔴 CRITICAL DECAY,Critical,1,2
5874,1207.1999999999998,89.45,0.0,0.0,1207.2,92.6,🔴 CRITICAL DECAY,Critical,1,1
5875,852.0,845.18,838.37,824.74,27.26,0.8,🟢 STABLE,Low,11,12
5876,1032.0,55.93,0.0,0.0,1032.0,94.6,🔴 CRITICAL DECAY,Critical,1,1
5877,1283.4,831.64,379.89,0.0,1283.4,35.2,🟠 RAPID DECLINE,High,4,5
5878,254.39999999999998,242.8,231.2,208.0,46.4,4.6,🟢 STABLE,Low,11,12
5879,732.5999999999999,720.29,707.98,683.37,49.23,1.7,🟢 STABLE,Low,11,12
5880,355.20000000000005,66.39,0.0,0.0,355.2,81.3,🔴 CRITICAL DECAY,Critical,1,1
5881,959.4000000000001,893.01,826.62,693.84,265.56,6.9,🟢 STABLE,Low,11,12
5882,236.39999999999998,233.56,230.73,225.05,11.35,1.2,🟢 STABLE,Low,11,12
5883,243.60000000000002,178.32,113.03,0.0,243.6,26.8,🟡 DECLINING,Medium,5,6
5884,718.8,676.68,634.56,550.31,168.49,5.9,🟢 STABLE,Low,11,12
5885,292.20000000000005,281.89,271.57,250.94,41.26,3.5,🟢 STABLE,Low,11,12
5886,237.0,235.18,233.35,229.7,7.3,0.8,🟢 STABLE,Low,11,12
5887,603.5999999999999,574.69,545.78,487.95,115.65,4.8,🟢 STABLE,Low,11,12
5888,1147.1999999999998,666.98,186.76,0.0,1147.2,41.9,🟠 RAPID DECLINE,High,1,1
5889,603.0,222.08,0.0,0.0,603.0,63.2,🔴 CRITICAL DECAY,Critical,2,3
5890,1024.1999999999998,1016.31,1008.43,992.65,31.55,0.8,🟢 STABLE,Low,11,12
5891,499.20000000000005,377.99,256.79,14.38,484.82,24.3,🟡 DECLINING,Medium,6,7
5892,619.8,502.47,385.14,150.49,469.31,18.9,🟡 DECLINING,Medium,7,8
5893,288.0,283.94,279.88,271.76,16.24,1.4,🟢 STABLE,Low,11,12
5894,1210.1999999999998,330.14,0.0,0.0,1210.2,72.7,🔴 CRITICAL DECAY,Critical,1,1
5895,718.2,677.05,635.89,553.59,164.61,5.7,🟢 STABLE,Low,11,12
5896,305.4,304.48,303.57,301.74,3.66,0.3,🟢 STABLE,Low,11,12
5897,286.79999999999995,286.17,285.54,284.28,2.52,0.2,🟢 STABLE,Low,11,12
5898,289.79999999999995,271.95,254.1,218.39,71.41,6.2,🟢 STABLE,Low,11,12
5899,908.4000000000001,630.52,352.64,0.0,908.4,30.6,🟡 DECLINING,Medium,4,5
5900,482.40000000000003,452.3,422.2,361.99,120.41,6.2,🟢 STABLE,Low,1,1
5901,1014.0,592.18,170.35,0.0,1014.0,41.6,🟠 RAPID DECLINE,High,1,1
5902,610.2,511.9,413.59,216.99,393.21,16.1,🟡 DECLINING,Medium,9,10
5903,1099.1999999999998,1090.85,1082.49,1065.78,33.42,0.8,🟢 STABLE,Low,11,12
5904,1186.8000000000002,1111.79,1036.79,886.78,300.02,6.3,🟢 STABLE,Low,11,12
5905,1020.0,75.58,0.0,0.0,1020.0,92.6,🔴 CRITICAL DECAY,Critical,1,1
5906,947.4000000000001,164.47,0.0,0.0,947.4,82.6,🔴 CRITICAL DECAY,Critical,1,1
5907,531.5999999999999,145.71,0.0,0.0,531.6,72.6,🔴 CRITICAL DECAY,Critical,1,1
5908,242.39999999999998,143.43,44.46,0.0,242.4,40.8,🟠 RAPID DECLINE,High,1,1
5909,962.4000000000001,887.91,813.42,664.44,297.96,7.7,🟢 STABLE,Low,11,12
5910,730.8,447.83,164.87,0.0,730.8,38.7,🟠 RAPID DECLINE,High,3,4
5911,410.40000000000003,304.6,198.8,0.0,410.4,25.8,🟡 DECLINING,Medium,5,6
5912,1022.4000000000001,845.22,668.04,313.67,708.73,17.3,🟡 DECLINING,Medium,1,1
5913,1045.8000000000002,954.4,862.99,680.19,365.61,8.7,🟢 STABLE,Low,11,12
5914,651.5999999999999,558.88,466.15,280.71,370.89,14.2,🟢 STABLE,Low,10,11
5915,229.20000000000002,227.48,225.76,222.32,6.88,0.8,🟢 STABLE,Low,11,12
5916,1353.0,1346.37,1339.74,1326.48,26.52,0.5,🟢 STABLE,Low,11,12
5917,239.39999999999998,128.08,16.76,0.0,239.4,46.5,🟠 RAPID DECLINE,High,3,4
5918,234.0,232.39,230.77,227.54,6.46,0.7,🟢 STABLE,Low,11,12
5919,786.5999999999999,781.72,776.85,767.09,19.51,0.6,🟢 STABLE,Low,11,12
5920,945.5999999999999,295.31,0.0,0.0,945.6,68.8,🔴 CRITICAL DECAY,Critical,1,1
5921,938.4000000000001,832.08,725.76,513.12,425.28,11.3,🟢 STABLE,Low,11,12
5922,1263.0,1258.33,1253.65,1244.31,18.69,0.4,🟢 STABLE,Low,11,12
5923,1071.0,223.09,0.0,0.0,1071.0,79.2,🔴 CRITICAL DECAY,Critical,1,2
5924,247.79999999999998,246.56,245.32,242.84,4.96,0.5,🟢 STABLE,Low,11,12
5925,824.4000000000001,708.24,592.08,359.77,464.63,14.1,🟢 STABLE,Low,10,11
5926,943.8000000000001,763.25,582.7,221.6,722.2,19.1,🟡 DECLINING,Medium,7,8
5927,297.0,294.45,291.89,286.78,10.22,0.9,🟢 STABLE,Low,11,12
5928,237.0,236.17,235.34,233.68,3.32,0.4,🟢 STABLE,Low,11,12
5929,1069.1999999999998,803.29,537.38,5.56,1063.64,24.9,🟡 DECLINING,Medium,6,7
5930,1016.4000000000001,1012.13,1007.86,999.32,17.08,0.4,🟢 STABLE,Low,11,12
5931,1176.0,345.51,0.0,0.0,1176.0,70.6,🔴 CRITICAL DECAY,Critical,1,1
5932,1133.4,234.84,0.0,0.0,1133.4,79.3,🔴 CRITICAL DECAY,Critical,1,1
5933,1260.0,122.35,0.0,0.0,1260.0,90.3,🔴 CRITICAL DECAY,Critical,1,1
5934,1126.1999999999998,387.53,0.0,0.0,1126.2,65.6,🔴 CRITICAL DECAY,Critical,1,1
5935,718.8,455.79,192.78,0.0,718.8,36.6,🟠 RAPID DECLINE,High,4,5
5936,239.39999999999998,236.89,234.37,229.35,10.05,1.0,🟢 STABLE,Low,11,12
5937,1008.0,80.64,0.0,0.0,1008.0,92.0,🔴 CRITICAL DECAY,Critical,1,1
5938,1306.8000000000002,909.27,511.74,0.0,1306.8,30.4,🟡 DECLINING,Medium,4,5
5939,403.20000000000005,333.77,264.34,125.48,277.72,17.2,🟡 DECLINING,Medium,8,9
5940,1030.1999999999998,977.97,925.74,821.28,208.92,5.1,🟢 STABLE,Low,11,12
5941,418.20000000000005,354.59,290.98,163.77,254.43,15.2,🟡 DECLINING,Medium,9,10
5942,585.0,233.65,0.0,0.0,585.0,60.1,🔴 CRITICAL DECAY,Critical,1,1
5943,1018.1999999999999,42.87,0.0,0.0,1018.2,95.8,🔴 CRITICAL DECAY,Critical,1,1
5944,679.8,600.26,520.73,361.65,318.15,11.7,🟢 STABLE,Low,11,12
5945,1143.6,1105.52,1067.44,991.27,152.33,3.3,🟢 STABLE,Low,11,12
5946,886.8000000000001,842.46,798.12,709.44,177.36,5.0,🟢 STABLE,Low,11,12
5947,294.0,288.41,282.83,271.66,22.34,1.9,🟢 STABLE,Low,11,12
5948,1015.1999999999999,1011.65,1008.09,1000.99,14.21,0.3,🟢 STABLE,Low,11,12
5949,539.4000000000001,463.94,388.48,237.55,301.85,14.0,🟢 STABLE,Low,10,11
5950,296.4,90.85,0.0,0.0,296.4,69.3,🔴 CRITICAL DECAY,Critical,1,1
5951,1203.6,363.37,0.0,0.0,1203.6,69.8,🔴 CRITICAL DECAY,Critical,2,3
5952,305.4,197.75,90.09,0.0,305.4,35.2,🟠 RAPID DECLINE,High,4,5
5953,608.4000000000001,238.01,0.0,0.0,608.4,60.9,🔴 CRITICAL DECAY,Critical,1,2
5954,660.0,536.58,413.16,166.32,493.68,18.7,🟡 DECLINING,Medium,8,9
5955,820.8000000000001,818.75,816.7,812.59,8.21,0.2,🟢 STABLE,Low,11,12
5956,1078.8000000000002,466.69,0.0,0.0,1078.8,56.7,🟠 RAPID DECLINE,High,1,1
5957,942.5999999999999,345.27,0.0,0.0,942.6,63.4,🔴 CRITICAL DECAY,Critical,1,1
5958,660.5999999999999,529.74,398.87,137.14,523.46,19.8,🟡 DECLINING,Medium,7,8
5959,237.60000000000002,236.01,234.42,231.23,6.37,0.7,🟢 STABLE,Low,11,12
5960,1013.4000000000001,928.58,843.76,674.11,339.29,8.4,🟢 STABLE,Low,11,12
5961,430.79999999999995,301.65,172.49,0.0,430.8,30.0,🟡 DECLINING,Medium,5,6
5962,969.0,810.67,652.33,335.66,633.34,16.3,🟡 DECLINING,Medium,9,10
5963,943.8000000000001,836.77,729.75,515.69,428.11,11.3,🟢 STABLE,Low,11,12
5964,741.0,717.88,694.76,648.52,92.48,3.1,🟢 STABLE,Low,11,12
5965,764.4000000000001,706.92,649.43,534.47,229.93,7.5,🟢 STABLE,Low,11,12
5966,1193.4,509.7,0.0,0.0,1193.4,57.3,🟠 RAPID DECLINE,High,1,1
5967,302.4,122.14,0.0,0.0,302.4,59.6,🟠 RAPID DECLINE,High,1,1
5968,888.5999999999999,811.74,734.87,581.14,307.46,8.6,🟢 STABLE,Low,11,12
5969,1051.1999999999998,791.66,532.12,13.03,1038.17,24.7,🟡 DECLINING,Medium,6,7
5970,1069.8000000000002,251.62,0.0,0.0,1069.8,76.5,🔴 CRITICAL DECAY,Critical,1,2
5971,240.0,239.45,238.9,237.79,2.21,0.2,🟢 STABLE,Low,11,12
5972,660.0,350.2,40.39,0.0,660.0,46.9,🟠 RAPID DECLINE,High,1,1
5973,1252.8000000000002,1215.97,1179.14,1105.47,147.33,2.9,🟢 STABLE,Low,11,12
5974,240.60000000000002,199.39,158.17,75.74,164.86,17.1,🟡 DECLINING,Medium,8,9
5975,1077.0,477.43,0.0,0.0,1077.0,55.7,🟠 RAPID DECLINE,High,1,1
5976,411.59999999999997,302.2,192.79,0.0,411.6,26.6,🟡 DECLINING,Medium,5,6
5977,247.79999999999998,244.8,241.8,235.81,11.99,1.2,🟢 STABLE,Low,11,12
5978,1011.0,944.17,877.35,743.69,267.31,6.6,🟢 STABLE,Low,11,12
5979,235.79999999999998,233.28,230.75,225.71,10.09,1.1,🟢 STABLE,Low,11,12
5980,958.1999999999999,852.89,747.59,536.98,421.22,11.0,🟢 STABLE,Low,11,12
5981,242.39999999999998,239.32,236.24,230.09,12.31,1.3,🟢 STABLE,Low,11,12
5982,237.60000000000002,230.38,223.15,208.71,28.89,3.0,🟢 STABLE,Low,11,12
5983,604.2,256.79,0.0,0.0,604.2,57.5,🟠 RAPID DECLINE,High,1,2
5984,1021.8000000000001,178.92,0.0,0.0,1021.8,82.5,🔴 CRITICAL DECAY,Critical,1,1
5985,895.1999999999999,876.4,857.6,820.0,75.2,2.1,🟢 STABLE,Low,11,12
5986,949.8000000000001,418.39,0.0,0.0,949.8,55.9,🟠 RAPID DECLINE,High,1,2
5987,244.20000000000002,240.73,237.26,230.33,13.87,1.4,🟢 STABLE,Low,11,12
5988,252.60000000000002,250.86,249.11,245.63,6.97,0.7,🟢 STABLE,Low,11,12
5989,1135.1999999999998,88.77,0.0,0.0,1135.2,92.2,🔴 CRITICAL DECAY,Critical,1,1
5990,1136.4,895.48,654.57,172.73,963.67,21.2,🟡 DECLINING,Medium,7,8
5991,1131.0,352.87,0.0,0.0,1131.0,68.8,🔴 CRITICAL DECAY,Critical,1,1
5992,869.4000000000001,814.11,758.81,648.22,221.18,6.4,🟢 STABLE,Low,1,1
5993,899.4000000000001,324.23,0.0,0.0,899.4,64.0,🔴 CRITICAL DECAY,Critical,1,2
5994,1262.4,654.3,46.2,0.0,1262.4,48.2,🟠 RAPID DECLINE,High,1,1
5995,1343.4,1338.7,1334.0,1324.59,18.81,0.3,🟢 STABLE,Low,11,12
5996,238.20000000000002,236.48,234.77,231.34,6.86,0.7,🟢 STABLE,Low,11,12
5997,1077.0,128.06,0.0,0.0,1077.0,88.1,🔴 CRITICAL DECAY,Critical,1,1
5998,240.60000000000002,237.98,235.35,230.11,10.49,1.1,🟢 STABLE,Low,11,12
5999,1307.4,981.73,656.05,4.71,1302.69,24.9,🟡 DECLINING,Medium,6,7
6000,235.79999999999998,232.99,230.19,224.58,11.22,1.2,🟢 STABLE,Low,11,12
6001,298.79999999999995,105.98,0.0,0.0,298.8,64.5,🔴 CRITICAL DECAY,Critical,1,1
6002,994.1999999999999,120.2,0.0,0.0,994.2,87.9,🔴 CRITICAL DECAY,Critical,1,1
6003,1118.4,1114.71,1111.02,1103.64,14.76,0.3,🟢 STABLE,Low,11,12
6004,1017.5999999999999,1000.81,984.02,950.44,67.16,1.6,🟢 STABLE,Low,11,12
6005,861.0,782.13,703.26,545.53,315.47,9.2,🟢 STABLE,Low,11,12
6006,364.20000000000005,337.65,311.1,258.0,106.2,7.3,🟢 STABLE,Low,11,12
6007,658.2,640.82,623.45,588.69,69.51,2.6,🟢 STABLE,Low,11,12
6008,234.0,226.18,218.37,202.74,31.26,3.3,🟢 STABLE,Low,11,12
6009,1246.1999999999998,325.01,0.0,0.0,1246.2,73.9,🔴 CRITICAL DECAY,Critical,1,1
6010,290.4,288.37,286.33,282.27,8.13,0.7,🟢 STABLE,Low,11,12
6011,232.20000000000002,189.61,147.03,61.86,170.34,18.3,🟡 DECLINING,Medium,8,9
6012,1003.1999999999999,291.53,0.0,0.0,1003.2,70.9,🔴 CRITICAL DECAY,Critical,1,1
6013,1207.8000000000002,764.05,320.31,0.0,1207.8,36.7,🟠 RAPID DECLINE,High,4,5
6014,1129.1999999999998,991.55,853.9,578.6,550.6,12.2,🟢 STABLE,Low,11,12
6015,894.5999999999999,165.5,0.0,0.0,894.6,81.5,🔴 CRITICAL DECAY,Critical,1,1
6016,1301.4,834.98,368.56,0.0,1301.4,35.8,🟠 RAPID DECLINE,High,1,1
6017,673.8,432.38,190.95,0.0,673.8,35.8,🟠 RAPID DECLINE,High,4,5
6018,244.20000000000002,242.64,241.07,237.95,6.25,0.6,🟢 STABLE,Low,11,12
6019,966.5999999999999,910.25,853.89,741.19,225.41,5.8,🟢 STABLE,Low,11,12
6020,735.0,707.8,680.61,626.22,108.78,3.7,🟢 STABLE,Low,11,12
6021,245.39999999999998,161.69,77.99,0.0,245.4,34.1,🟡 DECLINING,Medium,4,5
6022,226.79999999999998,171.53,116.26,5.72,221.08,24.4,🟡 DECLINING,Medium,6,7
6023,235.20000000000002,233.62,232.05,228.9,6.3,0.7,🟢 STABLE,Low,11,12
6024,1098.0,64.78,0.0,0.0,1098.0,94.1,🔴 CRITICAL DECAY,Critical,1,1
6025,542.4000000000001,527.76,513.11,483.82,58.58,2.7,🟢 STABLE,Low,11,12
6026,233.39999999999998,181.21,129.02,24.65,208.75,22.4,🟡 DECLINING,Medium,6,7
6027,305.4,303.29,301.19,296.97,8.43,0.7,🟢 STABLE,Low,11,12
6028,970.1999999999999,714.55,458.9,0.0,970.2,26.4,🟡 DECLINING,Medium,5,6
6029,1138.8000000000002,729.17,319.55,0.0,1138.8,36.0,🟠 RAPID DECLINE,High,4,5
6030,588.5999999999999,438.92,289.24,0.0,588.6,25.4,🟡 DECLINING,Medium,5,6
6031,351.6,217.43,83.26,0.0,351.6,38.2,🟠 RAPID DECLINE,High,3,4
6032,1263.6,392.85,0.0,0.0,1263.6,68.9,🔴 CRITICAL DECAY,Critical,1,1
6033,1067.4,278.27,0.0,0.0,1067.4,73.9,🔴 CRITICAL DECAY,Critical,1,1
6034,243.0,233.57,224.14,205.29,37.71,3.9,🟢 STABLE,Low,11,12
6035,1330.1999999999998,731.88,133.55,0.0,1330.2,45.0,🟠 RAPID DECLINE,High,1,1
6036,1326.0,848.37,370.75,0.0,1326.0,36.0,🟠 RAPID DECLINE,High,4,5
6037,1312.8000000000002,1196.09,1079.38,845.97,466.83,8.9,🟢 STABLE,Low,11,12
6038,1370.4,1364.92,1359.44,1348.47,21.93,0.4,🟢 STABLE,Low,11,12
6039,438.0,253.56,69.12,0.0,438.0,42.1,🟠 RAPID DECLINE,High,1,1
6040,849.0,123.53,0.0,0.0,849.0,85.4,🔴 CRITICAL DECAY,Critical,1,1
6041,239.39999999999998,141.08,42.76,0.0,239.4,41.1,🟠 RAPID DECLINE,High,3,4
6042,235.20000000000002,224.22,213.23,191.26,43.94,4.7,🟢 STABLE,Low,11,12
6043,481.79999999999995,111.49,0.0,0.0,481.8,76.9,🔴 CRITICAL DECAY,Critical,1,1
6044,919.1999999999999,375.4,0.0,0.0,919.2,59.2,🟠 RAPID DECLINE,High,1,2
6045,235.20000000000002,228.29,221.37,207.54,27.66,2.9,🟢 STABLE,Low,11,12
6046,1023.5999999999999,274.22,0.0,0.0,1023.6,73.2,🔴 CRITICAL DECAY,Critical,1,2
6047,790.1999999999999,527.22,264.24,0.0,790.2,33.3,🟡 DECLINING,Medium,4,5
6048,1133.4,310.32,0.0,0.0,1133.4,72.6,🔴 CRITICAL DECAY,Critical,1,1
6049,240.60000000000002,239.32,238.05,235.5,5.1,0.5,🟢 STABLE,Low,11,12
6050,1192.8000000000002,969.75,746.69,300.59,892.21,18.7,🟡 DECLINING,Medium,8,9
6051,240.0,197.93,155.86,71.71,168.29,17.5,🟡 DECLINING,Medium,8,9
6052,941.4000000000001,922.29,903.18,864.96,76.44,2.0,🟢 STABLE,Low,11,12
6053,301.20000000000005,297.25,293.31,285.42,15.78,1.3,🟢 STABLE,Low,11,12
6054,1168.1999999999998,811.31,454.43,0.0,1168.2,30.6,🟡 DECLINING,Medium,1,1
6055,660.0,255.88,0.0,0.0,660.0,61.2,🔴 CRITICAL DECAY,Critical,1,2
6056,853.1999999999999,839.21,825.22,797.23,55.97,1.6,🟢 STABLE,Low,11,12
6057,738.5999999999999,611.49,484.37,230.15,508.45,17.2,🟡 DECLINING,Medium,8,9
6058,550.8,448.19,345.57,140.34,410.46,18.6,🟡 DECLINING,Medium,8,9
6059,483.59999999999997,476.93,470.25,456.91,26.69,1.4,🟢 STABLE,Low,11,12
6060,1045.1999999999998,224.82,0.0,0.0,1045.2,78.5,🔴 CRITICAL DECAY,Critical,1,1
6061,594.0,569.23,544.46,494.92,99.08,4.2,🟢 STABLE,Low,11,12
6062,885.5999999999999,654.64,423.67,0.0,885.6,26.1,🟡 DECLINING,Medium,5,6
6063,230.39999999999998,229.73,229.06,227.73,2.67,0.3,🟢 STABLE,Low,11,12
6064,543.5999999999999,91.32,0.0,0.0,543.6,83.2,🔴 CRITICAL DECAY,Critical,1,1
6065,300.0,297.99,295.98,291.96,8.04,0.7,🟢 STABLE,Low,11,12
6066,1139.4,188.11,0.0,0.0,1139.4,83.5,🔴 CRITICAL DECAY,Critical,1,1
6067,423.59999999999997,402.38,381.16,338.71,84.89,5.0,🟢 STABLE,Low,11,12
6068,534.5999999999999,476.92,419.23,303.87,230.73,10.8,🟢 STABLE,Low,11,12
6069,921.0,880.11,839.22,757.43,163.57,4.4,🟢 STABLE,Low,11,12
6070,972.0,964.22,956.45,940.9,31.1,0.8,🟢 STABLE,Low,11,12
6071,1266.6,1252.16,1237.72,1208.84,57.76,1.1,🟢 STABLE,Low,11,12
6072,225.60000000000002,155.62,85.64,0.0,225.6,31.0,🟡 DECLINING,Medium,4,5
6073,298.79999999999995,291.42,284.04,269.28,29.52,2.5,🟢 STABLE,Low,11,12
6074,281.4,77.47,0.0,0.0,281.4,72.5,🔴 CRITICAL DECAY,Critical,1,1
6075,778.8000000000001,718.75,658.71,538.62,240.18,7.7,🟢 STABLE,Low,11,12
6076,736.2,723.76,711.32,686.43,49.77,1.7,🟢 STABLE,Low,11,12
6077,1367.4,1357.01,1346.62,1325.83,41.57,0.8,🟢 STABLE,Low,11,12
6078,1081.8000000000002,1015.49,949.17,816.54,265.26,6.1,🟢 STABLE,Low,11,12
6079,649.2,520.33,391.47,133.74,515.46,19.9,🟡 DECLINING,Medium,7,8
6080,356.4,240.57,124.74,0.0,356.4,32.5,🟡 DECLINING,Medium,1,1
6081,597.5999999999999,290.91,0.0,0.0,597.6,51.3,🟠 RAPID DECLINE,High,2,3
6082,1213.1999999999998,678.06,142.91,0.0,1213.2,44.1,🟠 RAPID DECLINE,High,3,4
6083,292.79999999999995,291.92,291.04,289.29,3.51,0.3,🟢 STABLE,Low,11,12
6084,1140.0,662.91,185.82,0.0,1140.0,41.9,🟠 RAPID DECLINE,High,1,2
6085,607.8,310.95,14.1,0.0,607.8,48.8,🟠 RAPID DECLINE,High,1,1
6086,838.8000000000001,832.76,826.72,814.64,24.16,0.7,🟢 STABLE,Low,11,12
6087,479.40000000000003,454.23,429.06,378.73,100.67,5.3,🟢 STABLE,Low,11,12
6088,664.8,115.61,0.0,0.0,664.8,82.6,🔴 CRITICAL DECAY,Critical,1,1
6089,1087.1999999999998,91.11,0.0,0.0,1087.2,91.6,🔴 CRITICAL DECAY,Critical,1,1
6090,1239.0,1226.73,1214.47,1189.94,49.06,1.0,🟢 STABLE,Low,11,12
6091,1042.1999999999998,125.79,0.0,0.0,1042.2,87.9,🔴 CRITICAL DECAY,Critical,1,1
6092,1131.0,1126.36,1121.73,1112.45,18.55,0.4,🟢 STABLE,Low,11,12
6093,564.5999999999999,559.29,553.99,543.37,21.23,0.9,🟢 STABLE,Low,11,12
6094,246.60000000000002,244.63,242.65,238.71,7.89,0.8,🟢 STABLE,Low,11,12
6095,235.79999999999998,124.41,13.02,0.0,235.8,47.2,🟠 RAPID DECLINE,High,3,4
6096,842.4000000000001,43.64,0.0,0.0,842.4,94.8,🔴 CRITICAL DECAY,Critical,1,1
6097,972.0,969.76,967.53,963.06,8.94,0.2,🟢 STABLE,Low,11,12
6098,910.8000000000001,846.5,782.2,653.59,257.21,7.1,🟢 STABLE,Low,11,12
6099,296.4,295.45,294.5,292.61,3.79,0.3,🟢 STABLE,Low,11,12
6100,1188.6,502.66,0.0,0.0,1188.6,57.7,🟠 RAPID DECLINE,High,1,1
6101,1323.0,1275.37,1227.74,1132.49,190.51,3.6,🟢 STABLE,Low,11,12
6102,1020.0,1011.94,1003.88,987.77,32.23,0.8,🟢 STABLE,Low,11,12
6103,237.0,208.11,179.22,121.44,115.56,12.2,🟢 STABLE,Low,11,12
6104,286.79999999999995,268.93,251.06,215.33,71.47,6.2,🟢 STABLE,Low,11,12
6105,1335.0,805.41,275.81,0.0,1335.0,39.7,🟠 RAPID DECLINE,High,1,1
6106,661.2,297.61,0.0,0.0,661.2,55.0,🟠 RAPID DECLINE,High,1,1
6107,239.39999999999998,141.65,43.91,0.0,239.4,40.8,🟠 RAPID DECLINE,High,1,1
6108,301.79999999999995,214.22,126.64,0.0,301.8,29.0,🟡 DECLINING,Medium,5,6
6109,649.8,446.93,244.06,0.0,649.8,31.2,🟡 DECLINING,Medium,4,5
6110,717.5999999999999,489.83,262.07,0.0,717.6,31.7,🟡 DECLINING,Medium,4,5
6111,1006.1999999999999,818.04,629.88,253.56,752.64,18.7,🟡 DECLINING,Medium,8,9
6112,1258.8000000000002,1221.79,1184.78,1110.77,148.03,2.9,🟢 STABLE,Low,11,12
6113,903.5999999999999,750.89,598.18,292.77,610.83,16.9,🟡 DECLINING,Medium,8,9
6114,799.8000000000001,552.58,305.36,0.0,799.8,30.9,🟡 DECLINING,Medium,4,5
6115,1314.0,1310.45,1306.9,1299.81,14.19,0.3,🟢 STABLE,Low,11,12
6116,886.1999999999999,868.92,851.64,817.08,69.12,1.9,🟢 STABLE,Low,11,12
6117,231.60000000000002,230.81,230.03,228.45,3.15,0.3,🟢 STABLE,Low,11,12
6118,1418.4,1408.47,1398.54,1378.68,39.72,0.7,🟢 STABLE,Low,11,12
6119,617.4000000000001,570.97,524.54,431.69,185.71,7.5,🟢 STABLE,Low,11,12
6120,713.4000000000001,412.99,112.57,0.0,713.4,42.1,🟠 RAPID DECLINE,High,3,4
6121,234.0,230.65,227.31,220.62,13.38,1.4,🟢 STABLE,Low,11,12
6122,234.60000000000002,227.98,221.37,208.14,26.46,2.8,🟢 STABLE,Low,11,12
6123,1122.6,994.17,865.75,608.9,513.7,11.4,🟢 STABLE,Low,11,12
6124,711.5999999999999,692.67,673.74,635.89,75.71,2.7,🟢 STABLE,Low,11,12
6125,1227.0,303.31,0.0,0.0,1227.0,75.3,🔴 CRITICAL DECAY,Critical,1,1
6126,1150.8000000000002,725.92,301.05,0.0,1150.8,36.9,🟠 RAPID DECLINE,High,1,1
6127,1317.6,919.95,522.3,0.0,1317.6,30.2,🟡 DECLINING,Medium,4,5
6128,937.1999999999999,212.18,0.0,0.0,937.2,77.4,🔴 CRITICAL DECAY,Critical,1,1
6129,478.79999999999995,366.43,254.05,29.3,449.5,23.5,🟡 DECLINING,Medium,6,7
6130,778.8000000000001,773.66,768.52,758.24,20.56,0.7,🟢 STABLE,Low,11,12
6131,1140.6,570.53,0.46,0.0,1140.6,50.0,🟠 RAPID DECLINE,High,3,4
6132,640.8,586.46,532.12,423.44,217.36,8.5,🟢 STABLE,Low,11,12
6133,298.79999999999995,150.3,1.79,0.0,298.8,49.7,🟠 RAPID DECLINE,High,1,1
6134,536.4000000000001,300.33,64.26,0.0,536.4,44.0,🟠 RAPID DECLINE,High,3,4
6135,1368.0,1362.12,1356.24,1344.47,23.53,0.4,🟢 STABLE,Low,11,12
6136,243.0,240.98,238.97,234.93,8.07,0.8,🟢 STABLE,Low,11,12
6137,646.2,416.93,187.66,0.0,646.2,35.5,🟠 RAPID DECLINE,High,1,1
6138,1006.1999999999999,955.79,905.38,804.56,201.64,5.0,🟢 STABLE,Low,11,12
6139,242.39999999999998,184.78,127.16,11.93,230.47,23.8,🟡 DECLINING,Medium,6,7
6140,239.39999999999998,130.45,21.5,0.0,239.4,45.5,🟠 RAPID DECLINE,High,1,2
6141,1250.4,444.89,0.0,0.0,1250.4,64.4,🔴 CRITICAL DECAY,Critical,1,1
6142,603.0,523.4,443.81,284.62,318.38,13.2,🟢 STABLE,Low,11,12
6143,244.20000000000002,236.9,229.6,214.99,29.21,3.0,🟢 STABLE,Low,11,12
6144,1080.0,292.25,0.0,0.0,1080.0,72.9,🔴 CRITICAL DECAY,Critical,2,3
6145,650.4000000000001,646.89,643.38,636.35,14.05,0.5,🟢 STABLE,Low,11,12
6146,1194.0,367.51,0.0,0.0,1194.0,69.2,🔴 CRITICAL DECAY,Critical,1,1
6147,1189.1999999999998,1016.41,843.62,498.04,691.16,14.5,🟢 STABLE,Low,10,11
6148,802.8000000000001,797.82,792.85,782.89,19.91,0.6,🟢 STABLE,Low,11,12
6149,310.20000000000005,285.2,260.2,210.19,100.01,8.1,🟢 STABLE,Low,11,12
6150,1092.6,548.7,4.81,0.0,1092.6,49.8,🟠 RAPID DECLINE,High,1,2
6151,852.0,258.41,0.0,0.0,852.0,69.7,🔴 CRITICAL DECAY,Critical,1,1
6152,1118.4,505.74,0.0,0.0,1118.4,54.8,🟠 RAPID DECLINE,High,2,3
6153,251.39999999999998,249.89,248.38,245.37,6.03,0.6,🟢 STABLE,Low,11,12
6154,1310.4,1302.54,1294.68,1278.95,31.45,0.6,🟢 STABLE,Low,11,12
6155,232.20000000000002,125.09,17.97,0.0,232.2,46.1,🟠 RAPID DECLINE,High,3,4
6156,1029.6,466.61,0.0,0.0,1029.6,54.7,🟠 RAPID DECLINE,High,2,3
6157,238.20000000000002,141.35,44.5,0.0,238.2,40.7,🟠 RAPID DECLINE,High,1,2
6158,235.79999999999998,98.23,0.0,0.0,235.8,58.3,🟠 RAPID DECLINE,High,1,2
6159,246.0,233.65,221.3,196.6,49.4,5.0,🟢 STABLE,Low,11,12
6160,1075.8000000000002,1030.08,984.36,892.91,182.89,4.2,🟢 STABLE,Low,11,12
6161,892.1999999999999,697.7,503.2,114.2,778.0,21.8,🟡 DECLINING,Medium,6,7
6162,593.4000000000001,572.27,551.15,508.9,84.5,3.6,🟢 STABLE,Low,11,12
6163,1069.1999999999998,212.98,0.0,0.0,1069.2,80.1,🔴 CRITICAL DECAY,Critical,1,1
6164,901.8000000000001,889.81,877.81,853.82,47.98,1.3,🟢 STABLE,Low,11,12
6165,847.8000000000001,141.41,0.0,0.0,847.8,83.3,🔴 CRITICAL DECAY,Critical,1,1
6166,1250.4,333.73,0.0,0.0,1250.4,73.3,🔴 CRITICAL DECAY,Critical,1,1
6167,1080.6,874.1,667.59,254.59,826.01,19.1,🟡 DECLINING,Medium,7,8
6168,951.0,54.97,0.0,0.0,951.0,94.2,🔴 CRITICAL DECAY,Critical,1,1
6169,538.8,192.57,0.0,0.0,538.8,64.3,🔴 CRITICAL DECAY,Critical,1,2
6170,232.79999999999998,165.17,97.54,0.0,232.8,29.1,🟡 DECLINING,Medium,5,6
6171,1065.0,977.56,890.13,715.25,349.75,8.2,🟢 STABLE,Low,11,12
6172,841.1999999999999,235.54,0.0,0.0,841.2,72.0,🔴 CRITICAL DECAY,Critical,1,1
6173,1092.0,816.05,540.1,0.0,1092.0,25.3,🟡 DECLINING,Medium,5,6
6174,355.79999999999995,67.39,0.0,0.0,355.8,81.1,🔴 CRITICAL DECAY,Critical,1,1
6175,1089.6,940.11,790.61,491.63,597.97,13.7,🟢 STABLE,Low,10,11
6176,934.1999999999999,357.52,0.0,0.0,934.2,61.7,🔴 CRITICAL DECAY,Critical,1,1
6177,651.5999999999999,207.86,0.0,0.0,651.6,68.1,🔴 CRITICAL DECAY,Critical,1,1
6178,227.39999999999998,218.9,210.39,193.38,34.02,3.7,🟢 STABLE,Low,11,12
6179,1141.8000000000002,125.26,0.0,0.0,1141.8,89.0,🔴 CRITICAL DECAY,Critical,1,1
6180,1228.8000000000002,1198.82,1168.83,1108.87,119.93,2.4,🟢 STABLE,Low,11,12
6181,1198.8000000000002,816.62,434.45,0.0,1198.8,31.9,🟡 DECLINING,Medium,1,1
6182,1064.4,1062.7,1060.99,1057.59,6.81,0.2,🟢 STABLE,Low,11,12
6183,651.5999999999999,585.98,520.37,389.14,262.46,10.1,🟢 STABLE,Low,11,12
6184,668.4000000000001,621.41,574.42,480.45,187.95,7.0,🟢 STABLE,Low,11,12
6185,1247.4,627.32,7.23,0.0,1247.4,49.7,🟠 RAPID DECLINE,High,1,1
6186,1330.1999999999998,732.94,135.68,0.0,1330.2,44.9,🟠 RAPID DECLINE,High,3,4
6187,241.79999999999998,240.01,238.22,234.64,7.16,0.7,🟢 STABLE,Low,11,12
6188,240.60000000000002,197.53,154.47,68.33,172.27,17.9,🟡 DECLINING,Medium,8,9
6189,1103.4,1101.86,1100.31,1097.22,6.18,0.1,🟢 STABLE,Low,11,12
6190,966.0,106.36,0.0,0.0,966.0,89.0,🔴 CRITICAL DECAY,Critical,1,1
6191,667.8,613.44,559.08,450.36,217.44,8.1,🟢 STABLE,Low,11,12
6192,896.4000000000001,233.06,0.0,0.0,896.4,74.0,🔴 CRITICAL DECAY,Critical,1,2
6193,1249.8000000000002,1117.82,985.84,721.88,527.92,10.6,🟢 STABLE,Low,11,12
6194,1003.8000000000001,975.19,946.58,889.37,114.43,2.9,🟢 STABLE,Low,11,12
6195,866.4000000000001,267.28,0.0,0.0,866.4,69.2,🔴 CRITICAL DECAY,Critical,1,1
6196,1320.6,1293.26,1265.93,1211.25,109.35,2.1,🟢 STABLE,Low,11,12
6197,618.0,470.11,322.23,26.45,591.55,23.9,🟡 DECLINING,Medium,6,7
6198,306.0,303.67,301.35,296.7,9.3,0.8,🟢 STABLE,Low,11,12
6199,1074.6,522.9,0.0,0.0,1074.6,51.3,🟠 RAPID DECLINE,High,1,1
6200,234.0,232.69,231.38,228.76,5.24,0.6,🟢 STABLE,Low,11,12
6201,968.4000000000001,504.05,39.7,0.0,968.4,48.0,🟠 RAPID DECLINE,High,3,4
6202,930.0,907.4,884.8,839.6,90.4,2.4,🟢 STABLE,Low,11,12
6203,1261.1999999999998,1228.66,1196.12,1131.04,130.16,2.6,🟢 STABLE,Low,11,12
6204,301.79999999999995,171.78,41.77,0.0,301.8,43.1,🟠 RAPID DECLINE,High,1,2
6205,1143.0,671.97,200.94,0.0,1143.0,41.2,🟠 RAPID DECLINE,High,3,4
6206,1147.8000000000002,837.43,527.07,0.0,1147.8,27.0,🟡 DECLINING,Medium,5,6
6207,1020.0,592.52,165.04,0.0,1020.0,41.9,🟠 RAPID DECLINE,High,3,4
6208,969.5999999999999,965.72,961.84,954.09,15.51,0.4,🟢 STABLE,Low,11,12
6209,298.20000000000005,272.7,247.21,196.22,101.98,8.6,🟢 STABLE,Low,11,12
6210,657.0,578.69,500.37,343.74,313.26,11.9,🟢 STABLE,Low,11,12
6211,1029.0,281.84,0.0,0.0,1029.0,72.6,🔴 CRITICAL DECAY,Critical,1,1
6212,609.0,456.81,304.62,0.24,608.76,25.0,🟡 DECLINING,Medium,6,7
6213,241.79999999999998,238.63,235.46,229.13,12.67,1.3,🟢 STABLE,Low,11,12
6214,240.60000000000002,238.8,236.99,233.38,7.22,0.7,🟢 STABLE,Low,11,12
6215,1179.0,83.24,0.0,0.0,1179.0,92.9,🔴 CRITICAL DECAY,Critical,1,1
6216,859.1999999999999,853.53,847.86,836.52,22.68,0.7,🟢 STABLE,Low,11,12
6217,977.4000000000001,949.54,921.69,865.98,111.42,2.9,🟢 STABLE,Low,11,12
6218,700.8,675.5,650.2,599.6,101.2,3.6,🟢 STABLE,Low,11,12
6219,308.4,59.64,0.0,0.0,308.4,80.7,🔴 CRITICAL DECAY,Critical,1,1
6220,644.4000000000001,640.66,636.92,629.45,14.95,0.6,🟢 STABLE,Low,11,12
6221,235.20000000000002,230.28,225.37,215.54,19.66,2.1,🟢 STABLE,Low,11,12
6222,1072.8000000000002,860.17,647.54,222.28,850.52,19.8,🟡 DECLINING,Medium,7,8
6223,828.0,318.95,0.0,0.0,828.0,61.5,🔴 CRITICAL DECAY,Critical,1,1
6224,1010.4000000000001,991.1,971.8,933.21,77.19,1.9,🟢 STABLE,Low,11,12
6225,1273.1999999999998,1269.64,1266.07,1258.94,14.26,0.3,🟢 STABLE,Low,11,12
6226,309.0,307.45,305.91,302.82,6.18,0.5,🟢 STABLE,Low,11,12
6227,552.5999999999999,389.8,227.01,0.0,552.6,29.5,🟡 DECLINING,Medium,1,1
6228,779.4000000000001,776.36,773.32,767.24,12.16,0.4,🟢 STABLE,Low,11,12
6229,1025.4,1022.12,1018.84,1012.27,13.13,0.3,🟢 STABLE,Low,11,12
6230,240.60000000000002,106.8,0.0,0.0,240.6,55.6,🟠 RAPID DECLINE,High,1,1
6231,916.8000000000001,92.41,0.0,0.0,916.8,89.9,🔴 CRITICAL DECAY,Critical,1,1
6232,1206.0,72.12,0.0,0.0,1206.0,94.0,🔴 CRITICAL DECAY,Critical,1,1
6233,248.39999999999998,147.4,46.4,0.0,248.4,40.7,🟠 RAPID DECLINE,High,1,2
6234,303.6,301.63,299.65,295.71,7.89,0.6,🟢 STABLE,Low,11,12
6235,480.59999999999997,302.25,123.9,0.0,480.6,37.1,🟠 RAPID DECLINE,High,1,1
6236,1207.1999999999998,650.44,93.68,0.0,1207.2,46.1,🟠 RAPID DECLINE,High,1,2
6237,839.4000000000001,104.93,0.0,0.0,839.4,87.5,🔴 CRITICAL DECAY,Critical,1,1
6238,888.0,781.97,675.95,463.89,424.11,11.9,🟢 STABLE,Low,11,12
6239,1192.8000000000002,1163.93,1135.07,1077.34,115.46,2.4,🟢 STABLE,Low,11,12
6240,1119.6,79.38,0.0,0.0,1119.6,92.9,🔴 CRITICAL DECAY,Critical,1,1
6241,589.8,161.66,0.0,0.0,589.8,72.6,🔴 CRITICAL DECAY,Critical,1,1
6242,1289.4,1287.08,1284.76,1280.12,9.28,0.2,🟢 STABLE,Low,11,12
6243,1003.1999999999999,1001.19,999.19,995.17,8.03,0.2,🟢 STABLE,Low,11,12
6244,1188.6,354.92,0.0,0.0,1188.6,70.1,🔴 CRITICAL DECAY,Critical,1,1
6245,961.1999999999999,892.47,823.75,686.3,274.9,7.2,🟢 STABLE,Low,11,12
6246,783.5999999999999,780.39,777.17,770.75,12.85,0.4,🟢 STABLE,Low,11,12
6247,1074.6,1033.87,993.15,911.69,162.91,3.8,🟢 STABLE,Low,11,12
6248,729.5999999999999,724.86,720.12,710.63,18.97,0.6,🟢 STABLE,Low,11,12
6249,894.0,215.1,0.0,0.0,894.0,75.9,🔴 CRITICAL DECAY,Critical,1,1
6250,1189.8000000000002,1184.09,1178.38,1166.96,22.84,0.5,🟢 STABLE,Low,11,12
6251,231.0,120.14,9.29,0.0,231.0,48.0,🟠 RAPID DECLINE,High,1,2
6252,473.40000000000003,448.69,423.98,374.55,98.85,5.2,🟢 STABLE,Low,11,12
6253,538.2,397.14,256.08,0.0,538.2,26.2,🟡 DECLINING,Medium,5,6
6254,1166.4,1122.43,1078.45,990.51,175.89,3.8,🟢 STABLE,Low,11,12
6255,1326.6,1083.57,840.53,354.47,972.13,18.3,🟡 DECLINING,Medium,8,9
6256,420.59999999999997,208.87,0.0,0.0,420.6,50.3,🟠 RAPID DECLINE,High,1,1
6257,876.0,61.85,0.0,0.0,876.0,92.9,🔴 CRITICAL DECAY,Critical,1,1
6258,238.79999999999998,82.17,0.0,0.0,238.8,65.6,🔴 CRITICAL DECAY,Critical,2,3
6259,923.4000000000001,919.15,914.9,906.41,16.99,0.5,🟢 STABLE,Low,11,12
6260,424.79999999999995,411.84,398.89,372.97,51.83,3.1,🟢 STABLE,Low,11,12
6261,245.39999999999998,244.32,243.24,241.08,4.32,0.4,🟢 STABLE,Low,11,12
6262,1161.0,1132.79,1104.58,1048.15,112.85,2.4,🟢 STABLE,Low,11,12
6263,650.4000000000001,612.68,574.95,499.51,150.89,5.8,🟢 STABLE,Low,11,12
6264,1201.1999999999998,1154.11,1107.03,1012.85,188.35,3.9,🟢 STABLE,Low,11,12
6265,543.0,289.74,36.49,0.0,543.0,46.6,🟠 RAPID DECLINE,High,1,1
6266,1006.1999999999999,710.28,414.35,0.0,1006.2,29.4,🟡 DECLINING,Medium,1,1
6267,841.1999999999999,45.17,0.0,0.0,841.2,94.6,🔴 CRITICAL DECAY,Critical,1,1
6268,250.20000000000002,239.67,229.13,208.07,42.13,4.2,🟢 STABLE,Low,11,12
6269,401.40000000000003,360.5,319.59,237.79,163.61,10.2,🟢 STABLE,Low,11,12
6270,242.39999999999998,239.54,236.68,230.96,11.44,1.2,🟢 STABLE,Low,11,12
6271,1030.8000000000002,930.4,830.0,629.2,401.6,9.7,🟢 STABLE,Low,11,12
6272,732.0,699.65,667.29,602.58,129.42,4.4,🟢 STABLE,Low,11,12
6273,847.8000000000001,135.22,0.0,0.0,847.8,84.1,🔴 CRITICAL DECAY,Critical,1,1
6274,1042.8000000000002,867.92,693.04,343.29,699.51,16.8,🟡 DECLINING,Medium,8,9
6275,832.8000000000001,830.05,827.3,821.81,10.99,0.3,🟢 STABLE,Low,11,12
6276,244.20000000000002,227.47,210.74,177.29,66.91,6.9,🟢 STABLE,Low,11,12
6277,244.20000000000002,140.83,37.46,0.0,244.2,42.3,🟠 RAPID DECLINE,High,1,2
6278,1251.6,1226.94,1202.29,1152.97,98.63,2.0,🟢 STABLE,Low,11,12
6279,539.4000000000001,484.06,428.72,318.03,221.37,10.3,🟢 STABLE,Low,11,12
6280,593.4000000000001,554.12,514.83,436.27,157.13,6.6,🟢 STABLE,Low,11,12
6281,247.20000000000002,237.16,227.13,207.05,40.15,4.1,🟢 STABLE,Low,11,12
6282,234.60000000000002,233.73,232.86,231.13,3.47,0.4,🟢 STABLE,Low,11,12
6283,1188.0,157.77,0.0,0.0,1188.0,86.7,🔴 CRITICAL DECAY,Critical,1,1
6284,1122.0,246.62,0.0,0.0,1122.0,78.0,🔴 CRITICAL DECAY,Critical,1,1
6285,654.5999999999999,605.5,556.41,458.22,196.38,7.5,🟢 STABLE,Low,11,12
6286,240.60000000000002,173.79,106.97,0.0,240.6,27.8,🟡 DECLINING,Medium,5,6
6287,1007.4000000000001,258.9,0.0,0.0,1007.4,74.3,🔴 CRITICAL DECAY,Critical,1,1
6288,953.4000000000001,71.22,0.0,0.0,953.4,92.5,🔴 CRITICAL DECAY,Critical,1,1
6289,1394.4,1375.58,1356.75,1319.1,75.3,1.3,🟢 STABLE,Low,11,12
6290,1124.4,1092.92,1061.43,998.47,125.93,2.8,🟢 STABLE,Low,11,12
6291,958.1999999999999,939.52,920.83,883.46,74.74,1.9,🟢 STABLE,Low,11,12
6292,1200.0,1017.96,835.92,471.84,728.16,15.2,🟡 DECLINING,Medium,9,10
6293,235.20000000000002,234.28,233.37,231.53,3.67,0.4,🟢 STABLE,Low,11,12
6294,236.39999999999998,138.2,40.0,0.0,236.4,41.5,🟠 RAPID DECLINE,High,1,1
6295,242.39999999999998,240.58,238.76,235.13,7.27,0.8,🟢 STABLE,Low,11,12
6296,604.8,530.47,456.14,307.48,297.32,12.3,🟢 STABLE,Low,11,12
6297,1360.1999999999998,1304.43,1248.66,1137.13,223.07,4.1,🟢 STABLE,Low,11,12
6298,960.0,845.18,730.37,500.74,459.26,12.0,🟢 STABLE,Low,11,12
6299,971.4000000000001,963.73,956.05,940.7,30.7,0.8,🟢 STABLE,Low,11,12
6300,298.79999999999995,296.62,294.44,290.08,8.72,0.7,🟢 STABLE,Low,11,12
6301,658.8,577.11,495.42,332.04,326.76,12.4,🟢 STABLE,Low,11,12
6302,906.5999999999999,215.05,0.0,0.0,906.6,76.3,🔴 CRITICAL DECAY,Critical,1,1
6303,1311.0,1296.71,1282.42,1253.84,57.16,1.1,🟢 STABLE,Low,11,12
6304,931.8000000000001,196.14,0.0,0.0,931.8,79.0,🔴 CRITICAL DECAY,Critical,1,1
6305,1140.0,378.14,0.0,0.0,1140.0,66.8,🔴 CRITICAL DECAY,Critical,1,1
6306,1395.6,1244.46,1093.31,791.03,604.57,10.8,🟢 STABLE,Low,11,12
6307,238.79999999999998,195.55,152.31,65.81,172.99,18.1,🟡 DECLINING,Medium,8,9
6308,844.1999999999999,186.23,0.0,0.0,844.2,77.9,🔴 CRITICAL DECAY,Critical,1,1
6309,307.20000000000005,306.19,305.17,303.14,4.06,0.3,🟢 STABLE,Low,11,12
6310,533.4000000000001,512.6,491.79,450.19,83.21,3.9,🟢 STABLE,Low,11,12
6311,1201.8000000000002,954.59,707.38,212.96,988.84,20.6,🟡 DECLINING,Medium,7,8
6312,1264.8000000000002,911.41,558.03,0.0,1264.8,27.9,🟡 DECLINING,Medium,1,1
6313,1150.1999999999998,120.77,0.0,0.0,1150.2,89.5,🔴 CRITICAL DECAY,Critical,1,1
6314,886.1999999999999,221.2,0.0,0.0,886.2,75.0,🔴 CRITICAL DECAY,Critical,1,1
6315,841.1999999999999,833.55,825.89,810.58,30.62,0.9,🟢 STABLE,Low,11,12
6316,303.0,301.3,299.61,296.21,6.79,0.6,🟢 STABLE,Low,11,12
6317,949.8000000000001,48.44,0.0,0.0,949.8,94.9,🔴 CRITICAL DECAY,Critical,1,1
6318,252.60000000000002,230.32,208.04,163.48,89.12,8.8,🟢 STABLE,Low,11,12
6319,299.4,246.14,192.87,86.35,213.05,17.8,🟡 DECLINING,Medium,8,9
6320,774.0,724.77,675.55,577.09,196.91,6.4,🟢 STABLE,Low,11,12
6321,235.79999999999998,168.01,100.22,0.0,235.8,28.7,🟡 DECLINING,Medium,1,1
6322,948.0,147.13,0.0,0.0,948.0,84.5,🔴 CRITICAL DECAY,Critical,1,1
6323,1271.4,706.77,142.14,0.0,1271.4,44.4,🟠 RAPID DECLINE,High,3,4
6324,910.1999999999999,382.1,0.0,0.0,910.2,58.0,🟠 RAPID DECLINE,High,1,1
6325,1102.1999999999998,335.07,0.0,0.0,1102.2,69.6,🔴 CRITICAL DECAY,Critical,1,1
6326,523.2,516.24,509.28,495.37,27.83,1.3,🟢 STABLE,Low,11,12
6327,1095.0,1048.13,1001.27,907.54,187.46,4.3,🟢 STABLE,Low,11,12
6328,1077.0,1072.69,1068.38,1059.77,17.23,0.4,🟢 STABLE,Low,11,12
6329,1252.8000000000002,1207.32,1161.85,1070.89,181.91,3.6,🟢 STABLE,Low,11,12
6330,1081.8000000000002,800.1,518.4,0.0,1081.8,26.0,🟡 DECLINING,Medium,5,6
6331,483.59999999999997,471.07,458.55,433.5,50.1,2.6,🟢 STABLE,Low,11,12
6332,1263.0,1243.93,1224.86,1186.71,76.29,1.5,🟢 STABLE,Low,11,12
6333,1272.0,670.34,68.69,0.0,1272.0,47.3,🟠 RAPID DECLINE,High,1,1
6334,1248.0,1223.41,1198.83,1149.66,98.34,2.0,🟢 STABLE,Low,11,12
6335,835.8000000000001,567.84,299.89,0.0,835.8,32.1,🟡 DECLINING,Medium,4,5
6336,891.5999999999999,672.27,452.93,14.27,877.33,24.6,🟡 DECLINING,Medium,6,7
6337,1210.8000000000002,1149.05,1087.3,963.8,247.0,5.1,🟢 STABLE,Low,11,12
6338,243.0,89.08,0.0,0.0,243.0,63.3,🔴 CRITICAL DECAY,Critical,1,1
6339,598.8,337.36,75.93,0.0,598.8,43.7,🟠 RAPID DECLINE,High,3,4
6340,1162.8000000000002,746.05,329.3,0.0,1162.8,35.8,🟠 RAPID DECLINE,High,4,5
6341,1204.1999999999998,186.77,0.0,0.0,1204.2,84.5,🔴 CRITICAL DECAY,Critical,1,1
6342,1249.1999999999998,263.58,0.0,0.0,1249.2,78.9,🔴 CRITICAL DECAY,Critical,1,1
6343,241.20000000000002,233.6,226.0,210.81,30.39,3.2,🟢 STABLE,Low,11,12
6344,899.4000000000001,594.14,288.89,0.0,899.4,33.9,🟡 DECLINING,Medium,1,1
6345,678.5999999999999,223.87,0.0,0.0,678.6,67.0,🔴 CRITICAL DECAY,Critical,1,1
6346,591.0,467.54,344.08,97.16,493.84,20.9,🟡 DECLINING,Medium,7,8
6347,823.1999999999999,492.52,161.84,0.0,823.2,40.2,🟠 RAPID DECLINE,High,1,1
6348,828.5999999999999,297.72,0.0,0.0,828.6,64.1,🔴 CRITICAL DECAY,Critical,1,1
6349,236.39999999999998,235.05,233.71,231.01,5.39,0.6,🟢 STABLE,Low,11,12
6350,240.60000000000002,168.95,97.3,0.0,240.6,29.8,🟡 DECLINING,Medium,5,6
6351,1244.4,1027.38,810.35,376.31,868.09,17.4,🟡 DECLINING,Medium,1,1
6352,1132.8000000000002,765.43,398.07,0.0,1132.8,32.4,🟡 DECLINING,Medium,4,5
6353,659.4000000000001,528.11,396.83,134.25,525.15,19.9,🟡 DECLINING,Medium,7,8
6354,1124.4,1067.96,1011.51,898.62,225.78,5.0,🟢 STABLE,Low,11,12
6355,1323.0,1293.63,1264.26,1205.52,117.48,2.2,🟢 STABLE,Low,11,12
6356,1186.8000000000002,494.78,0.0,0.0,1186.8,58.3,🟠 RAPID DECLINE,High,1,1
6357,1077.0,949.16,821.32,565.64,511.36,11.9,🟢 STABLE,Low,11,12
6358,965.4000000000001,963.08,960.77,956.13,9.27,0.2,🟢 STABLE,Low,11,12
6359,952.8000000000001,877.81,802.83,652.86,299.94,7.9,🟢 STABLE,Low,11,12
6360,243.60000000000002,77.0,0.0,0.0,243.6,68.4,🔴 CRITICAL DECAY,Critical,1,1
6361,753.5999999999999,627.07,500.54,247.48,506.12,16.8,🟡 DECLINING,Medium,8,9
6362,898.8000000000001,181.02,0.0,0.0,898.8,79.9,🔴 CRITICAL DECAY,Critical,1,1
6363,898.1999999999999,245.21,0.0,0.0,898.2,72.7,🔴 CRITICAL DECAY,Critical,1,1
6364,310.20000000000005,308.12,306.04,301.89,8.31,0.7,🟢 STABLE,Low,11,12
6365,1223.4,90.9,0.0,0.0,1223.4,92.6,🔴 CRITICAL DECAY,Critical,1,1
6366,819.5999999999999,807.06,794.52,769.44,50.16,1.5,🟢 STABLE,Low,11,12
6367,580.8,577.9,574.99,569.18,11.62,0.5,🟢 STABLE,Low,11,12
6368,1128.0,60.8,0.0,0.0,1128.0,94.6,🔴 CRITICAL DECAY,Critical,1,1
6369,1260.6,1236.9,1213.2,1165.8,94.8,1.9,🟢 STABLE,Low,11,12
6370,1071.6,491.44,0.0,0.0,1071.6,54.1,🟠 RAPID DECLINE,High,2,3
6371,301.79999999999995,297.97,294.13,286.47,15.33,1.3,🟢 STABLE,Low,11,12
6372,234.0,233.02,232.03,230.07,3.93,0.4,🟢 STABLE,Low,11,12
6373,1115.4,906.15,696.9,278.4,837.0,18.8,🟡 DECLINING,Medium,7,8
6374,248.39999999999998,247.38,246.36,244.33,4.07,0.4,🟢 STABLE,Low,11,12
6375,891.5999999999999,71.68,0.0,0.0,891.6,92.0,🔴 CRITICAL DECAY,Critical,1,1
6376,232.20000000000002,231.02,229.83,227.46,4.74,0.5,🟢 STABLE,Low,11,12
6377,535.8,277.6,19.4,0.0,535.8,48.2,🟠 RAPID DECLINE,High,3,4
6378,1008.5999999999999,494.31,0.0,0.0,1008.6,51.0,🟠 RAPID DECLINE,High,1,1
6379,968.4000000000001,266.31,0.0,0.0,968.4,72.5,🔴 CRITICAL DECAY,Critical,1,1
6380,1252.1999999999998,419.86,0.0,0.0,1252.2,66.5,🔴 CRITICAL DECAY,Critical,1,2
6381,234.60000000000002,173.39,112.19,0.0,234.6,26.1,🟡 DECLINING,Medium,5,6
6382,888.5999999999999,848.35,808.09,727.59,161.01,4.5,🟢 STABLE,Low,11,12
6383,481.20000000000005,478.17,475.14,469.07,12.13,0.6,🟢 STABLE,Low,11,12
6384,241.20000000000002,231.05,220.89,200.58,40.62,4.2,🟢 STABLE,Low,11,12
6385,1220.4,311.45,0.0,0.0,1220.4,74.5,🔴 CRITICAL DECAY,Critical,1,1
6386,1002.5999999999999,1000.59,998.59,994.58,8.02,0.2,🟢 STABLE,Low,11,12
6387,682.2,561.72,441.25,200.29,481.91,17.7,🟡 DECLINING,Medium,8,9
6388,244.79999999999998,127.44,10.09,0.0,244.8,47.9,🟠 RAPID DECLINE,High,1,1
6389,234.60000000000002,233.29,231.97,229.34,5.26,0.6,🟢 STABLE,Low,11,12
6390,1273.8000000000002,1170.11,1066.43,859.05,414.75,8.1,🟢 STABLE,Low,11,12
6391,947.4000000000001,882.69,817.99,688.57,258.83,6.8,🟢 STABLE,Low,11,12
6392,597.0,494.55,392.11,187.22,409.78,17.2,🟡 DECLINING,Medium,8,9
6393,1108.8000000000002,638.45,168.09,0.0,1108.8,42.4,🟠 RAPID DECLINE,High,1,1
6394,698.4000000000001,668.37,638.34,578.28,120.12,4.3,🟢 STABLE,Low,11,12
6395,1231.1999999999998,877.48,523.75,0.0,1231.2,28.7,🟡 DECLINING,Medium,1,1
6396,1103.4,599.81,96.22,0.0,1103.4,45.6,🟠 RAPID DECLINE,High,3,4
6397,783.0,757.63,732.26,681.52,101.48,3.2,🟢 STABLE,Low,11,12
6398,1272.0,1257.63,1243.25,1214.51,57.49,1.1,🟢 STABLE,Low,1,1
6399,877.1999999999999,386.85,0.0,0.0,877.2,55.9,🟠 RAPID DECLINE,High,2,3
6400,717.0,715.49,713.99,710.98,6.02,0.2,🟢 STABLE,Low,11,12
6401,661.2,514.48,367.76,74.32,586.88,22.2,🟡 DECLINING,Medium,1,1
6402,717.5999999999999,712.43,707.27,696.93,20.67,0.7,🟢 STABLE,Low,11,12
6403,1399.1999999999998,1394.16,1389.13,1379.05,20.15,0.4,🟢 STABLE,Low,11,12
6404,1311.6,874.84,438.07,0.0,1311.6,33.3,🟡 DECLINING,Medium,4,5
6405,1216.8000000000002,1078.45,940.1,663.4,553.4,11.4,🟢 STABLE,Low,11,12
6406,607.8,461.02,314.23,20.67,587.13,24.1,🟡 DECLINING,Medium,6,7
6407,673.8,634.72,595.64,517.48,156.32,5.8,🟢 STABLE,Low,11,12
6408,1278.0,766.16,254.32,0.0,1278.0,40.1,🟠 RAPID DECLINE,High,1,1
6409,230.39999999999998,224.41,218.42,206.44,23.96,2.6,🟢 STABLE,Low,11,12
6410,996.0,989.73,983.45,970.9,25.1,0.6,🟢 STABLE,Low,11,12
6411,841.1999999999999,237.98,0.0,0.0,841.2,71.7,🔴 CRITICAL DECAY,Critical,1,2
6412,1299.6,1296.09,1292.58,1285.56,14.04,0.3,🟢 STABLE,Low,11,12
6413,1092.6,823.6,554.6,16.61,1075.99,24.6,🟡 DECLINING,Medium,6,7
6414,303.0,300.73,298.46,293.91,9.09,0.7,🟢 STABLE,Low,11,12
6415,544.2,519.66,495.11,446.03,98.17,4.5,🟢 STABLE,Low,11,12
6416,526.8,518.85,510.89,494.98,31.82,1.5,🟢 STABLE,Low,11,12
6417,930.0,535.4,140.8,0.0,930.0,42.4,🟠 RAPID DECLINE,High,1,1
6418,951.5999999999999,832.65,713.7,475.8,475.8,12.5,🟢 STABLE,Low,11,12
6419,1018.8000000000001,728.03,437.27,0.0,1018.8,28.5,🟡 DECLINING,Medium,5,6
6420,951.0,828.23,705.45,459.9,491.1,12.9,🟢 STABLE,Low,11,12
6421,852.5999999999999,836.57,820.54,788.48,64.12,1.9,🟢 STABLE,Low,11,12
6422,645.0,603.91,562.83,480.65,164.35,6.4,🟢 STABLE,Low,11,12
6423,291.0,290.19,289.37,287.74,3.26,0.3,🟢 STABLE,Low,11,12
6424,650.4000000000001,634.4,618.4,586.4,64.0,2.5,🟢 STABLE,Low,11,12
6425,531.0,505.99,480.98,430.96,100.04,4.7,🟢 STABLE,Low,11,12
6426,600.5999999999999,573.33,546.07,491.53,109.07,4.5,🟢 STABLE,Low,11,12
6427,241.79999999999998,239.96,238.12,234.45,7.35,0.8,🟢 STABLE,Low,11,12
6428,831.0,199.44,0.0,0.0,831.0,76.0,🔴 CRITICAL DECAY,Critical,1,1
6429,832.1999999999999,801.41,770.62,709.03,123.17,3.7,🟢 STABLE,Low,11,12
6430,232.20000000000002,152.46,72.73,0.0,232.2,34.3,🟡 DECLINING,Medium,4,5
6431,229.79999999999998,228.42,227.04,224.28,5.52,0.6,🟢 STABLE,Low,11,12
6432,732.0,664.22,596.43,460.87,271.13,9.3,🟢 STABLE,Low,11,12
6433,246.0,244.3,242.61,239.21,6.79,0.7,🟢 STABLE,Low,11,12
6434,606.0,65.81,0.0,0.0,606.0,89.1,🔴 CRITICAL DECAY,Critical,1,1
6435,602.4000000000001,596.44,590.47,578.54,23.86,1.0,🟢 STABLE,Low,11,12
6436,955.1999999999999,951.38,947.56,939.92,15.28,0.4,🟢 STABLE,Low,11,12
6437,298.79999999999995,289.63,280.45,262.11,36.69,3.1,🟢 STABLE,Low,11,12
6438,892.8000000000001,45.98,0.0,0.0,892.8,94.8,🔴 CRITICAL DECAY,Critical,1,1
6439,1282.8000000000002,861.79,440.77,0.0,1282.8,32.8,🟡 DECLINING,Medium,4,5
6440,1216.1999999999998,337.98,0.0,0.0,1216.2,72.2,🔴 CRITICAL DECAY,Critical,1,1
6441,664.2,481.01,297.83,0.0,664.2,27.6,🟡 DECLINING,Medium,5,6
6442,606.5999999999999,589.49,572.39,538.18,68.42,2.8,🟢 STABLE,Low,11,12
6443,234.0,129.14,24.29,0.0,234.0,44.8,🟠 RAPID DECLINE,High,1,2
6444,953.4000000000001,887.71,822.02,690.64,262.76,6.9,🟢 STABLE,Low,11,12
6445,1087.8000000000002,572.18,56.57,0.0,1087.8,47.4,🟠 RAPID DECLINE,High,1,1
6446,1078.1999999999998,1069.47,1060.73,1043.27,34.93,0.8,🟢 STABLE,Low,11,12
6447,948.0,859.46,770.91,593.83,354.17,9.3,🟢 STABLE,Low,11,12
6448,1255.8000000000002,465.65,0.0,0.0,1255.8,62.9,🔴 CRITICAL DECAY,Critical,1,1
6449,234.60000000000002,137.15,39.69,0.0,234.6,41.5,🟠 RAPID DECLINE,High,1,1
6450,238.79999999999998,236.15,233.5,228.2,10.6,1.1,🟢 STABLE,Low,11,12
6451,1395.0,1339.48,1283.96,1172.92,222.08,4.0,🟢 STABLE,Low,11,12
6452,1053.0,564.3,75.61,0.0,1053.0,46.4,🟠 RAPID DECLINE,High,1,2
6453,1200.6,219.47,0.0,0.0,1200.6,81.7,🔴 CRITICAL DECAY,Critical,1,1
6454,975.5999999999999,626.63,277.66,0.0,975.6,35.8,🟠 RAPID DECLINE,High,4,5
6455,531.5999999999999,305.51,79.42,0.0,531.6,42.5,🟠 RAPID DECLINE,High,1,1
6456,844.1999999999999,837.36,830.52,816.85,27.35,0.8,🟢 STABLE,Low,11,12
6457,533.4000000000001,516.33,499.26,465.12,68.28,3.2,🟢 STABLE,Low,11,12
6458,589.8,390.8,191.8,0.0,589.8,33.7,🟡 DECLINING,Medium,4,5
6459,353.4,231.23,109.06,0.0,353.4,34.6,🟡 DECLINING,Medium,4,5
6460,1206.6,791.41,376.22,0.0,1206.6,34.4,🟡 DECLINING,Medium,1,1
6461,1023.5999999999999,709.76,395.93,0.0,1023.6,30.7,🟡 DECLINING,Medium,4,5
6462,1147.8000000000002,320.12,0.0,0.0,1147.8,72.1,🔴 CRITICAL DECAY,Critical,1,2
6463,829.1999999999999,790.23,751.26,673.31,155.89,4.7,🟢 STABLE,Low,11,12
6464,844.1999999999999,809.33,774.47,704.74,139.46,4.1,🟢 STABLE,Low,11,12
6465,247.20000000000002,245.35,243.49,239.78,7.42,0.7,🟢 STABLE,Low,11,12
6466,889.8000000000001,610.94,332.07,0.0,889.8,31.3,🟡 DECLINING,Medium,4,5
6467,900.5999999999999,308.19,0.0,0.0,900.6,65.8,🔴 CRITICAL DECAY,Critical,1,1
6468,535.2,480.88,426.55,317.91,217.29,10.1,🟢 STABLE,Low,11,12
6469,257.4,256.16,254.93,252.46,4.94,0.5,🟢 STABLE,Low,11,12
6470,521.4000000000001,490.59,459.77,398.14,123.26,5.9,🟢 STABLE,Low,11,12
6471,240.60000000000002,232.06,223.52,206.43,34.17,3.5,🟢 STABLE,Low,11,12
6472,1129.8000000000002,1106.07,1082.35,1034.9,94.9,2.1,🟢 STABLE,Low,11,12
6473,1132.8000000000002,55.62,0.0,0.0,1132.8,95.1,🔴 CRITICAL DECAY,Critical,1,1
6474,234.60000000000002,232.58,230.56,226.53,8.07,0.9,🟢 STABLE,Low,11,12
6475,910.8000000000001,879.47,848.14,785.47,125.33,3.4,🟢 STABLE,Low,11,12
6476,769.8000000000001,760.64,751.48,733.16,36.64,1.2,🟢 STABLE,Low,11,12
6477,1314.6,1308.82,1303.03,1291.46,23.14,0.4,🟢 STABLE,Low,11,12
6478,1329.6,1283.6,1237.59,1145.58,184.02,3.5,🟢 STABLE,Low,11,12
6479,660.0,252.05,0.0,0.0,660.0,61.8,🔴 CRITICAL DECAY,Critical,1,1
6480,641.4000000000001,567.51,493.62,345.84,295.56,11.5,🟢 STABLE,Low,11,12
6481,839.4000000000001,311.75,0.0,0.0,839.4,62.9,🔴 CRITICAL DECAY,Critical,1,2
6482,1217.4,34.21,0.0,0.0,1217.4,97.2,🔴 CRITICAL DECAY,Critical,1,1
6483,1164.0,631.7,99.41,0.0,1164.0,45.7,🟠 RAPID DECLINE,High,1,2
6484,1087.1999999999998,1043.39,999.57,911.94,175.26,4.0,🟢 STABLE,Low,11,12
6485,882.5999999999999,718.26,553.92,225.24,657.36,18.6,🟡 DECLINING,Medium,8,9
6486,815.4000000000001,651.1,486.79,158.19,657.21,20.1,🟡 DECLINING,Medium,1,1
6487,1132.1999999999998,1121.22,1110.24,1088.27,43.93,1.0,🟢 STABLE,Low,11,12
6488,834.0,44.79,0.0,0.0,834.0,94.6,🔴 CRITICAL DECAY,Critical,1,1
6489,226.20000000000002,88.53,0.0,0.0,226.2,60.9,🔴 CRITICAL DECAY,Critical,1,1
6490,232.79999999999998,227.05,221.3,209.8,23.0,2.5,🟢 STABLE,Low,11,12
6491,830.4000000000001,44.59,0.0,0.0,830.4,94.6,🔴 CRITICAL DECAY,Critical,1,1
6492,237.0,235.51,234.01,231.03,5.97,0.6,🟢 STABLE,Low,11,12
6493,655.2,542.05,428.89,202.59,452.61,17.3,🟡 DECLINING,Medium,8,9
6494,357.6,331.6,305.6,253.61,103.99,7.3,🟢 STABLE,Low,11,12
6495,835.8000000000001,56.75,0.0,0.0,835.8,93.2,🔴 CRITICAL DECAY,Critical,1,1
6496,1222.1999999999998,531.66,0.0,0.0,1222.2,56.5,🟠 RAPID DECLINE,High,1,1
6497,1236.6,300.49,0.0,0.0,1236.6,75.7,🔴 CRITICAL DECAY,Critical,1,1
6498,987.5999999999999,66.37,0.0,0.0,987.6,93.3,🔴 CRITICAL DECAY,Critical,1,1
6499,243.60000000000002,144.14,44.68,0.0,243.6,40.8,🟠 RAPID DECLINE,High,1,1
6500,421.20000000000005,409.91,398.62,376.05,45.15,2.7,🟢 STABLE,Low,11,12
6501,1268.4,1011.55,754.7,241.0,1027.4,20.2,🟡 DECLINING,Medium,7,8
6502,675.0,634.57,594.13,513.27,161.73,6.0,🟢 STABLE,Low,11,12
6503,724.2,688.5,652.79,581.39,142.81,4.9,🟢 STABLE,Low,11,12
6504,951.0,160.81,0.0,0.0,951.0,83.1,🔴 CRITICAL DECAY,Critical,1,1
6505,717.5999999999999,710.93,704.25,690.91,26.69,0.9,🟢 STABLE,Low,11,12
6506,1015.1999999999999,147.2,0.0,0.0,1015.2,85.5,🔴 CRITICAL DECAY,Critical,1,1
6507,1120.8000000000002,1039.43,958.06,795.32,325.48,7.3,🟢 STABLE,Low,11,12
6508,1130.4,559.77,0.0,0.0,1130.4,50.5,🟠 RAPID DECLINE,High,1,1
6509,300.6,67.94,0.0,0.0,300.6,77.4,🔴 CRITICAL DECAY,Critical,1,1
6510,1195.8000000000002,1182.89,1169.97,1144.14,51.66,1.1,🟢 STABLE,Low,11,12
6511,607.8,604.88,601.97,596.13,11.67,0.5,🟢 STABLE,Low,11,12
6512,730.8,515.73,300.65,0.0,730.8,29.4,🟡 DECLINING,Medium,5,6
6513,715.8,661.97,608.14,500.49,215.31,7.5,🟢 STABLE,Low,11,12
6514,776.4000000000001,773.37,770.34,764.29,12.11,0.4,🟢 STABLE,Low,11,12
6515,301.20000000000005,200.57,99.94,0.0,301.2,33.4,🟡 DECLINING,Medium,4,5
6516,587.4000000000001,182.27,0.0,0.0,587.4,69.0,🔴 CRITICAL DECAY,Critical,1,1
6517,658.2,392.22,126.24,0.0,658.2,40.4,🟠 RAPID DECLINE,High,3,4
6518,543.5999999999999,145.74,0.0,0.0,543.6,73.2,🔴 CRITICAL DECAY,Critical,1,1
6519,1096.1999999999998,973.97,851.75,607.29,488.91,11.2,🟢 STABLE,Low,11,12
6520,1030.1999999999998,157.83,0.0,0.0,1030.2,84.7,🔴 CRITICAL DECAY,Critical,1,1
6521,301.20000000000005,295.09,288.97,276.74,24.46,2.0,🟢 STABLE,Low,11,12
6522,408.0,361.49,314.98,221.95,186.05,11.4,🟢 STABLE,Low,11,12
6523,550.8,538.74,526.67,502.55,48.25,2.2,🟢 STABLE,Low,11,12
6524,1142.4,482.09,0.0,0.0,1142.4,57.8,🟠 RAPID DECLINE,High,1,1
6525,246.0,243.59,241.18,236.36,9.64,1.0,🟢 STABLE,Low,11,12
6526,1207.1999999999998,961.05,714.9,222.61,984.59,20.4,🟡 DECLINING,Medium,1,1
6527,663.5999999999999,419.2,174.79,0.0,663.6,36.8,🟠 RAPID DECLINE,High,1,1
6528,244.20000000000002,243.71,243.22,242.25,1.95,0.2,🟢 STABLE,Low,11,12
6529,898.1999999999999,173.89,0.0,0.0,898.2,80.6,🔴 CRITICAL DECAY,Critical,1,1
6530,433.20000000000005,425.23,417.26,401.32,31.88,1.8,🟢 STABLE,Low,11,12
6531,789.5999999999999,712.3,635.0,480.39,309.21,9.8,🟢 STABLE,Low,11,12
6532,244.20000000000002,240.54,236.87,229.55,14.65,1.5,🟢 STABLE,Low,11,12
6533,1269.6,701.33,133.05,0.0,1269.6,44.8,🟠 RAPID DECLINE,High,1,2
6534,1161.0,986.62,812.24,463.47,697.53,15.0,🟡 DECLINING,Medium,9,10
6535,1228.1999999999998,968.19,708.18,188.16,1040.04,21.2,🟡 DECLINING,Medium,7,8
6536,292.79999999999995,137.24,0.0,0.0,292.8,53.1,🟠 RAPID DECLINE,High,1,1
6537,1387.8000000000002,1180.74,973.68,559.56,828.24,14.9,🟢 STABLE,Low,10,11
6538,958.1999999999999,222.69,0.0,0.0,958.2,76.8,🔴 CRITICAL DECAY,Critical,1,1
6539,876.5999999999999,739.94,603.28,329.95,546.65,15.6,🟡 DECLINING,Medium,9,10
6540,772.1999999999999,741.62,711.04,649.88,122.32,4.0,🟢 STABLE,Low,11,12
6541,246.0,244.2,242.41,238.82,7.18,0.7,🟢 STABLE,Low,11,12
6542,912.0,359.78,0.0,0.0,912.0,60.6,🔴 CRITICAL DECAY,Critical,1,1
6543,657.0,637.49,617.97,578.95,78.05,3.0,🟢 STABLE,Low,11,12
6544,1257.0,605.5,0.0,0.0,1257.0,51.8,🟠 RAPID DECLINE,High,1,1
6545,895.8000000000001,619.89,343.99,0.0,895.8,30.8,🟡 DECLINING,Medium,1,1
6546,613.8,459.25,304.69,0.0,613.8,25.2,🟡 DECLINING,Medium,5,6
6547,503.40000000000003,496.05,488.7,474.0,29.4,1.5,🟢 STABLE,Low,11,12
6548,652.2,613.13,574.07,495.93,156.27,6.0,🟢 STABLE,Low,11,12
6549,675.0,117.38,0.0,0.0,675.0,82.6,🔴 CRITICAL DECAY,Critical,1,1
6550,1273.1999999999998,296.66,0.0,0.0,1273.2,76.7,🔴 CRITICAL DECAY,Critical,1,1
6551,1152.0,866.07,580.15,8.29,1143.71,24.8,🟡 DECLINING,Medium,6,7
6552,957.0,187.76,0.0,0.0,957.0,80.4,🔴 CRITICAL DECAY,Critical,1,1
6553,737.4000000000001,734.3,731.21,725.01,12.39,0.4,🟢 STABLE,Low,11,12
6554,823.8000000000001,86.09,0.0,0.0,823.8,89.5,🔴 CRITICAL DECAY,Critical,1,1
6555,235.79999999999998,229.43,223.07,210.33,25.47,2.7,🟢 STABLE,Low,11,12
6556,228.0,216.99,205.98,183.95,44.05,4.8,🟢 STABLE,Low,11,12
6557,1200.0,320.52,0.0,0.0,1200.0,73.3,🔴 CRITICAL DECAY,Critical,1,1
6558,243.0,193.67,144.34,45.68,197.32,20.3,🟡 DECLINING,Medium,7,8
6559,1184.4,920.52,656.63,128.86,1055.54,22.3,🟡 DECLINING,Medium,6,7
6560,237.60000000000002,234.01,230.42,223.25,14.35,1.5,🟢 STABLE,Low,11,12
6561,885.5999999999999,261.78,0.0,0.0,885.6,70.4,🔴 CRITICAL DECAY,Critical,1,1
6562,1202.4,160.4,0.0,0.0,1202.4,86.7,🔴 CRITICAL DECAY,Critical,1,1
6563,898.8000000000001,608.22,317.64,0.0,898.8,32.3,🟡 DECLINING,Medium,1,1
6564,240.60000000000002,188.03,135.46,30.32,210.28,21.8,🟡 DECLINING,Medium,6,7
6565,1274.4,736.48,198.55,0.0,1274.4,42.2,🟠 RAPID DECLINE,High,3,4
6566,1398.6,1392.03,1385.45,1372.31,26.29,0.5,🟢 STABLE,Low,11,12
6567,1196.4,246.22,0.0,0.0,1196.4,79.4,🔴 CRITICAL DECAY,Critical,1,1
6568,236.39999999999998,234.86,233.33,230.25,6.15,0.7,🟢 STABLE,Low,11,12
6569,234.0,231.31,228.62,223.24,10.76,1.1,🟢 STABLE,Low,11,12
6570,349.79999999999995,212.19,74.58,0.0,349.8,39.3,🟠 RAPID DECLINE,High,3,4
6571,660.0,642.31,624.62,589.25,70.75,2.7,🟢 STABLE,Low,11,12
6572,1089.6,1082.52,1075.44,1061.27,28.33,0.6,🟢 STABLE,Low,11,12
6573,612.0,591.13,570.26,528.52,83.48,3.4,🟢 STABLE,Low,11,12
6574,1081.1999999999998,121.53,0.0,0.0,1081.2,88.8,🔴 CRITICAL DECAY,Critical,1,1
6575,708.5999999999999,651.77,594.94,481.28,227.32,8.0,🟢 STABLE,Low,11,12
6576,243.60000000000002,122.8,2.0,0.0,243.6,49.6,🟠 RAPID DECLINE,High,1,2
6577,875.4000000000001,870.94,866.47,857.54,17.86,0.5,🟢 STABLE,Low,11,12
6578,882.5999999999999,851.36,820.11,757.62,124.98,3.5,🟢 STABLE,Low,11,12
6579,1011.5999999999999,1008.06,1004.52,997.44,14.16,0.3,🟢 STABLE,Low,11,12
6580,936.0,890.6,845.21,754.42,181.58,4.9,🟢 STABLE,Low,11,12
6581,865.1999999999999,832.24,799.27,733.34,131.86,3.8,🟢 STABLE,Low,11,12
6582,1281.0,1274.47,1267.93,1254.87,26.13,0.5,🟢 STABLE,Low,11,12
6583,231.0,223.58,216.17,201.34,29.66,3.2,🟢 STABLE,Low,11,12
6584,246.60000000000002,244.92,243.25,239.89,6.71,0.7,🟢 STABLE,Low,11,12
6585,240.0,231.07,222.14,204.29,35.71,3.7,🟢 STABLE,Low,11,12
6586,295.79999999999995,290.8,285.8,275.8,20.0,1.7,🟢 STABLE,Low,11,12
6587,1242.0,1101.65,961.31,680.62,561.38,11.3,🟢 STABLE,Low,11,12
6588,286.20000000000005,281.76,277.33,268.46,17.74,1.6,🟢 STABLE,Low,11,12
6589,309.6,307.65,305.7,301.8,7.8,0.6,🟢 STABLE,Low,11,12
6590,850.1999999999999,45.66,0.0,0.0,850.2,94.6,🔴 CRITICAL DECAY,Critical,1,1
6591,837.5999999999999,355.06,0.0,0.0,837.6,57.6,🟠 RAPID DECLINE,High,1,1
6592,713.4000000000001,671.02,628.65,543.9,169.5,5.9,🟢 STABLE,Low,11,12
6593,654.5999999999999,599.68,544.76,434.92,219.68,8.4,🟢 STABLE,Low,11,12
6594,240.60000000000002,168.18,95.76,0.0,240.6,30.1,🟡 DECLINING,Medium,4,5
6595,990.5999999999999,984.46,978.32,966.03,24.57,0.6,🟢 STABLE,Low,11,12
6596,975.0,932.98,890.95,806.91,168.09,4.3,🟢 STABLE,Low,11,12
6597,849.0,595.49,341.98,0.0,849.0,29.9,🟡 DECLINING,Medium,5,6
6598,891.5999999999999,886.87,882.15,872.7,18.9,0.5,🟢 STABLE,Low,11,12
6599,1129.1999999999998,443.78,0.0,0.0,1129.2,60.7,🔴 CRITICAL DECAY,Critical,1,1
6600,356.4,230.16,103.93,0.0,356.4,35.4,🟠 RAPID DECLINE,High,4,5
6601,1316.4,1307.32,1298.23,1280.07,36.33,0.7,🟢 STABLE,Low,11,12
6602,1156.1999999999998,858.25,560.29,0.0,1156.2,25.8,🟡 DECLINING,Medium,5,6
6603,799.1999999999999,619.78,440.36,81.52,717.68,22.4,🟡 DECLINING,Medium,6,7
6604,534.0,358.69,183.38,0.0,534.0,32.8,🟡 DECLINING,Medium,1,2
6605,1330.8000000000002,1110.69,890.57,450.34,880.46,16.5,🟡 DECLINING,Medium,1,1
6606,1260.0,310.59,0.0,0.0,1260.0,75.4,🔴 CRITICAL DECAY,Critical,1,1
6607,303.6,85.95,0.0,0.0,303.6,71.7,🔴 CRITICAL DECAY,Critical,1,1
6608,661.8,548.9,435.99,210.19,451.61,17.1,🟡 DECLINING,Medium,8,9
6609,241.20000000000002,93.25,0.0,0.0,241.2,61.3,🔴 CRITICAL DECAY,Critical,1,1
6610,961.1999999999999,215.21,0.0,0.0,961.2,77.6,🔴 CRITICAL DECAY,Critical,1,1
6611,828.5999999999999,811.53,794.46,760.32,68.28,2.1,🟢 STABLE,Low,11,12
6612,838.8000000000001,225.89,0.0,0.0,838.8,73.1,🔴 CRITICAL DECAY,Critical,1,1
6613,244.79999999999998,133.39,21.98,0.0,244.8,45.5,🟠 RAPID DECLINE,High,1,2
6614,236.39999999999998,236.12,235.83,235.27,1.13,0.1,🟢 STABLE,Low,11,12
6615,601.2,499.78,398.36,195.51,405.69,16.9,🟡 DECLINING,Medium,8,9
6616,1216.8000000000002,258.57,0.0,0.0,1216.8,78.8,🔴 CRITICAL DECAY,Critical,1,1
6617,1001.4000000000001,966.75,932.1,862.81,138.59,3.5,🟢 STABLE,Low,11,12
6618,1039.8000000000002,579.69,119.58,0.0,1039.8,44.2,🟠 RAPID DECLINE,High,3,4
6619,241.79999999999998,139.16,36.51,0.0,241.8,42.4,🟠 RAPID DECLINE,High,1,2
6620,969.5999999999999,56.04,0.0,0.0,969.6,94.2,🔴 CRITICAL DECAY,Critical,1,1
6621,232.79999999999998,231.54,230.29,227.77,5.03,0.5,🟢 STABLE,Low,11,12
6622,744.5999999999999,592.92,441.25,137.9,606.7,20.4,🟡 DECLINING,Medium,7,8
6623,917.4000000000001,32.02,0.0,0.0,917.4,96.5,🔴 CRITICAL DECAY,Critical,1,1
6624,720.5999999999999,716.71,712.82,705.04,15.56,0.5,🟢 STABLE,Low,11,12
6625,1095.6,185.05,0.0,0.0,1095.6,83.1,🔴 CRITICAL DECAY,Critical,1,1
6626,1149.0,226.81,0.0,0.0,1149.0,80.3,🔴 CRITICAL DECAY,Critical,1,1
6627,244.20000000000002,236.9,229.6,214.99,29.21,3.0,🟢 STABLE,Low,11,12
6628,1128.6,698.38,268.16,0.0,1128.6,38.1,🟠 RAPID DECLINE,High,3,4
6629,1009.1999999999999,1006.68,1004.15,999.11,10.09,0.2,🟢 STABLE,Low,11,12
6630,945.0,237.01,0.0,0.0,945.0,74.9,🔴 CRITICAL DECAY,Critical,1,1
6631,666.5999999999999,603.81,541.01,415.43,251.17,9.4,🟢 STABLE,Low,11,12
6632,751.8,652.79,553.78,355.75,396.05,13.2,🟢 STABLE,Low,11,12
6633,894.0,50.6,0.0,0.0,894.0,94.3,🔴 CRITICAL DECAY,Critical,1,1
6634,1225.1999999999998,281.67,0.0,0.0,1225.2,77.0,🔴 CRITICAL DECAY,Critical,1,1
6635,241.20000000000002,232.25,223.3,205.41,35.79,3.7,🟢 STABLE,Low,11,12
6636,843.5999999999999,812.89,782.19,720.77,122.83,3.6,🟢 STABLE,Low,11,12
6637,643.8,594.36,544.91,446.02,197.78,7.7,🟢 STABLE,Low,11,12
6638,249.0,245.89,242.78,236.55,12.45,1.2,🟢 STABLE,Low,11,12
6639,1240.8000000000002,1122.06,1003.31,765.82,474.98,9.6,🟢 STABLE,Low,11,12
6640,609.5999999999999,597.9,586.19,562.78,46.82,1.9,🟢 STABLE,Low,11,12
6641,601.8,429.69,257.57,0.0,601.8,28.6,🟡 DECLINING,Medium,5,6
6642,948.0,851.59,755.18,562.35,385.65,10.2,🟢 STABLE,Low,11,12
6643,895.1999999999999,327.64,0.0,0.0,895.2,63.4,🔴 CRITICAL DECAY,Critical,1,1
6644,1158.0,762.54,367.09,0.0,1158.0,34.2,🟡 DECLINING,Medium,1,2
6645,241.20000000000002,121.59,1.98,0.0,241.2,49.6,🟠 RAPID DECLINE,High,1,2
6646,232.79999999999998,227.12,221.44,210.08,22.72,2.4,🟢 STABLE,Low,11,12
6647,930.5999999999999,927.99,925.39,920.18,10.42,0.3,🟢 STABLE,Low,11,12
6648,240.60000000000002,176.87,113.13,0.0,240.6,26.5,🟡 DECLINING,Medium,5,6
6649,238.20000000000002,190.8,143.4,48.59,189.61,19.9,🟡 DECLINING,Medium,7,8
6650,242.39999999999998,143.69,44.99,0.0,242.4,40.7,🟠 RAPID DECLINE,High,3,4
6651,809.4000000000001,772.09,734.77,660.15,149.25,4.6,🟢 STABLE,Low,11,12
6652,222.60000000000002,221.73,220.86,219.13,3.47,0.4,🟢 STABLE,Low,11,12
6653,357.0,272.28,187.57,18.14,338.86,23.7,🟡 DECLINING,Medium,6,7
6654,1038.0,129.44,0.0,0.0,1038.0,87.5,🔴 CRITICAL DECAY,Critical,1,1
6655,290.4,288.95,287.5,284.59,5.81,0.5,🟢 STABLE,Low,11,12
6656,282.6,280.31,278.02,273.44,9.16,0.8,🟢 STABLE,Low,11,12
6657,245.39999999999998,235.44,225.47,205.55,39.85,4.1,🟢 STABLE,Low,11,12
6658,977.4000000000001,211.9,0.0,0.0,977.4,78.3,🔴 CRITICAL DECAY,Critical,1,1
6659,1107.6,1105.61,1103.61,1099.63,7.97,0.2,🟢 STABLE,Low,11,12
6660,829.8000000000001,74.02,0.0,0.0,829.8,91.1,🔴 CRITICAL DECAY,Critical,1,1
6661,643.8,639.62,635.43,627.06,16.74,0.6,🟢 STABLE,Low,11,12
6662,475.79999999999995,465.81,455.82,435.83,39.97,2.1,🟢 STABLE,Low,11,12
6663,655.8,162.38,0.0,0.0,655.8,75.2,🔴 CRITICAL DECAY,Critical,1,1
6664,1257.6,979.54,701.49,145.38,1112.22,22.1,🟡 DECLINING,Medium,6,7
6665,351.6,303.61,255.61,159.63,191.97,13.6,🟢 STABLE,Low,10,11
6666,1006.1999999999999,813.61,621.03,235.85,770.35,19.1,🟡 DECLINING,Medium,7,8
6667,954.5999999999999,192.92,0.0,0.0,954.6,79.8,🔴 CRITICAL DECAY,Critical,1,1
6668,1243.8000000000002,375.75,0.0,0.0,1243.8,69.8,🔴 CRITICAL DECAY,Critical,1,1
6669,1188.6,586.34,0.0,0.0,1188.6,50.7,🟠 RAPID DECLINE,High,1,1
6670,880.1999999999999,839.09,797.99,715.78,164.42,4.7,🟢 STABLE,Low,11,12
6671,1200.6,1181.99,1163.38,1126.16,74.44,1.6,🟢 STABLE,Low,11,12
6672,244.20000000000002,243.27,242.34,240.49,3.71,0.4,🟢 STABLE,Low,11,12
6673,527.4000000000001,246.03,0.0,0.0,527.4,53.4,🟠 RAPID DECLINE,High,1,2
6674,282.0,225.06,168.13,54.26,227.74,20.2,🟡 DECLINING,Medium,7,8
6675,848.4000000000001,791.3,734.21,620.01,228.39,6.7,🟢 STABLE,Low,11,12
6676,1131.6,1062.57,993.54,855.49,276.11,6.1,🟢 STABLE,Low,11,12
6677,349.79999999999995,239.96,130.13,0.0,349.8,31.4,🟡 DECLINING,Medium,4,5
6678,250.20000000000002,249.47,248.75,247.3,2.9,0.3,🟢 STABLE,Low,11,12
6679,452.40000000000003,449.19,445.98,439.55,12.85,0.7,🟢 STABLE,Low,11,12
6680,1146.0,1130.99,1115.97,1085.95,60.05,1.3,🟢 STABLE,Low,11,12
6681,1092.6,146.74,0.0,0.0,1092.6,86.6,🔴 CRITICAL DECAY,Critical,1,1
6682,1109.4,1089.43,1069.46,1029.52,79.88,1.8,🟢 STABLE,Low,11,12
6683,529.8,490.97,452.13,374.46,155.34,7.3,🟢 STABLE,Low,11,12
6684,432.59999999999997,418.76,404.91,377.23,55.37,3.2,🟢 STABLE,Low,11,12
6685,603.0,547.7,492.41,381.82,221.18,9.2,🟢 STABLE,Low,11,12
6686,1317.0,1298.96,1280.91,1244.83,72.17,1.4,🟢 STABLE,Low,11,12
6687,950.4000000000001,264.31,0.0,0.0,950.4,72.2,🔴 CRITICAL DECAY,Critical,1,1
6688,243.60000000000002,239.56,235.51,227.42,16.18,1.7,🟢 STABLE,Low,11,12
6689,1348.1999999999998,1283.62,1219.04,1089.88,258.32,4.8,🟢 STABLE,Low,11,12
6690,1131.6,1109.42,1087.24,1042.88,88.72,2.0,🟢 STABLE,Low,11,12
6691,493.79999999999995,488.57,483.33,472.86,20.94,1.1,🟢 STABLE,Low,11,12
6692,895.8000000000001,878.42,861.04,826.29,69.51,1.9,🟢 STABLE,Low,11,12
6693,579.0,335.88,92.76,0.0,579.0,42.0,🟠 RAPID DECLINE,High,1,2
6694,913.8000000000001,905.85,897.9,882.0,31.8,0.9,🟢 STABLE,Low,11,12
6695,853.1999999999999,850.21,847.23,841.26,11.94,0.4,🟢 STABLE,Low,11,12
6696,1158.6,403.89,0.0,0.0,1158.6,65.1,🔴 CRITICAL DECAY,Critical,1,2
6697,951.5999999999999,898.6,845.59,739.58,212.02,5.6,🟢 STABLE,Low,11,12
6698,1075.1999999999998,927.04,778.87,482.55,592.65,13.8,🟢 STABLE,Low,10,11
6699,246.0,242.14,238.28,230.55,15.45,1.6,🟢 STABLE,Low,11,12
6700,1275.6,1243.07,1210.54,1145.49,130.11,2.6,🟢 STABLE,Low,11,12
6701,1204.1999999999998,1098.71,993.22,782.25,421.95,8.8,🟢 STABLE,Low,11,12
6702,1027.1999999999998,580.68,134.15,0.0,1027.2,43.5,🟠 RAPID DECLINE,High,3,4
6703,543.0,117.51,0.0,0.0,543.0,78.4,🔴 CRITICAL DECAY,Critical,1,1
6704,1273.8000000000002,1068.21,862.62,451.43,822.37,16.1,🟡 DECLINING,Medium,9,10
6705,613.2,551.14,489.09,364.98,248.22,10.1,🟢 STABLE,Low,11,12
6706,238.79999999999998,124.32,9.84,0.0,238.8,47.9,🟠 RAPID DECLINE,High,1,1
6707,308.4,306.83,305.25,302.11,6.29,0.5,🟢 STABLE,Low,11,12
6708,891.5999999999999,188.84,0.0,0.0,891.6,78.8,🔴 CRITICAL DECAY,Critical,1,1
6709,1192.8000000000002,930.86,668.92,145.04,1047.76,22.0,🟡 DECLINING,Medium,6,7
6710,836.4000000000001,812.56,788.73,741.05,95.35,2.9,🟢 STABLE,Low,11,12
6711,1180.1999999999998,683.57,186.94,0.0,1180.2,42.1,🟠 RAPID DECLINE,High,1,2
6712,1025.4,665.18,304.95,0.0,1025.4,35.1,🟠 RAPID DECLINE,High,4,5
6713,1150.8000000000002,576.67,2.53,0.0,1150.8,49.9,🟠 RAPID DECLINE,High,3,4
6714,1209.0,262.23,0.0,0.0,1209.0,78.3,🔴 CRITICAL DECAY,Critical,1,2
6715,1070.4,117.21,0.0,0.0,1070.4,89.0,🔴 CRITICAL DECAY,Critical,1,1
6716,889.1999999999999,143.78,0.0,0.0,889.2,83.8,🔴 CRITICAL DECAY,Critical,1,1
6717,1207.1999999999998,489.88,0.0,0.0,1207.2,59.4,🟠 RAPID DECLINE,High,1,1
6718,900.0,364.77,0.0,0.0,900.0,59.5,🟠 RAPID DECLINE,High,1,2
6719,309.0,308.29,307.58,306.16,2.84,0.2,🟢 STABLE,Low,11,12
6720,1009.1999999999999,1001.13,993.05,976.91,32.29,0.8,🟢 STABLE,Low,11,12
6721,951.5999999999999,947.98,944.37,937.14,14.46,0.4,🟢 STABLE,Low,11,12
6722,1284.6,1174.25,1063.91,843.21,441.39,8.6,🟢 STABLE,Low,11,12
6723,240.60000000000002,239.25,237.91,235.21,5.39,0.6,🟢 STABLE,Low,11,12
6724,842.4000000000001,826.9,811.4,780.4,62.0,1.8,🟢 STABLE,Low,11,12
6725,234.0,177.3,120.6,7.21,226.79,24.2,🟡 DECLINING,Medium,6,7
6726,849.0,164.28,0.0,0.0,849.0,80.7,🔴 CRITICAL DECAY,Critical,1,1
6727,543.5999999999999,220.81,0.0,0.0,543.6,59.4,🟠 RAPID DECLINE,High,1,1
6728,1381.8000000000002,1375.72,1369.64,1357.48,24.32,0.4,🟢 STABLE,Low,11,12
6729,875.4000000000001,867.96,860.52,845.64,29.76,0.8,🟢 STABLE,Low,11,12
6730,235.79999999999998,228.04,220.28,204.77,31.03,3.3,🟢 STABLE,Low,11,12
6731,234.60000000000002,232.47,230.33,226.06,8.54,0.9,🟢 STABLE,Low,11,12
6732,1074.6,297.77,0.0,0.0,1074.6,72.3,🔴 CRITICAL DECAY,Critical,1,1
6733,604.2,559.55,514.9,425.6,178.6,7.4,🟢 STABLE,Low,11,12
6734,603.0,493.43,383.87,164.74,438.26,18.2,🟡 DECLINING,Medium,8,9
6735,1047.0,1044.07,1041.14,1035.27,11.73,0.3,🟢 STABLE,Low,11,12
6736,249.60000000000002,248.4,247.2,244.81,4.79,0.5,🟢 STABLE,Low,11,12
6737,1311.0,1280.98,1250.96,1190.91,120.09,2.3,🟢 STABLE,Low,11,12
6738,244.20000000000002,144.49,44.79,0.0,244.2,40.8,🟠 RAPID DECLINE,High,1,1
6739,670.8,169.65,0.0,0.0,670.8,74.7,🔴 CRITICAL DECAY,Critical,1,2
6740,950.4000000000001,551.04,151.68,0.0,950.4,42.0,🟠 RAPID DECLINE,High,1,1
6741,1152.0,197.8,0.0,0.0,1152.0,82.8,🔴 CRITICAL DECAY,Critical,1,1
6742,950.4000000000001,936.05,921.7,893.0,57.4,1.5,🟢 STABLE,Low,11,12
6743,288.0,163.04,38.07,0.0,288.0,43.4,🟠 RAPID DECLINE,High,3,4
6744,1216.1999999999998,1174.97,1133.74,1051.28,164.92,3.4,🟢 STABLE,Low,11,12
6745,1201.1999999999998,591.47,0.0,0.0,1201.2,50.8,🟠 RAPID DECLINE,High,1,1
6746,678.0,506.26,334.53,0.0,678.0,25.3,🟡 DECLINING,Medium,1,1
6747,425.40000000000003,413.79,402.17,378.95,46.45,2.7,🟢 STABLE,Low,11,12
6748,1020.0,52.33,0.0,0.0,1020.0,94.9,🔴 CRITICAL DECAY,Critical,1,1
6749,952.8000000000001,937.56,922.31,891.82,60.98,1.6,🟢 STABLE,Low,11,12
6750,422.40000000000003,407.49,392.58,362.76,59.64,3.5,🟢 STABLE,Low,11,12
6751,235.79999999999998,232.76,229.72,223.63,12.17,1.3,🟢 STABLE,Low,11,12
6752,598.2,590.66,583.13,568.05,30.15,1.3,🟢 STABLE,Low,11,12
6753,825.0,803.22,781.44,737.88,87.12,2.6,🟢 STABLE,Low,11,12
6754,742.8,739.53,736.26,729.73,13.07,0.4,🟢 STABLE,Low,11,12
6755,958.8000000000001,579.79,200.77,0.0,958.8,39.5,🟠 RAPID DECLINE,High,3,4
6756,1077.0,671.72,266.45,0.0,1077.0,37.6,🟠 RAPID DECLINE,High,1,1
6757,711.5999999999999,617.1,522.6,333.6,378.0,13.3,🟢 STABLE,Low,11,12
6758,232.79999999999998,206.21,179.63,126.46,106.34,11.4,🟢 STABLE,Low,11,12
6759,1123.8000000000002,1052.21,980.63,837.46,286.34,6.4,🟢 STABLE,Low,11,12
6760,592.8,327.7,62.6,0.0,592.8,44.7,🟠 RAPID DECLINE,High,1,1
6761,238.79999999999998,92.32,0.0,0.0,238.8,61.3,🔴 CRITICAL DECAY,Critical,1,1
6762,660.0,574.99,489.98,319.97,340.03,12.9,🟢 STABLE,Low,11,12
6763,874.8000000000001,857.48,840.16,805.52,69.28,2.0,🟢 STABLE,Low,11,12
6764,830.4000000000001,44.59,0.0,0.0,830.4,94.6,🔴 CRITICAL DECAY,Critical,1,1
6765,307.20000000000005,305.05,302.9,298.6,8.6,0.7,🟢 STABLE,Low,11,12
6766,237.0,229.2,221.41,205.81,31.19,3.3,🟢 STABLE,Low,11,12
6767,668.4000000000001,598.08,527.77,387.14,281.26,10.5,🟢 STABLE,Low,11,12
6768,1410.0,1406.05,1402.1,1394.21,15.79,0.3,🟢 STABLE,Low,11,12
6769,238.20000000000002,237.22,236.25,234.29,3.91,0.4,🟢 STABLE,Low,11,12
6770,946.8000000000001,347.38,0.0,0.0,946.8,63.3,🔴 CRITICAL DECAY,Critical,1,1
6771,247.79999999999998,200.2,152.6,57.39,190.41,19.2,🟡 DECLINING,Medium,7,8
6772,747.5999999999999,576.47,405.35,63.1,684.5,22.9,🟡 DECLINING,Medium,6,7
6773,1110.0,305.58,0.0,0.0,1110.0,72.5,🔴 CRITICAL DECAY,Critical,1,1
6774,235.79999999999998,121.01,6.23,0.0,235.8,48.7,🟠 RAPID DECLINE,High,1,1
6775,957.0,948.87,940.73,924.46,32.54,0.8,🟢 STABLE,Low,11,12
6776,959.4000000000001,946.35,933.3,907.21,52.19,1.4,🟢 STABLE,Low,11,12
6777,358.79999999999995,136.09,0.0,0.0,358.8,62.1,🔴 CRITICAL DECAY,Critical,2,3
6778,237.0,236.53,236.05,235.1,1.9,0.2,🟢 STABLE,Low,11,12
6779,540.0,523.48,506.95,473.9,66.1,3.1,🟢 STABLE,Low,11,12
6780,537.5999999999999,515.07,492.55,447.5,90.1,4.2,🟢 STABLE,Low,11,12
6781,835.8000000000001,264.61,0.0,0.0,835.8,68.3,🔴 CRITICAL DECAY,Critical,1,1
6782,613.2,488.97,364.73,116.26,496.94,20.3,🟡 DECLINING,Medium,7,8
6783,637.8,629.38,620.96,604.12,33.68,1.3,🟢 STABLE,Low,11,12
6784,296.4,237.09,177.78,59.16,237.24,20.0,🟡 DECLINING,Medium,7,8
6785,1339.1999999999998,1111.13,883.07,426.94,912.26,17.0,🟡 DECLINING,Medium,1,1
6786,582.5999999999999,459.03,335.46,88.32,494.28,21.2,🟡 DECLINING,Medium,7,8
6787,1319.4,843.1,366.79,0.0,1319.4,36.1,🟠 RAPID DECLINE,High,4,5
6788,249.60000000000002,233.1,216.6,183.61,65.99,6.6,🟢 STABLE,Low,11,12
6789,242.39999999999998,76.62,0.0,0.0,242.4,68.4,🔴 CRITICAL DECAY,Critical,1,1
6790,307.20000000000005,305.51,303.82,300.44,6.76,0.6,🟢 STABLE,Low,11,12
6791,475.79999999999995,162.06,0.0,0.0,475.8,65.9,🔴 CRITICAL DECAY,Critical,1,1
6792,298.79999999999995,285.44,272.09,245.37,53.43,4.5,🟢 STABLE,Low,11,12
6793,1300.8000000000002,1297.16,1293.52,1286.23,14.57,0.3,🟢 STABLE,Low,11,12
6794,234.60000000000002,232.89,231.17,227.75,6.85,0.7,🟢 STABLE,Low,11,12
6795,1021.1999999999999,870.78,720.35,419.51,601.69,14.7,🟢 STABLE,Low,10,11
6796,680.4000000000001,578.54,476.69,272.98,407.42,15.0,🟢 STABLE,Low,10,11
6797,828.5999999999999,540.16,251.73,0.0,828.6,34.8,🟡 DECLINING,Medium,4,5
6798,841.8000000000001,315.51,0.0,0.0,841.8,62.5,🔴 CRITICAL DECAY,Critical,2,3
6799,1333.8000000000002,1329.0,1324.2,1314.59,19.21,0.4,🟢 STABLE,Low,11,12
6800,1271.4,688.34,105.27,0.0,1271.4,45.9,🟠 RAPID DECLINE,High,1,1
6801,1072.1999999999998,952.86,833.53,594.86,477.34,11.1,🟢 STABLE,Low,11,12
6802,1069.1999999999998,673.7,278.21,0.0,1069.2,37.0,🟠 RAPID DECLINE,High,4,5
6803,1095.0,1058.76,1022.51,950.02,144.98,3.3,🟢 STABLE,Low,11,12
6804,1084.1999999999998,781.6,479.0,0.0,1084.2,27.9,🟡 DECLINING,Medium,1,1
6805,1266.6,1203.52,1140.45,1014.29,252.31,5.0,🟢 STABLE,Low,11,12
6806,229.20000000000002,227.27,225.35,221.5,7.7,0.8,🟢 STABLE,Low,11,12
6807,244.79999999999998,243.11,241.42,238.04,6.76,0.7,🟢 STABLE,Low,11,12
6808,1205.4,1151.04,1096.67,987.95,217.45,4.5,🟢 STABLE,Low,11,12
6809,899.4000000000001,228.81,0.0,0.0,899.4,74.6,🔴 CRITICAL DECAY,Critical,1,1
6810,356.4,115.01,0.0,0.0,356.4,67.7,🔴 CRITICAL DECAY,Critical,1,1
6811,604.2,84.41,0.0,0.0,604.2,86.0,🔴 CRITICAL DECAY,Critical,1,1
6812,1028.4,976.47,924.53,820.66,207.74,5.0,🟢 STABLE,Low,11,12
6813,574.2,568.46,562.72,551.23,22.97,1.0,🟢 STABLE,Low,11,12
6814,1128.0,1026.82,925.64,723.27,404.73,9.0,🟢 STABLE,Low,11,12
6815,838.1999999999999,836.52,834.85,831.49,6.71,0.2,🟢 STABLE,Low,11,12
6816,843.5999999999999,57.28,0.0,0.0,843.6,93.2,🔴 CRITICAL DECAY,Critical,1,1
6817,310.20000000000005,309.49,308.77,307.35,2.85,0.2,🟢 STABLE,Low,11,12
6818,853.1999999999999,840.83,828.46,803.71,49.49,1.4,🟢 STABLE,Low,11,12
6819,1185.6,411.52,0.0,0.0,1185.6,65.3,🔴 CRITICAL DECAY,Critical,1,1
6820,1120.1999999999998,760.28,400.36,0.0,1120.2,32.1,🟡 DECLINING,Medium,4,5
6821,1198.1999999999998,206.57,0.0,0.0,1198.2,82.8,🔴 CRITICAL DECAY,Critical,1,1
6822,963.5999999999999,630.58,297.56,0.0,963.6,34.6,🟡 DECLINING,Medium,1,1
6823,606.5999999999999,476.36,346.13,85.65,520.95,21.5,🟡 DECLINING,Medium,6,7
6824,965.4000000000001,659.08,352.76,0.0,965.4,31.7,🟡 DECLINING,Medium,1,1
6825,975.5999999999999,352.87,0.0,0.0,975.6,63.8,🔴 CRITICAL DECAY,Critical,1,1
6826,248.39999999999998,164.04,79.69,0.0,248.4,34.0,🟡 DECLINING,Medium,4,5
6827,948.5999999999999,918.91,889.22,829.84,118.76,3.1,🟢 STABLE,Low,11,12
6828,228.60000000000002,226.11,223.62,218.63,9.97,1.1,🟢 STABLE,Low,11,12
6829,235.20000000000002,234.24,233.27,231.34,3.86,0.4,🟢 STABLE,Low,11,12
6830,242.39999999999998,240.19,237.99,233.58,8.82,0.9,🟢 STABLE,Low,11,12
6831,1041.6,101.87,0.0,0.0,1041.6,90.2,🔴 CRITICAL DECAY,Critical,1,1
6832,250.79999999999998,247.84,244.88,238.96,11.84,1.2,🟢 STABLE,Low,11,12
6833,1243.1999999999998,337.03,0.0,0.0,1243.2,72.9,🔴 CRITICAL DECAY,Critical,1,1
6834,465.59999999999997,451.49,437.38,409.17,56.43,3.0,🟢 STABLE,Low,11,12
6835,1060.8000000000002,963.42,866.04,671.27,389.53,9.2,🟢 STABLE,Low,11,12
6836,1010.4000000000001,185.91,0.0,0.0,1010.4,81.6,🔴 CRITICAL DECAY,Critical,1,1
6837,956.4000000000001,155.32,0.0,0.0,956.4,83.8,🔴 CRITICAL DECAY,Critical,1,1
6838,1188.0,215.03,0.0,0.0,1188.0,81.9,🔴 CRITICAL DECAY,Critical,1,1
6839,1209.0,95.63,0.0,0.0,1209.0,92.1,🔴 CRITICAL DECAY,Critical,1,1
6840,231.60000000000002,145.38,59.15,0.0,231.6,37.2,🟠 RAPID DECLINE,High,1,1
6841,669.0,501.08,333.16,0.0,669.0,25.1,🟡 DECLINING,Medium,5,6
6842,239.39999999999998,232.51,225.61,211.82,27.58,2.9,🟢 STABLE,Low,11,12
6843,1101.0,814.85,528.7,0.0,1101.0,26.0,🟡 DECLINING,Medium,1,1
6844,1075.8000000000002,853.65,631.49,187.19,888.61,20.6,🟡 DECLINING,Medium,7,8
6845,550.2,100.91,0.0,0.0,550.2,81.7,🔴 CRITICAL DECAY,Critical,1,1
6846,954.5999999999999,73.98,0.0,0.0,954.6,92.3,🔴 CRITICAL DECAY,Critical,1,1
6847,671.4000000000001,602.31,533.23,395.05,276.35,10.3,🟢 STABLE,Low,11,12
6848,828.0,652.55,477.09,126.19,701.81,21.2,🟡 DECLINING,Medium,7,8
6849,1002.5999999999999,864.14,725.68,448.76,553.84,13.8,🟢 STABLE,Low,10,11
6850,788.4000000000001,787.06,785.72,783.04,5.36,0.2,🟢 STABLE,Low,11,12
6851,1138.8000000000002,1128.32,1117.85,1096.89,41.91,0.9,🟢 STABLE,Low,11,12
6852,742.8,682.19,621.58,500.35,242.45,8.2,🟢 STABLE,Low,11,12
6853,1333.1999999999998,865.11,397.03,0.0,1333.2,35.1,🟠 RAPID DECLINE,High,4,5
6854,240.0,138.41,36.82,0.0,240.0,42.3,🟠 RAPID DECLINE,High,1,2
6855,812.4000000000001,762.68,712.96,613.52,198.88,6.1,🟢 STABLE,Low,11,12
6856,301.79999999999995,299.23,296.67,291.54,10.26,0.9,🟢 STABLE,Low,11,12
6857,1114.1999999999998,831.42,548.63,0.0,1114.2,25.4,🟡 DECLINING,Medium,5,6
6858,1069.1999999999998,495.89,0.0,0.0,1069.2,53.6,🟠 RAPID DECLINE,High,1,1
6859,1335.6,1330.39,1325.18,1314.76,20.84,0.4,🟢 STABLE,Low,11,12
6860,1222.8000000000002,554.66,0.0,0.0,1222.8,54.6,🟠 RAPID DECLINE,High,1,1
6861,1099.8000000000002,280.34,0.0,0.0,1099.8,74.5,🔴 CRITICAL DECAY,Critical,1,1
6862,1066.1999999999998,100.76,0.0,0.0,1066.2,90.5,🔴 CRITICAL DECAY,Critical,1,1
6863,727.2,713.46,699.71,672.22,54.98,1.9,🟢 STABLE,Low,11,12
6864,303.6,102.34,0.0,0.0,303.6,66.3,🔴 CRITICAL DECAY,Critical,1,1
6865,786.0,772.48,758.96,731.92,54.08,1.7,🟢 STABLE,Low,11,12
6866,1145.4,37.8,0.0,0.0,1145.4,96.7,🔴 CRITICAL DECAY,Critical,1,1
6867,239.39999999999998,238.44,237.48,235.57,3.83,0.4,🟢 STABLE,Low,11,12
6868,1093.1999999999998,267.62,0.0,0.0,1093.2,75.5,🔴 CRITICAL DECAY,Critical,1,1
6869,649.8,560.06,470.33,290.85,358.95,13.8,🟢 STABLE,Low,10,11
6870,895.1999999999999,701.66,508.12,121.03,774.17,21.6,🟡 DECLINING,Medium,6,7
6871,1135.1999999999998,1000.68,866.16,597.12,538.08,11.8,🟢 STABLE,Low,11,12
6872,973.8000000000001,905.83,837.86,701.92,271.88,7.0,🟢 STABLE,Low,11,12
6873,1068.6,1063.26,1057.91,1047.23,21.37,0.5,🟢 STABLE,Low,11,12
6874,590.4000000000001,539.98,489.56,388.72,201.68,8.5,🟢 STABLE,Low,11,12
6875,233.39999999999998,232.35,231.3,229.2,4.2,0.4,🟢 STABLE,Low,11,12
6876,1251.6,808.03,364.47,0.0,1251.6,35.4,🟠 RAPID DECLINE,High,4,5
6877,836.4000000000001,145.03,0.0,0.0,836.4,82.7,🔴 CRITICAL DECAY,Critical,1,1
6878,1074.0,148.86,0.0,0.0,1074.0,86.1,🔴 CRITICAL DECAY,Critical,1,1
6879,1032.6,247.41,0.0,0.0,1032.6,76.0,🔴 CRITICAL DECAY,Critical,1,1
6880,302.4,301.43,300.46,298.53,3.87,0.3,🟢 STABLE,Low,11,12
6881,421.79999999999995,379.87,337.95,254.09,167.71,9.9,🟢 STABLE,Low,11,12
6882,1195.8000000000002,1163.99,1132.18,1068.57,127.23,2.7,🟢 STABLE,Low,11,12
6883,1264.1999999999998,1085.69,907.19,550.18,714.02,14.1,🟢 STABLE,Low,10,11
6884,421.79999999999995,91.99,0.0,0.0,421.8,78.2,🔴 CRITICAL DECAY,Critical,1,1
6885,885.0,487.19,89.38,0.0,885.0,45.0,🟠 RAPID DECLINE,High,3,4
6886,1216.1999999999998,148.13,0.0,0.0,1216.2,87.8,🔴 CRITICAL DECAY,Critical,1,1
6887,291.6,287.63,283.67,275.74,15.86,1.4,🟢 STABLE,Low,11,12
6888,968.4000000000001,351.53,0.0,0.0,968.4,63.7,🔴 CRITICAL DECAY,Critical,1,1
6889,1078.1999999999998,217.04,0.0,0.0,1078.2,79.9,🔴 CRITICAL DECAY,Critical,1,1
6890,733.2,612.0,490.8,248.41,484.79,16.5,🟡 DECLINING,Medium,9,10
6891,348.6,155.34,0.0,0.0,348.6,55.4,🟠 RAPID DECLINE,High,1,2
6892,1196.4,1017.18,837.96,479.52,716.88,15.0,🟢 STABLE,Low,10,11
6893,670.8,407.91,145.03,0.0,670.8,39.2,🟠 RAPID DECLINE,High,3,4
6894,1270.8000000000002,159.99,0.0,0.0,1270.8,87.4,🔴 CRITICAL DECAY,Critical,1,1
6895,552.0,549.35,546.7,541.4,10.6,0.5,🟢 STABLE,Low,11,12
6896,527.4000000000001,281.26,35.12,0.0,527.4,46.7,🟠 RAPID DECLINE,High,1,2
6897,964.8000000000001,937.69,910.58,856.36,108.44,2.8,🟢 STABLE,Low,11,12
6898,1200.6,892.65,584.69,0.0,1200.6,25.6,🟡 DECLINING,Medium,1,1
6899,541.2,226.44,0.0,0.0,541.2,58.2,🟠 RAPID DECLINE,High,1,1
6900,1128.0,1032.01,936.01,744.03,383.97,8.5,🟢 STABLE,Low,11,12
6901,827.4000000000001,804.89,782.39,737.38,90.02,2.7,🟢 STABLE,Low,11,12
6902,821.4000000000001,792.32,763.24,705.09,116.31,3.5,🟢 STABLE,Low,11,12
6903,828.0,763.58,699.16,570.33,257.67,7.8,🟢 STABLE,Low,11,12
6904,526.2,456.58,386.97,247.73,278.47,13.2,🟢 STABLE,Low,11,12
6905,534.0,453.37,372.73,211.46,322.54,15.1,🟡 DECLINING,Medium,9,10
6906,224.39999999999998,221.39,218.39,212.37,12.03,1.3,🟢 STABLE,Low,11,12
6907,843.0,629.13,415.26,0.0,843.0,25.4,🟡 DECLINING,Medium,5,6
6908,664.2,554.81,445.41,226.63,437.57,16.5,🟡 DECLINING,Medium,1,1
6909,642.5999999999999,292.77,0.0,0.0,642.6,54.4,🟠 RAPID DECLINE,High,2,3
6910,1375.1999999999998,1368.74,1362.27,1349.35,25.85,0.5,🟢 STABLE,Low,11,12
6911,241.20000000000002,237.7,234.21,227.21,13.99,1.5,🟢 STABLE,Low,11,12
6912,1026.0,101.78,0.0,0.0,1026.0,90.1,🔴 CRITICAL DECAY,Critical,1,1
6913,1305.0,1225.13,1145.27,985.54,319.46,6.1,🟢 STABLE,Low,11,12
6914,1236.0,257.21,0.0,0.0,1236.0,79.2,🔴 CRITICAL DECAY,Critical,1,1
6915,1174.1999999999998,1163.28,1152.36,1130.52,43.68,0.9,🟢 STABLE,Low,11,12
6916,234.60000000000002,233.71,232.82,231.03,3.57,0.4,🟢 STABLE,Low,11,12
6917,1008.5999999999999,1003.76,998.92,989.23,19.37,0.5,🟢 STABLE,Low,11,12
6918,1245.0,531.74,0.0,0.0,1245.0,57.3,🟠 RAPID DECLINE,High,1,1
6919,1072.8000000000002,879.91,687.02,301.24,771.56,18.0,🟡 DECLINING,Medium,8,9
6920,236.39999999999998,235.88,235.36,234.32,2.08,0.2,🟢 STABLE,Low,11,12
6921,958.1999999999999,647.07,335.94,0.0,958.2,32.5,🟡 DECLINING,Medium,4,5
6922,893.4000000000001,454.38,15.37,0.0,893.4,49.1,🟠 RAPID DECLINE,High,3,4
6923,889.1999999999999,869.64,850.08,810.95,78.25,2.2,🟢 STABLE,Low,11,12
6924,832.1999999999999,56.51,0.0,0.0,832.2,93.2,🔴 CRITICAL DECAY,Critical,1,1
6925,225.60000000000002,216.91,208.23,190.86,34.74,3.9,🟢 STABLE,Low,11,12
6926,886.1999999999999,551.22,216.23,0.0,886.2,37.8,🟠 RAPID DECLINE,High,3,4
6927,772.8000000000001,674.19,575.58,378.36,394.44,12.8,🟢 STABLE,Low,11,12
6928,669.5999999999999,625.74,581.88,494.16,175.44,6.6,🟢 STABLE,Low,11,12
6929,240.60000000000002,215.65,190.7,140.8,99.8,10.4,🟢 STABLE,Low,11,12
6930,901.8000000000001,130.67,0.0,0.0,901.8,85.5,🔴 CRITICAL DECAY,Critical,1,1
6931,1189.8000000000002,1050.12,910.43,631.07,558.73,11.7,🟢 STABLE,Low,11,12
6932,681.0,490.46,299.91,0.0,681.0,28.0,🟡 DECLINING,Medium,5,6
6933,835.1999999999999,56.71,0.0,0.0,835.2,93.2,🔴 CRITICAL DECAY,Critical,1,1
6934,1249.8000000000002,1224.05,1198.31,1146.82,102.98,2.1,🟢 STABLE,Low,11,12
6935,1329.6,1316.44,1303.27,1276.95,52.65,1.0,🟢 STABLE,Low,11,12
6936,961.8000000000001,241.12,0.0,0.0,961.8,74.9,🔴 CRITICAL DECAY,Critical,1,1
6937,429.0,376.4,323.81,218.62,210.38,12.3,🟢 STABLE,Low,11,12
6938,838.8000000000001,833.6,828.4,818.0,20.8,0.6,🟢 STABLE,Low,11,12
6939,1070.4,976.63,882.87,695.33,375.07,8.8,🟢 STABLE,Low,11,12
6940,667.8,665.46,663.13,658.45,9.35,0.4,🟢 STABLE,Low,11,12
6941,608.4000000000001,584.73,561.07,513.73,94.67,3.9,🟢 STABLE,Low,11,12
6942,240.0,239.14,238.27,236.54,3.46,0.4,🟢 STABLE,Low,11,12
6943,366.0,270.18,174.36,0.0,366.0,26.2,🟡 DECLINING,Medium,1,1
6944,229.20000000000002,110.91,0.0,0.0,229.2,51.6,🟠 RAPID DECLINE,High,2,3
6945,1179.6,1172.4,1165.21,1150.82,28.78,0.6,🟢 STABLE,Low,11,12
6946,546.5999999999999,521.13,495.66,444.71,101.89,4.7,🟢 STABLE,Low,11,12
6947,1212.6,1015.92,819.23,425.87,786.73,16.2,🟡 DECLINING,Medium,9,10
6948,1244.4,777.13,309.86,0.0,1244.4,37.5,🟠 RAPID DECLINE,High,3,4
6949,435.0,419.95,404.9,374.8,60.2,3.5,🟢 STABLE,Low,11,12
6950,592.8,489.42,386.03,179.26,413.54,17.4,🟡 DECLINING,Medium,8,9
6951,238.79999999999998,237.44,236.08,233.36,5.44,0.6,🟢 STABLE,Low,11,12
6952,1288.8000000000002,509.2,0.0,0.0,1288.8,60.5,🔴 CRITICAL DECAY,Critical,1,1
6953,984.0,160.69,0.0,0.0,984.0,83.7,🔴 CRITICAL DECAY,Critical,1,1
6954,237.60000000000002,179.67,121.75,5.89,231.71,24.4,🟡 DECLINING,Medium,6,7
6955,540.5999999999999,369.55,198.51,0.0,540.6,31.6,🟡 DECLINING,Medium,1,2
6956,774.5999999999999,771.5,768.4,762.21,12.39,0.4,🟢 STABLE,Low,11,12
6957,1035.0,248.81,0.0,0.0,1035.0,76.0,🔴 CRITICAL DECAY,Critical,1,2
6958,237.0,233.85,230.7,224.39,12.61,1.3,🟢 STABLE,Low,11,12
6959,1069.1999999999998,882.2,695.19,321.19,748.01,17.5,🟡 DECLINING,Medium,8,9
6960,1146.6,582.93,19.26,0.0,1146.6,49.2,🟠 RAPID DECLINE,High,1,2
6961,904.8000000000001,292.34,0.0,0.0,904.8,67.7,🔴 CRITICAL DECAY,Critical,1,1
6962,1215.0,300.83,0.0,0.0,1215.0,75.2,🔴 CRITICAL DECAY,Critical,1,1
6963,1231.1999999999998,408.76,0.0,0.0,1231.2,66.8,🔴 CRITICAL DECAY,Critical,1,1
6964,675.5999999999999,565.95,456.3,237.0,438.6,16.2,🟡 DECLINING,Medium,9,10
6965,1130.4,1050.93,971.47,812.53,317.87,7.0,🟢 STABLE,Low,11,12
6966,516.5999999999999,510.04,503.48,490.36,26.24,1.3,🟢 STABLE,Low,11,12
6967,1074.0,279.99,0.0,0.0,1074.0,73.9,🔴 CRITICAL DECAY,Critical,1,1
6968,892.8000000000001,468.72,44.64,0.0,892.8,47.5,🟠 RAPID DECLINE,High,3,4
6969,246.0,145.56,45.12,0.0,246.0,40.8,🟠 RAPID DECLINE,High,1,1
6970,892.1999999999999,123.03,0.0,0.0,892.2,86.2,🔴 CRITICAL DECAY,Critical,1,1
6971,1197.0,454.74,0.0,0.0,1197.0,62.0,🔴 CRITICAL DECAY,Critical,1,1
6972,1343.4,908.41,473.41,0.0,1343.4,32.4,🟡 DECLINING,Medium,4,5
6973,1128.0,1065.17,1002.34,876.68,251.32,5.6,🟢 STABLE,Low,11,12
6974,1186.1999999999998,807.8,429.4,0.0,1186.2,31.9,🟡 DECLINING,Medium,4,5
6975,772.1999999999999,758.22,744.25,716.29,55.91,1.8,🟢 STABLE,Low,11,12
6976,864.0,857.09,850.18,836.35,27.65,0.8,🟢 STABLE,Low,11,12
6977,596.4000000000001,445.51,294.62,0.0,596.4,25.3,🟡 DECLINING,Medium,5,6
6978,968.4000000000001,963.65,958.91,949.42,18.98,0.5,🟢 STABLE,Low,11,12
6979,290.4,167.27,44.14,0.0,290.4,42.4,🟠 RAPID DECLINE,High,1,2
6980,468.0,163.66,0.0,0.0,468.0,65.0,🔴 CRITICAL DECAY,Critical,1,1
6981,785.4000000000001,601.46,417.52,49.64,735.76,23.4,🟡 DECLINING,Medium,6,7
6982,892.1999999999999,890.24,888.27,884.35,7.85,0.2,🟢 STABLE,Low,11,12
6983,998.4000000000001,838.96,679.51,360.62,637.78,16.0,🟡 DECLINING,Medium,9,10
6984,300.0,280.32,260.64,221.28,78.72,6.6,🟢 STABLE,Low,11,12
6985,482.40000000000003,471.64,460.88,439.37,43.03,2.2,🟢 STABLE,Low,11,12
6986,1129.1999999999998,424.24,0.0,0.0,1129.2,62.4,🔴 CRITICAL DECAY,Critical,1,1
6987,1300.1999999999998,1111.67,923.14,546.08,754.12,14.5,🟢 STABLE,Low,10,11
6988,834.0,776.29,718.57,603.15,230.85,6.9,🟢 STABLE,Low,11,12
6989,912.0,862.11,812.23,712.45,199.55,5.5,🟢 STABLE,Low,11,12
6990,1123.1999999999998,589.12,55.04,0.0,1123.2,47.5,🟠 RAPID DECLINE,High,3,4
6991,1147.8000000000002,150.59,0.0,0.0,1147.8,86.9,🔴 CRITICAL DECAY,Critical,1,1
6992,1206.6,1174.02,1141.44,1076.29,130.31,2.7,🟢 STABLE,Low,11,12
6993,1056.6,547.11,37.61,0.0,1056.6,48.2,🟠 RAPID DECLINE,High,1,1
6994,293.4,275.03,256.67,219.93,73.47,6.3,🟢 STABLE,Low,11,12
6995,1074.6,1071.16,1067.72,1060.85,13.75,0.3,🟢 STABLE,Low,11,12
6996,798.0,741.82,685.64,573.28,224.72,7.0,🟢 STABLE,Low,11,12
6997,913.1999999999999,242.55,0.0,0.0,913.2,73.4,🔴 CRITICAL DECAY,Critical,1,2
6998,966.0,249.42,0.0,0.0,966.0,74.2,🔴 CRITICAL DECAY,Critical,1,1
6999,425.40000000000003,199.9,0.0,0.0,425.4,53.0,🟠 RAPID DECLINE,High,1,1
7000,246.60000000000002,242.21,237.82,229.04,17.56,1.8,🟢 STABLE,Low,11,12
7001,598.8,209.76,0.0,0.0,598.8,65.0,🔴 CRITICAL DECAY,Critical,1,2
7002,1264.8000000000002,1246.84,1228.88,1192.96,71.84,1.4,🟢 STABLE,Low,11,12
7003,429.0,345.6,262.2,95.41,333.59,19.4,🟡 DECLINING,Medium,7,8
7004,1141.1999999999998,750.68,360.16,0.0,1141.2,34.2,🟡 DECLINING,Medium,4,5
7005,231.60000000000002,226.39,221.18,210.76,20.84,2.2,🟢 STABLE,Low,11,12
7006,1254.0,443.04,0.0,0.0,1254.0,64.7,🔴 CRITICAL DECAY,Critical,1,1
7007,757.2,754.78,752.35,747.51,9.69,0.3,🟢 STABLE,Low,11,12
7008,900.5999999999999,118.97,0.0,0.0,900.6,86.8,🔴 CRITICAL DECAY,Critical,1,1
7009,972.0,344.09,0.0,0.0,972.0,64.6,🔴 CRITICAL DECAY,Critical,1,1
7010,893.4000000000001,63.7,0.0,0.0,893.4,92.9,🔴 CRITICAL DECAY,Critical,1,1
7011,724.8,475.69,226.57,0.0,724.8,34.4,🟡 DECLINING,Medium,4,5
7012,1019.4000000000001,1011.04,1002.68,985.96,33.44,0.8,🟢 STABLE,Low,11,12
7013,1120.8000000000002,798.23,475.67,0.0,1120.8,28.8,🟡 DECLINING,Medium,5,6
7014,1070.4,395.94,0.0,0.0,1070.4,63.0,🔴 CRITICAL DECAY,Critical,1,2
7015,1022.4000000000001,860.35,698.3,374.2,648.2,15.8,🟡 DECLINING,Medium,9,10
7016,599.4000000000001,326.91,54.43,0.0,599.4,45.5,🟠 RAPID DECLINE,High,1,2
7017,247.79999999999998,245.89,243.98,240.17,7.63,0.8,🟢 STABLE,Low,11,12
7018,847.8000000000001,228.31,0.0,0.0,847.8,73.1,🔴 CRITICAL DECAY,Critical,1,1
7019,241.79999999999998,240.03,238.27,234.74,7.06,0.7,🟢 STABLE,Low,11,12
7020,230.39999999999998,157.18,83.96,0.0,230.4,31.8,🟡 DECLINING,Medium,4,5
7021,717.5999999999999,581.83,446.06,174.52,543.08,18.9,🟡 DECLINING,Medium,7,8
7022,1259.4,1013.69,767.98,276.56,982.84,19.5,🟡 DECLINING,Medium,7,8
7023,1242.0,693.53,145.07,0.0,1242.0,44.2,🟠 RAPID DECLINE,High,1,1
7024,1017.5999999999999,818.35,619.11,220.62,796.98,19.6,🟡 DECLINING,Medium,7,8
7025,1140.6,696.56,252.53,0.0,1140.6,38.9,🟠 RAPID DECLINE,High,3,4
7026,530.4000000000001,383.05,235.71,0.0,530.4,27.8,🟡 DECLINING,Medium,5,6
7027,880.1999999999999,737.96,595.72,311.24,568.96,16.2,🟡 DECLINING,Medium,9,10
7028,769.1999999999999,762.58,755.97,742.74,26.46,0.9,🟢 STABLE,Low,11,12
7029,532.8,135.06,0.0,0.0,532.8,74.7,🔴 CRITICAL DECAY,Critical,1,1
7030,240.60000000000002,98.62,0.0,0.0,240.6,59.0,🟠 RAPID DECLINE,High,1,2
7031,720.0,682.63,645.26,570.53,149.47,5.2,🟢 STABLE,Low,11,12
7032,909.0,38.54,0.0,0.0,909.0,95.8,🔴 CRITICAL DECAY,Critical,1,1
7033,834.0,584.47,334.93,0.0,834.0,29.9,🟡 DECLINING,Medium,5,6
7034,1235.4,1077.89,920.37,605.35,630.05,12.7,🟢 STABLE,Low,11,12
7035,944.4000000000001,560.6,176.79,0.0,944.4,40.6,🟠 RAPID DECLINE,High,1,2
7036,727.8,653.78,579.77,431.73,296.07,10.2,🟢 STABLE,Low,11,12
7037,253.79999999999998,253.19,252.58,251.36,2.44,0.2,🟢 STABLE,Low,11,12
7038,1017.5999999999999,964.99,912.38,807.16,210.44,5.2,🟢 STABLE,Low,11,12
7039,1238.4,1206.94,1175.49,1112.58,125.82,2.5,🟢 STABLE,Low,11,12
7040,355.20000000000005,262.56,169.93,0.0,355.2,26.1,🟡 DECLINING,Medium,5,6
7041,892.8000000000001,134.99,0.0,0.0,892.8,84.9,🔴 CRITICAL DECAY,Critical,1,1
7042,1267.8000000000002,1070.02,872.25,476.69,791.11,15.6,🟡 DECLINING,Medium,9,10
